PlaylistId,PlaylistName,TrackName,Composer,track_revenue
5,90’s Music,"""Aria Mit 30 Veränderungen, BWV 988 """"Goldberg Variations"""": Aria""",Johann Sebastian Bach,0.0
5,90’s Music,"""Die Zauberflöte, K.620: """"Der Hölle Rache Kocht in Meinem Herze""""""",Wolfgang Amadeus Mozart,0.0
5,90’s Music,"""Nabucco: Chorus, """"Va",2,0.0
5,90’s Music,"""Nimrod (Adagio) from Variations On an Original Theme, Op. 36 """"Enigma""""""",Edward Elgar,0.0
5,90’s Music,"""Piano Sonata No. 14 in C Sharp Minor, Op. 27, No. 2, """"Moonlight"""": I. Adagio sostenuto""",Ludwig van Beethoven,0.99
5,90’s Music,"""Symphony No. 3 Op. 36 for Orchestra and Soprano """"Symfonia Piesni Zalosnych"""" \ Lento E Largo - Tranquillissimo""",Henryk Górecki,0.99
5,90’s Music,"""Symphony No. 3 in E-flat major, Op. 55, """"Eroica"""" - Scherzo: Allegro Vivace""",Ludwig van Beethoven,0.0
5,90’s Music,"""Symphony No. 41 in C Major, K. 551, """"Jupiter"""": IV. Molto allegro""",Wolfgang Amadeus Mozart,0.99
5,90’s Music,"""Texto """"Verdade Tropical""""""",Caetano Veloso,0.99
5,90’s Music,(Da Le) Yaleo,Santana,0.0
5,90’s Music,(I Can't Help) Falling In Love With You,,0.0
5,90’s Music,(White Man) In Hammersmith Palais,Joe Strummer/Mick Jones,0.99
5,90’s Music,100% HardCore,,0.0
5,90’s Music,14 Years,Izzy Stradlin'/W. Axl Rose,0.99
5,90’s Music,16 Toneladas,,0.0
5,90’s Music,1979,Billy Corgan,0.0
5,90’s Music,1º De Julho,Renato Russo,0.0
5,90’s Music,2 A.M.,Blaze Bayley/Janick Gers/Steve Harris,0.99
5,90’s Music,2 Minutes To Midnight,Adrian Smith/Bruce Dickinson,0.99
5,90’s Music,2 Minutes To Midnight,Adrian Smith/Bruce Dickinson,0.0
5,90’s Music,2 X 4,"James Hetfield, Lars Ulrich, Kirk Hammett",0.99
5,90’s Music,"2,000 Man","Mick Jagger, Keith Richard",0.0
5,90’s Music,20 Flight Rock,Ned Fairchild,0.0
5,90’s Music,2112 Overture,Geddy Lee And Alex Lifeson/Geddy Lee And Neil Peart/Rush,0.0
5,90’s Music,32 Dentes,Titãs,0.99
5,90’s Music,A Carta,"Djavan - Gabriel, O Pensador",0.0
5,90’s Music,A Castle Full Of Rascals,"Ian Gillan, Roger Glover, Jon Lord, Steve Morse, Ian Paice",0.0
5,90’s Music,A Cor Do Sol,Bernardo Vilhena/Da Gama/Lazao,0.0
5,90’s Music,A Different Kind Of Blue,"Brian Eno, Bono, Adam Clayton, The Edge & Larry Mullen Jnr.",0.0
5,90’s Music,A Estrada,Da Gama/Lazao/Toni Garrido,0.0
5,90’s Music,A Luz De Tieta,Caetano Veloso,0.0
5,90’s Music,A Melhor Forma,Titãs,1.98
5,90’s Music,"A Midsummer Night's Dream, Op.61 Incidental Music: No.7 Notturno",,0.99
5,90’s Music,A New Flame,Mick Hucknall,0.0
5,90’s Music,A Novidade,Gilberto Gil,0.0
5,90’s Music,A Novidade (Live),,1.98
5,90’s Music,A Paz,Gilberto Gil,0.99
5,90’s Music,A Room At The Heartbreak Hotel,U2,0.0
5,90’s Music,A Rua,,0.0
5,90’s Music,A Small Victory,,0.99
5,90’s Music,A Sombra Da Maldade,Da Gama/Toni Garrido,0.0
5,90’s Music,A Statistic,,0.99
5,90’s Music,A Sua,Rodolfo,0.99
5,90’s Music,A Tarde,,0.0
5,90’s Music,A Touch Away,"Ian Gillan, Roger Glover, Jon Lord, Steve Morse, Ian Paice",0.99
5,90’s Music,A Twist In The Tail,roger glover,0.99
5,90’s Music,A Via Láctea,Renato Russo,0.0
5,90’s Music,A World Without Heroes,"Paul Stanley, Gene Simmons, Bob Ezrin, Lewis Reed",0.0
5,90’s Music,Absolute Zero,"Mike Bordin, Billy Gould, Mike Patton",0.0
5,90’s Music,Acelerou,Djavan,0.99
5,90’s Music,Acelerou,,0.99
5,90’s Music,Acrobat,U2,0.99
5,90’s Music,Action,,0.99
5,90’s Music,Adoled (Ocean),,0.0
5,90’s Music,Afraid,Nikki Sixx,0.0
5,90’s Music,Afraid To Shoot Strangers,Steve Harris,0.99
5,90’s Music,Afraid To Shoot Strangers,Steve Harris,0.0
5,90’s Music,Afraid To Shoot Strangers,,0.99
5,90’s Music,Africa Bamba,"I. Toure, S. Tidiane Toure, Carlos Santana & K. Perazzo",0.0
5,90’s Music,After Midnight,Clapton/J. J. Cale,0.99
5,90’s Music,Aftermath,The Tea Party,0.0
5,90’s Music,Agora Que O Dia Acordou,,0.99
5,90’s Music,Ain't My Bitch,"James Hetfield, Lars Ulrich",0.99
5,90’s Music,Ainda É Cedo,Dado Villa-Lobos/Ico Ouro-Preto/Marcelo Bonfá,0.0
5,90’s Music,Alarum,The Tea Party,0.0
5,90’s Music,Alberta,Traditional,0.99
5,90’s Music,"Alegria, Alegria",,0.0
5,90’s Music,Alive,Stone Gossard,0.99
5,90’s Music,All I Really Want,Alanis Morissette & Glenn Ballard,0.99
5,90’s Music,All I Want Is You,U2 & Van Dyke Parks,0.99
5,90’s Music,All My Love,E. Schrody/L. Dimant,0.0
5,90’s Music,All Night Thing,,0.99
5,90’s Music,Aloha,Renato Russo,0.99
5,90’s Music,Always Be All Right,,0.0
5,90’s Music,Always Forever Now,"Brian Eno, Bono, Adam Clayton, The Edge & Larry Mullen Jnr.",0.0
5,90’s Music,"Always With Me, Always With You",,0.99
5,90’s Music,Am I Evil?,Harris/Tatler,0.99
5,90’s Music,Amanhã Não Se Sabe,Sérgio Britto,0.99
5,90’s Music,Amar É Tudo,Djavan,0.0
5,90’s Music,Amazing,"Steven Tyler, Richie Supa",0.99
5,90’s Music,Amor De Muito,Chico Science,1.98
5,90’s Music,Aneurysm,Nirvana,0.0
5,90’s Music,Angel,Carolyn Franklin and Sonny Saunders,0.0
5,90’s Music,Angel,"Steven Tyler, Desmond Child",0.99
5,90’s Music,Angel Of Harlem,U2,0.99
5,90’s Music,Animal,,0.99
5,90’s Music,Animal,Dave Abbruzzese/Eddie Vedder/Jeff Ament/Mike McCready/Stone Gossard,0.99
5,90’s Music,Antene Se,,0.0
5,90’s Music,Antes Das Seis,Dado Villa-Lobos,0.0
5,90’s Music,Anthem,Geddy Lee And Alex Lifeson/Geddy Lee And Neil Peart/Rush,0.99
5,90’s Music,Anya,jon lord/roger glover,0.0
5,90’s Music,Apache Rose Peacock,Anthony Kiedis/Chad Smith/Flea/John Frusciante,0.0
5,90’s Music,Aquele Abraço,Gilberto Gil,0.99
5,90’s Music,Armageddon It,,0.0
5,90’s Music,Army Ants,The Tea Party,0.99
5,90’s Music,Around The World,Anthony Kiedis/Chad Smith/Flea/John Frusciante,0.99
5,90’s Music,As Dores do Mundo,Hyldon,0.99
5,90’s Music,As The Years Go by,Albert King,0.0
5,90’s Music,As We Sleep,,0.99
5,90’s Music,Asas,,0.0
5,90’s Music,Ashes To Ashes,Bill Gould/Jon Hudson/Mike Bordin/Mike Patton/Roddy Bottum,0.99
5,90’s Music,Astronomy,A.Bouchard/J.Bouchard/S.Pearlman,0.99
5,90’s Music,Atrás Da Verd-E-Rosa Só Não Vai Quem Já Morreu,David Corrêa - Paulinho Carvalho - Carlos Sena - Bira do Ponto,0.99
5,90’s Music,Attitude,"Hetfield, Ulrich",0.99
5,90’s Music,Ava Adore,Billy Corgan,0.99
5,90’s Music,Ave Maria,Franz Schubert,0.0
5,90’s Music,Azul,Djavan,1.98
5,90’s Music,Açai,Djavan,1.98
5,90’s Music,Baby Break It Down,Jagger/Richards,0.0
5,90’s Music,Babyface,U2; Bono,0.99
5,90’s Music,Babylon,The Tea Party,1.98
5,90’s Music,Babylon,The Tea Party,0.0
5,90’s Music,Back off Bitch,,0.99
5,90’s Music,Bad,U2,0.99
5,90’s Music,Bad Apples,,0.0
5,90’s Music,Bad Attitude,"Richie Blackmore, Ian Gillian, Roger Glover, Jon Lord",0.0
5,90’s Music,Bad Boy,Larry Williams,0.0
5,90’s Music,Bad Obsession,,0.99
5,90’s Music,Bad Seed,"Hetfield, Ulrich, Hammett",0.99
5,90’s Music,Badge,Clapton/Harrison,0.99
5,90’s Music,Baixo Rio,,0.0
5,90’s Music,Baião Ambiental [Instrumental],Chico Science,0.0
5,90’s Music,Balada Da Paula,Emerson Villani,0.0
5,90’s Music,Ballot or the Bullet,Van Halen,0.0
5,90’s Music,Banditismo Por Uma Questa,,0.99
5,90’s Music,Banditismo Por Uma Questa,,0.99
5,90’s Music,Bankrobber,Joe Strummer/Mick Jones,0.99
5,90’s Music,Basket Case,Billie Joe Armstrong -Words Green Day -Music,1.98
5,90’s Music,Bass Trap,U2,0.99
5,90’s Music,Bastille Day,Geddy Lee And Alex Lifeson/Geddy Lee And Neil Peart/Rush,0.0
5,90’s Music,Be Aggressive,,0.99
5,90’s Music,Be Mine,Bill Berry-Peter Buck-Mike Mills-Michael Stipe,0.99
5,90’s Music,Be Quick Or Be Dead,,0.0
5,90’s Music,Be Quick Or Be Dead,Bruce Dickinson/Janick Gers,0.0
5,90’s Music,Be Quick Or Be Dead,Bruce Dickinson/Janick Gers,0.0
5,90’s Music,Beach Sequence,"Brian Eno, Bono, Adam Clayton, The Edge & Larry Mullen Jnr.",0.99
5,90’s Music,Been A Son,Kurt Cobain,0.99
5,90’s Music,Before You Accuse Me,Eugene McDaniel,0.99
5,90’s Music,Beira Mar,Gilberto Gil,1.98
5,90’s Music,Believe,James Iha,0.0
5,90’s Music,Believe,,0.99
5,90’s Music,Bell Bottom Blues,Clapton,0.99
5,90’s Music,Belong,Bill Berry/Michael Stipe/Mike Mills/Peter Buck,0.0
5,90’s Music,Bem Devagar,Gilberto Gil,1.98
5,90’s Music,Best Thing,,0.99
5,90’s Music,Beth,"S. Penridge, Bob Ezrin, Peter Criss",0.99
5,90’s Music,Beth,"Peter Criss, Stan Penridge, Bob Ezrin",0.0
5,90’s Music,Better Man,Eddie Vedder,0.0
5,90’s Music,Better Than You,"Hetfield, Ulrich",1.98
5,90’s Music,Bichos Escrotos (Vinheta),Titãs,0.0
5,90’s Music,Binky The Doormat,Bill Berry-Peter Buck-Mike Mills-Michael Stipe,1.98
5,90’s Music,Biruta,,0.0
5,90’s Music,Bitter Pill,Mick Mars/Nikki Sixx/Tommy Lee/Vince Neil,0.0
5,90’s Music,Bittersweet Me,Bill Berry-Peter Buck-Mike Mills-Michael Stipe,0.99
5,90’s Music,Black,Stone Gossard & Eddie Vedder,0.99
5,90’s Music,Black,Dave Krusen/Stone Gossard,0.0
5,90’s Music,Black Capricorn Day,Jay Kay,0.99
5,90’s Music,Black Diamond,Paul Stanley,0.99
5,90’s Music,Black Dog,John Paul Jones/Robert Plant,0.99
5,90’s Music,Black Hole Sun,Soundgarden,0.99
5,90’s Music,Black Light Syndrome,"Terry Bozzio, Steve Stevens, Tony Levin",0.99
5,90’s Music,Black Night,"Richie Blackmore, Ian Gillian, Roger Glover, Jon Lord, Ian Paice",0.99
5,90’s Music,Black Sabbath,,0.0
5,90’s Music,Bleed The Freak,Jerry Cantrell,0.99
5,90’s Music,Bleed Together,Chris Cornell,0.99
5,90’s Music,Bleeding Me,"James Hetfield, Lars Ulrich, Kirk Hammett",0.99
5,90’s Music,Blew,Kurt Cobain,0.0
5,90’s Music,Blind Man,"Steven Tyler, Joe Perry, Taylor Rhodes",0.99
5,90’s Music,Blinded By Rainbows,Jagger/Richards,0.0
5,90’s Music,Blitzkrieg,Jones/Sirotto/Smith,0.99
5,90’s Music,Blood,Dave Abbruzzese/Eddie Vedder/Jeff Ament/Mike McCready/Stone Gossard,0.0
5,90’s Music,Blood On The World's Hands,Steve Harris,0.99
5,90’s Music,Blood Sugar Sex Magik,Anthony Kiedis/Chad Smith/Flea/John Frusciante,0.0
5,90’s Music,Blow Up The Outside World,Chris Cornell,0.0
5,90’s Music,Blow Your Mind,"Smith, Toby",0.99
5,90’s Music,Blue Train,"Jimmy Page, Robert Plant, Charlie Jones, Michael Lee",0.99
5,90’s Music,Boa Noite,,0.0
5,90’s Music,Bodies,Rodolfo,0.0
5,90’s Music,Body Count,,0.99
5,90’s Music,Body Count Anthem,,0.99
5,90’s Music,Body Count's In The House,,0.99
5,90’s Music,Book Of Thel,Eddie Casillas/Roy Z,0.99
5,90’s Music,Book of Hours,"Terry Bozzio, Steve Stevens, Tony Levin",0.0
5,90’s Music,Bora-Bora,Herbert Vianna,0.99
5,90’s Music,Bossa,,0.99
5,90’s Music,Bowels Of The Devil,,1.98
5,90’s Music,Brain Stew,Billie Joe Armstrong -Words Green Day -Music,0.99
5,90’s Music,Brand New Car,Jagger/Richards,0.0
5,90’s Music,Brasília 5:31,Herbert Vianna,0.99
5,90’s Music,Breadfan,Bourge/Phillips/Shelley,0.99
5,90’s Music,Breakdown,W. Axl Rose,1.98
5,90’s Music,Breakfast In Bed,"Blackmore, Glover, Turner",0.0
5,90’s Music,Breakfast In Bed,,0.0
5,90’s Music,Breaking The Girl,Anthony Kiedis/Chad Smith/Flea/John Frusciante,0.0
5,90’s Music,Breed,Kurt Cobain,0.0
5,90’s Music,Breed,Kurt Cobain,0.99
5,90’s Music,Bring Me Your Cup,,0.99
5,90’s Music,Bring Your Daughter... ...To The Slaughter,Bruce Dickinson,0.99
5,90’s Music,Bring Your Daughter... To The Slaughter,Bruce Dickinson,0.99
5,90’s Music,Bring Your Daughter... To The Slaughter...,,0.0
5,90’s Music,Bringin' On The Heartbreak,,0.0
5,90’s Music,Bullet With Butterfly Wings,Billy Corgan,1.98
5,90’s Music,Burden In My Hand,Chris Cornell,0.99
5,90’s Music,Burning Up,"Jimmy Page, Robert Plant, Charlie Jones, Michael Lee",0.0
5,90’s Music,Butterfly,Jay Kay/Toby Smith,0.0
5,90’s Music,By-Tor And The Snow Dog,Geddy Lee And Alex Lifeson/Geddy Lee And Neil Peart/Rush,0.0
5,90’s Music,Bê-a-Bá,Rodolfo,0.99
5,90’s Music,C'Mon Everybody,Eddie Cochran/Jerry Capehart,0.99
5,90’s Music,C'est La Vie,,1.98
5,90’s Music,Cabeça Dinossauro,Titãs,1.98
5,90’s Music,Caffeine,,1.98
5,90’s Music,Cajueiro,Rodolfo,0.0
5,90’s Music,Caleidoscópio,Herbert Vianna,0.99
5,90’s Music,Californication,Red Hot Chili Peppers,0.99
5,90’s Music,Call Me At Cleo´s,,0.0
5,90’s Music,Call Me a Dog,,0.99
5,90’s Music,Call Of The Wild,"Richie Blackmore, Ian Gillian, Roger Glover, Jon Lord",0.0
5,90’s Music,Calling Dr. Love,Gene Simmons,1.98
5,90’s Music,Camarão que Dorme e Onda Leva,"Acyi Marques/Arlindo Bruz/Braço, Beto Sem/Zeca Pagodinho",0.99
5,90’s Music,Can I Play With Madness,,0.0
5,90’s Music,Can I Play With Madness,Adrian Smith/Bruce Dickinson/Steve Harris,1.98
5,90’s Music,Can't Get This Stuff No More,"Edward Van Halen, Alex Van Halen, Michael Anthony,/Edward Van Halen, Alex Van Halen, Michael Anthony, David Lee Roth",0.0
5,90’s Music,Can't Stand Losing You,G M Sumner,0.99
5,90’s Music,Can't Stop Loving You,Van Halen,0.99
5,90’s Music,Canned Heat,Jay Kay,0.0
5,90’s Music,Caralho Voador,"Mike Bordin, Billy Gould, Mike Patton, Trey Spruance",0.0
5,90’s Music,Caras Como Eu,Toni Bellotto,0.99
5,90’s Music,Carmen: Overture,Georges Bizet,0.0
5,90’s Music,Carmina Burana: O Fortuna,Carl Orff,0.0
5,90’s Music,Carol,Chuck Berry,0.99
5,90’s Music,Carolina,Chico Buarque,0.99
5,90’s Music,Carpe Diem Baby,"Hetfield, Ulrich, Hammett",0.0
5,90’s Music,Cascades : I'm Not Your Lover,"Ian Gillan, Roger Glover, Jon Lord, Steve Morse, Ian Paice",0.99
5,90’s Music,Cavalleria Rusticana \ Act \ Intermezzo Sinfonico,Pietro Mascagni,0.0
5,90’s Music,Chains Of Misery,Bruce Dickinson/David Murray,0.99
5,90’s Music,Chaos-Control,"Terry Bozzio, Steve Stevens, Tony Levin",0.99
5,90’s Music,Chemical Wedding,Roy Z,1.98
5,90’s Music,Cherub Rock,Billy Corgan,1.98
5,90’s Music,Chico Não Vai na Corimba,Dudu Nobre/Zeca Pagodinho,0.0
5,90’s Music,Child In Time (Son Of Aleric - Instrumental),"Richie Blackmore, Ian Gillian, Roger Glover, Jon Lord, Ian Paice",0.0
5,90’s Music,Childhood's End,Steve Harris,0.0
5,90’s Music,Cidade,,0.0
5,90’s Music,Cigano,,0.99
5,90’s Music,Circles,,0.0
5,90’s Music,Civil War,Duff McKagan/Slash/W. Axl Rose,0.99
5,90’s Music,Clash City Rockers,Joe Strummer/Mick Jones,0.99
5,90’s Music,Closer To The Heart,Geddy Lee And Alex Lifeson/Geddy Lee And Neil Peart/Rush,0.99
5,90’s Music,Cocaine,Cale/Clapton,0.0
5,90’s Music,Cold Gin,Ace Frehley,0.99
5,90’s Music,Cold Sweat,Alfred Ellis/James Brown,0.0
5,90’s Music,Colibri,Richard Bull,0.99
5,90’s Music,Collision,Jon Hudson/Mike Patton,0.0
5,90’s Music,Com A Perna No Mundo,Gonzaga Jr.,0.0
5,90’s Music,Coma,,0.99
5,90’s Music,Come And Get Some Of This,E. Schrody/L. Muggerud/R. Medrano,0.0
5,90’s Music,Come As You Are,Kurt Cobain,0.0
5,90’s Music,Começaria Tudo Outra Vez,,0.99
5,90’s Music,Comida,Titãs,1.98
5,90’s Music,Comin' Home,"Paul Stanley, Ace Frehley",0.99
5,90’s Music,Commercial 1,L. Muggerud,0.0
5,90’s Music,Commercial 2,L. Muggerud,0.99
5,90’s Music,Communication Breakdown,Jimmy Page/John Bonham/John Paul Jones,0.99
5,90’s Music,Communication Breakdown(2),Jimmy Page/John Bonham/John Paul Jones,0.99
5,90’s Music,Communication Breakdown(3),Jimmy Page/John Bonham/John Paul Jones,0.0
5,90’s Music,Como Estais Amigos,Blaze Bayley/Janick Gers,0.99
5,90’s Music,Complete Control,Joe Strummer/Mick Jones,0.0
5,90’s Music,Comportamento Geral,Gonzaga Jr,1.98
5,90’s Music,Computadores Fazem Arte,,0.99
5,90’s Music,"Concerto for Piano No. 2 in F Minor, Op. 21: II. Larghetto",Frédéric Chopin,0.99
5,90’s Music,"Concerto for Violin, Strings and Continuo in G Major, Op. 3, No. 9: I. Allegro",Pietro Antonio Locatelli,0.0
5,90’s Music,Confidência,,0.0
5,90’s Music,Confusion,"Jerry Cantrell, Michael Starr, Layne Staley",0.99
5,90’s Music,Copacabana (Live),,0.99
5,90’s Music,Corazon Espinado,F. Olivera,0.0
5,90’s Music,Coração Em Desalinho,Mauro Diniz/Ratino Sigem,0.99
5,90’s Music,Corduroy,Pearl Jam & Eddie Vedder,0.99
5,90’s Music,Corinna,Jesse Ed Davis III/Taj Mahal,0.99
5,90’s Music,Corpo De Lama,Chico Science,0.0
5,90’s Music,Corpse (These Chains Are Way Too Long),"Brian Eno, Bono, Adam Clayton, The Edge & Larry Mullen Jnr.",0.0
5,90’s Music,Country Feedback,Bill Berry/Michael Stipe/Mike Mills/Peter Buck,1.98
5,90’s Music,Crack Hitler,,0.0
5,90’s Music,Crackerman,Kretz/R. DeLeo/Weiland,0.99
5,90’s Music,Crash Course In Brain Surgery,Bourge/Phillips/Shelley,0.99
5,90’s Music,Crazy,"Steven Tyler, Joe Perry, Desmond Child",0.0
5,90’s Music,Creep,R. DeLeo/Weiland,0.99
5,90’s Music,Creeping Death,Apocalyptica,0.0
5,90’s Music,Criança De Domingo,Chico Science,0.99
5,90’s Music,Crossroads,Clapton/Robert Johnson Arr: Eric Clapton,0.99
5,90’s Music,Crushing Day,,0.0
5,90’s Music,Cryin',"Steven Tyler, Joe Perry, Taylor Rhodes",0.0
5,90’s Music,Crying In The Rain,Coverdale,0.0
5,90’s Music,Cuckoo For Caca,"Mike Bordin, Billy Gould, Mike Patton, Trey Spruance",0.99
5,90’s Music,Cure,"James Hetfield, Lars Ulrich",0.99
5,90’s Music,Cérebro Eletrônico (Live),,0.0
5,90’s Music,D Note,,0.0
5,90’s Music,Da Lama Ao Caos,,0.99
5,90’s Music,Daddy's Gonna Pay For Your Crashed Car,U2; Bono,0.0
5,90’s Music,Damage Case,Clarke/Farren/Kilmister/Tayler,0.99
5,90’s Music,Dance Enquanto é Tempo,,0.99
5,90’s Music,Dancing Barefoot,Ivan Kral/Patti Smith,0.99
5,90’s Music,"Danny Boy, Danny Boy",E. Schrody/L. Muggerud,0.99
5,90’s Music,Dark Corners,"Terry Bozzio, Steve Stevens, Tony Levin",0.99
5,90’s Music,Dark Side Of The Cog,Jean Paul Maunick,0.0
5,90’s Music,"Das Lied Von Der Erde, Von Der Jugend",Gustav Mahler,0.0
5,90’s Music,Daughter,Dave Abbruzzese/Eddie Vedder/Jeff Ament/Mike McCready/Stone Gossard,0.0
5,90’s Music,Daughter,Dave Abbruzzese & Jeff Ament & Stone Gossard & Mike McCready & Eddie Vedder,0.0
5,90’s Music,Dazed And Confused,Jimmy Page/Led Zeppelin,0.99
5,90’s Music,Dazed and Confused,Jimmy Page,0.99
5,90’s Music,"De Do Do Do, De Da Da Da",G M Sumner,0.99
5,90’s Music,De La Luz,,0.99
5,90’s Music,De Ouro E Marfim (Live),,0.99
5,90’s Music,Dead And Bloated,R. DeLeo/Weiland,0.99
5,90’s Music,Dead Horse,,0.99
5,90’s Music,Deep,Jeff Ament/Stone Gossard,0.0
5,90’s Music,Deep Waters,Richard Bull,0.99
5,90’s Music,Deeper Underground,Toby Smith,0.99
5,90’s Music,Departure,Bill Berry-Peter Buck-Mike Mills-Michael Stipe,0.99
5,90’s Music,Desire,U2,0.99
5,90’s Music,Desordem,Charles Gavin/Marcelo Fromer/Sérgio Britto,0.0
5,90’s Music,Destitute Illusions,Derrick McKenzie/Jay Kay/Toby Smith,0.99
5,90’s Music,Detroit Rock City,"Paul Stanley, B. Ezrin",0.0
5,90’s Music,Deuce,Gene Simmons,0.99
5,90’s Music,Deuces Are Wild,"Steven Tyler, Jim Vallance",1.98
5,90’s Music,Devil's Dance,"Hetfield, Ulrich",0.0
5,90’s Music,Dezesseis,Renato Russo,0.99
5,90’s Music,Dezesseis,Dado Villa-Lobos/Marcelo Bonfá,0.99
5,90’s Music,Didgin' Out,"Buchanan, Wallis",0.0
5,90’s Music,Die Die My Darling,Danzig,0.99
5,90’s Music,Die Walküre: The Ride of the Valkyries,Richard Wagner,0.99
5,90’s Music,"Diga Lá, Coração",,0.99
5,90’s Music,Digging The Grave,"Mike Bordin, Billy Gould, Mike Patton",0.0
5,90’s Music,Din Din Wo (Little Child),Habib Koité,0.99
5,90’s Music,Dirty Day,"U2; Bono & Edge, The",1.98
5,90’s Music,Dirty Water Dog,Van Halen,0.99
5,90’s Music,Disarm,Billy Corgan,0.99
5,90’s Music,Discotheque,"Bono, The Edge, Adam Clayton, and Larry Mullen",0.99
5,90’s Music,Dissident,Dave Abbruzzese/Eddie Vedder/Jeff Ament/Mike McCready/Stone Gossard,0.99
5,90’s Music,Diversão,Titãs,0.0
5,90’s Music,Divirta-Se (Saindo Da Sua),,0.99
5,90’s Music,Do The Evolution,Eddie Vedder & Stone Gossard,0.0
5,90’s Music,Do You Feel Loved,"Bono, The Edge, Adam Clayton, and Larry Mullen",0.99
5,90’s Music,Do You Have Other Loves?,,0.99
5,90’s Music,Do You Like The Way,L. Hill,0.99
5,90’s Music,Do You Love Me,"Paul Stanley, Bob Ezrin, Kim Fowley",0.99
5,90’s Music,Do You Love Me,"Paul Stanley, B. Ezrin, K. Fowley",0.0
5,90’s Music,Doll,"Dave, Taylor, Nate, Chris",0.0
5,90’s Music,Domingo,Sérgio Britto/Toni Bellotto,0.99
5,90’s Music,Domino,Gene Simmons,0.0
5,90’s Music,Don't Cry,Izzy Stradlin'/W. Axl Rose,0.99
5,90’s Music,Don't Cry (Original),,0.99
5,90’s Music,Don't Damn Me,,0.99
5,90’s Music,Don't Go Away Mad (Just Go Away),Mick Mars/Nikki Sixx,0.0
5,90’s Music,Don't Look To The Eyes Of A Stranger,Steve Harris,1.98
5,90’s Music,Don't Stand So Close to Me '86,G M Sumner,0.0
5,90’s Music,Don't Stand so Close to Me,G M Sumner,0.99
5,90’s Music,Don't Tread On Me,Ulrich,0.0
5,90’s Music,Double Talkin' Jive,,0.99
5,90’s Music,Doutor,Bino/Da Gama/Toni Garrido,0.99
5,90’s Music,Downtown,Cidade Negra,0.0
5,90’s Music,Dr. Feelgood,Mick Mars/Nikki Sixx,0.0
5,90’s Music,Drain You,Kurt Cobain,0.0
5,90’s Music,Drain You,Kurt Cobain,0.0
5,90’s Music,Drown,Billy Corgan,0.99
5,90’s Music,Drão,Gilberto Gil,0.0
5,90’s Music,Drão,Gilberto Gil,0.0
5,90’s Music,Dude (Looks Like A Lady),"Steven Tyler, Joe Perry, Desmond Child",0.0
5,90’s Music,Duende,"Terry Bozzio, Steve Stevens, Tony Levin",0.99
5,90’s Music,Dujji,,0.99
5,90’s Music,Dust N' Bones,,0.99
5,90’s Music,E Vamos À Luta,,0.0
5,90’s Music,E-Bow The Letter,Bill Berry-Peter Buck-Mike Mills-Michael Stipe,0.0
5,90’s Music,Earth Mofo,,0.0
5,90’s Music,Easily,Red Hot Chili Peppers,0.0
5,90’s Music,Easy,,1.98
5,90’s Music,Eat The Rich,"Steven Tyler, Joe Perry, Jim Vallance",0.0
5,90’s Music,Echo,J. Satriani,0.0
5,90’s Music,Eclipse Oculto,Caetano Veloso,0.99
5,90’s Music,Eduardo E Mônica,Renato Russo,0.0
5,90’s Music,El Corazon Manda,E.Weiss,0.0
5,90’s Music,El Farol,Carlos Santana & KC Porter,0.99
5,90’s Music,Elderly Woman Behind The Counter In A Small Town,Dave Abbruzzese/Eddie Vedder/Jeff Ament/Mike McCready/Stone Gossard,0.99
5,90’s Music,Elderly Woman Behind The Counter In A Small Town,Dave Abbruzzese & Jeff Ament & Stone Gossard & Mike McCready & Eddie Vedder,0.0
5,90’s Music,Electrolite,Bill Berry-Peter Buck-Mike Mills-Michael Stipe,0.99
5,90’s Music,Elvis Ate America,"Brian Eno, Bono, Adam Clayton, The Edge & Larry Mullen Jnr.",0.0
5,90’s Music,Emerald,The Tea Party,0.0
5,90’s Music,Emergency On Planet Earth,"Smith, Toby",0.0
5,90’s Music,Emit Remmus,Red Hot Chili Peppers,0.0
5,90’s Music,Encontrar Alguém,Marco Tulio Lara/Rogerio Flausino,0.99
5,90’s Music,Endgame,Bill Berry/Michael Stipe/Mike Mills/Peter Buck,0.99
5,90’s Music,Endless Deep,U2,0.0
5,90’s Music,English Civil War,Mick Jones/Traditional arr. Joe Strummer,0.0
5,90’s Music,Enough Space,Dave Grohl,0.0
5,90’s Music,Enquanto O Mundo Explode,Chico Science,0.0
5,90’s Music,Enslaved,Mick Mars/Nikki Sixx/Tommy Lee,0.0
5,90’s Music,Enter Sandman,"James Hetfield, Lars Ulrich and Kirk Hammett",0.0
5,90’s Music,Enter Sandman,Apocalyptica,0.0
5,90’s Music,Entrando Na Sua (Intro),,0.99
5,90’s Music,Entre E Ouça,,0.99
5,90’s Music,Era Uma Vez,Arnaldo Anutnes/Branco Mello/Marcelo Fromer/Sergio Brotto/Toni Bellotto,0.99
5,90’s Music,Esotérico,Gilberto Gil,0.0
5,90’s Music,Esperando Por Mim,Renato Russo,0.0
5,90’s Music,"Espere Por Mim, Morena",Gonzaguinha,0.0
5,90’s Music,Esporrei Na Manivela,Rodolfo,1.98
5,90’s Music,Esquinas,,1.98
5,90’s Music,Esse Cara,Caetano Veloso,0.99
5,90’s Music,Estranged,W. Axl Rose,0.99
5,90’s Music,Estrela (Live),,0.99
5,90’s Music,Etnia,Chico Science,0.99
5,90’s Music,Eu Apenas Queria Que Voçê Soubesse,,0.99
5,90’s Music,Eu Disse A Ela,Samuel Rosa,0.0
5,90’s Music,Eu E Ela,Nando Reis,0.99
5,90’s Music,Eu Também Quero Beijar,Fausto Nilo/Moraes Moreira/Pepeu Gomes,0.99
5,90’s Music,Eu Te Devoro,,0.0
5,90’s Music,Even Better Than The Real Thing,U2,0.99
5,90’s Music,Even Flow,Stone Gossard & Eddie Vedder,0.0
5,90’s Music,Evenflow,Stone Gossard,0.0
5,90’s Music,Everlasting Love,Buzz Cason/Mac Gayden,1.98
5,90’s Music,Everlong,Dave Grohl,0.99
5,90’s Music,Every Breath You Take,G M Sumner,0.99
5,90’s Music,Every Little Thing She Does is Magic,G M Sumner,0.0
5,90’s Music,Every Time I Look At You,"Paul Stanley, Vincent Cusano",0.99
5,90’s Music,Everything's Ruined,,0.99
5,90’s Music,Evidence,"Mike Bordin, Billy Gould, Mike Patton, Trey Spruance",0.0
5,90’s Music,Evil Dick,,0.99
5,90’s Music,Expresso 2222,Gilberto Gil,0.99
5,90’s Music,Eye,Billy Corgan,0.99
5,90’s Music,F*Ckin' Up,Neil Young,0.99
5,90’s Music,Failling,Jay Kay/Toby Smith,0.0
5,90’s Music,Fairground,Mick Hucknall,0.0
5,90’s Music,Fairies Wear Boots,,0.99
5,90’s Music,Faixa Amarela,Beto Gogo/Jessé Pai/Luiz Carlos/Zeca Pagodinho,0.99
5,90’s Music,Falamansa Song,,1.98
5,90’s Music,Falar A Verdade,Bino/Da Gama/Ras Bernardo,0.99
5,90’s Music,Falling in Circles,"Terry Bozzio, Steve Stevens, Tony Levin",0.0
5,90’s Music,Faltando Um Pedaço,,0.0
5,90’s Music,Família,Titãs,0.99
5,90’s Music,Fantasia On Greensleeves,Ralph Vaughan Williams,0.99
5,90’s Music,Faroeste Caboclo,Renato Russo,0.0
5,90’s Music,Fast As a Shark,"F. Baltes, S. Kaufman, U. Dirkscneider & W. Hoffman",0.99
5,90’s Music,Fates Warning,David Murray/Steve Harris,0.99
5,90’s Music,Fato Consumado,,0.0
5,90’s Music,Fear Is The Key,Bruce Dickinson/Janick Gers,0.99
5,90’s Music,Fear Of The Dark,,0.0
5,90’s Music,Fear Of The Dark,Steve Harris,0.99
5,90’s Music,Fear Of The Dark,Steve Harris,0.0
5,90’s Music,February Stars,"Dave, Taylor, Nate, Chris",0.0
5,90’s Music,Feel It,E. Schrody/R. Medrano,0.99
5,90’s Music,Feira Moderna,Beto Guedes/Fernando Brant/L Borges,0.0
5,90’s Music,Feirinha da Pavuna/Luz do Repente/Bagaço da Laranja,"Arlindo Cruz/Franco/Marquinhos PQD/Negro, Jovelina Pérolo/Zeca Pagodinho",0.99
5,90’s Music,Fell On Black Days,Chris Cornell,0.0
5,90’s Music,Finding My Way,Geddy Lee And Alex Lifeson/Geddy Lee And Neil Peart/Rush,0.99
5,90’s Music,Fire In The Basement,"Blackmore, Glover, Turner, Lord, Paice",0.0
5,90’s Music,Fire In The Head,The Tea Party,0.0
5,90’s Music,Fire in the Hole,Van Halen,0.0
5,90’s Music,Firmamento,Harry Lawes/Winston Foster-Vers,0.99
5,90’s Music,Fixxxer,"Hetfield, Ulrich, Hammett",0.0
5,90’s Music,Flip The Switch,Jagger/Richards,0.0
5,90’s Music,Flor De Lis,Djavan,0.99
5,90’s Music,Flores,Titãs,0.99
5,90’s Music,Fly By Night,Geddy Lee And Alex Lifeson/Geddy Lee And Neil Peart/Rush,0.99
5,90’s Music,Fool For Your Loving,Marsden/Moody,0.0
5,90’s Music,For Your Babies,Mick Hucknall,0.99
5,90’s Music,Fora Da Ordem,,0.99
5,90’s Music,Forgiven,Alanis Morissette & Glenn Ballard,0.99
5,90’s Music,Fortunes Of War,Steve Harris,0.99
5,90’s Music,Fortuneteller,"Blackmore, Glover, Turner, Lord, Paice",0.99
5,90’s Music,Forty Days (Com DJ Hum),,0.0
5,90’s Music,Forty Days Instrumental,,0.99
5,90’s Music,Four Walled World,,0.99
5,90’s Music,Free Speech For The Dumb,Molaney/Morris/Roberts/Wainwright,0.0
5,90’s Music,Freedom Of Speech,,0.0
5,90’s Music,Freewill,Geddy Lee And Alex Lifeson/Geddy Lee And Neil Peart/Rush,0.99
5,90’s Music,Fried Neckbones And Home Fries,W.Correa,0.0
5,90’s Music,From Afar,Van Halen,0.0
5,90’s Music,From Here To Eternity,,0.99
5,90’s Music,From Here To Eternity,Steve Harris,0.0
5,90’s Music,From Here To Eternity,Steve Harris,0.0
5,90’s Music,Fuel,"Hetfield, Ulrich, Hammett",0.99
5,90’s Music,Funk De Bamba (Com Fernanda Abreu),,0.0
5,90’s Music,Funk Hum,,0.99
5,90’s Music,Funky Monks,Anthony Kiedis/Chad Smith/Flea/John Frusciante,0.0
5,90’s Music,Futureal,Blaze Bayley/Steve Harris,0.99
5,90’s Music,Garden,Jeff Ament/Stone Gossard,0.0
5,90’s Music,Garden of Eden,,1.98
5,90’s Music,Garota Nacional,Samuel Rosa,0.99
5,90’s Music,Gates Of Urizen,Roy Z,0.99
5,90’s Music,Geek Stink Breath,Billie Joe Armstrong -Words Green Day -Music,0.99
5,90’s Music,Geração Coca-Cola,Renato Russo,0.0
5,90’s Music,Get In The Ring,Duff McKagan/Slash/W. Axl Rose,0.0
5,90’s Music,Get On The Good Foot,Fred Wesley/James Brown/Joseph Mims,0.0
5,90’s Music,Get On Top,Red Hot Chili Peppers,0.99
5,90’s Music,Get Out,"Mike Bordin, Billy Gould, Mike Patton",0.99
5,90’s Music,Get Up (I Feel Like Being A) Sex Machine,Bobby Byrd/James Brown/Ron Lenhoff,0.99
5,90’s Music,Get Up Offa That Thing,Deanna Brown/Deidra Jenkins/Yamma Brown,0.99
5,90’s Music,Ghandi (Live),,0.0
5,90’s Music,Gimmie Shelters,Jagger/Richards,0.99
5,90’s Music,"Girls, Girls, Girls",Mick Mars/Nikki Sixx/Tommy Lee,0.0
5,90’s Music,Give It Away,Anthony Kiedis/Chad Smith/Flea/John Frusciante,0.0
5,90’s Music,Given To Fly,Eddie Vedder & Mike McCready,0.99
5,90’s Music,Giz,Dado Villa-Lobos/Marcelo Bonfá,0.99
5,90’s Music,Glitter,Bryan Adams/Nikki Sixx/Scott Humphrey,0.0
5,90’s Music,Glorified G,Dave Abbruzzese/Eddie Vedder/Jeff Ament/Mike McCready/Stone Gossard,0.0
5,90’s Music,Go,Dave Abbruzzese/Eddie Vedder/Jeff Ament/Mike McCready/Stone Gossard,0.99
5,90’s Music,Go,Dave Abbruzzese & Jeff Ament & Stone Gossard & Mike McCready & Eddie Vedder,0.0
5,90’s Music,Go Back,Titãs,0.99
5,90’s Music,God Gave Rock 'n' Roll To You,"Paul Stanley, Gene Simmons, Rus Ballard, Bob Ezrin",0.99
5,90’s Music,God Of Thunder,Paul Stanley,0.99
5,90’s Music,Goin' Blind,"Gene Simmons, S. Coronel",0.99
5,90’s Music,Goin' Blind,"Gene Simmons, Stephen Coronel",0.0
5,90’s Music,Going To California,Robert Plant,0.99
5,90’s Music,Gone,"Bono, The Edge, Adam Clayton, and Larry Mullen",0.0
5,90’s Music,Good Golly Miss Molly,Little Richard,0.99
5,90’s Music,Good Riddance (Time Of Your Life),Billie Joe Armstrong -Words Green Day -Music,0.0
5,90’s Music,Got That Feeling,Mike Patton,0.99
5,90’s Music,Grito De Alerta,Gonzaga Jr.,0.99
5,90’s Music,Guess Who's Back,E. Schrody/L. Muggerud,0.99
5,90’s Music,Gypsy,Kevin Robinson,0.0
5,90’s Music,Gyroscope,The Tea Party,1.98
5,90’s Music,"Hail, Hail",Stone Gossard & Eddie Vedder & Jeff Ament & Mike McCready,0.0
5,90’s Music,Half A World Away,Bill Berry/Michael Stipe/Mike Mills/Peter Buck,0.0
5,90’s Music,Half The Man,Toby Smith,0.0
5,90’s Music,Hallelujah Here She Comes,U2,1.98
5,90’s Music,Hallowed Be Thy Name,,1.98
5,90’s Music,Hallowed Be Thy Name,Steve Harris,0.0
5,90’s Music,Hand In My Pocket,Alanis Morissette & Glenn Ballard,0.0
5,90’s Music,Hard Luck Woman,Paul Stanley,0.99
5,90’s Music,Harvester Of Sorrow,Apocalyptica,0.0
5,90’s Music,Have You Ever Needed Someone So Bad,,0.0
5,90’s Music,Head Over Feet,Alanis Morissette & Glenn Ballard,0.0
5,90’s Music,Headlong,Queen,0.99
5,90’s Music,Heart In Your Hand,"Jimmy Page, Robert Plant, Charlie Jones, Michael Lee",0.99
5,90’s Music,Heart Of Soul,,0.0
5,90’s Music,Heart of the Night,,0.0
5,90’s Music,Heart-Shaped Box,Kurt Cobain,0.0
5,90’s Music,Heartbreaker,John Bonham/John Paul Jones/Robert Plant,0.99
5,90’s Music,Heaven Can Wait,Steve Harris,0.99
5,90’s Music,Heaven Can Wait,,0.99
5,90’s Music,Heaven Coming Down,The Tea Party,1.98
5,90’s Music,Heaven Is,,0.0
5,90’s Music,Helpless,Harris/Tatler,0.99
5,90’s Music,Helpless,Bill Gould/Mike Bordin/Mike Patton,0.99
5,90’s Music,Hemp Family,,0.99
5,90’s Music,Here I Am (Come And Take Me),,0.99
5,90’s Music,Here I Go Again,Marsden,0.99
5,90’s Music,Hereditário,Titãs,0.0
5,90’s Music,Hero Of The Day,"James Hetfield, Lars Ulrich, Kirk Hammett",0.0
5,90’s Music,Hey America,Addie William Jones/Nat Jones,1.98
5,90’s Music,Hey Cisco,"Ian Gillan, Roger Glover, Jon Lord, Steve Morse, Ian Paice",0.99
5,90’s Music,Hey Hey,Big Bill Broonzy,0.99
5,90’s Music,"Hey, Johnny Park!","Dave, Taylor, Nate, Chris",0.99
5,90’s Music,Higher Ground,,0.99
5,90’s Music,Hill of the Skull,J. Satriani,0.0
5,90’s Music,Hip Hop Rio,,0.99
5,90’s Music,Hitchin' A Ride,Billie Joe Armstrong -Words Green Day -Music,0.0
5,90’s Music,Hitsville UK,The Clash,0.0
5,90’s Music,Holding Back The Years,Mick Hucknall and Neil Moss,0.0
5,90’s Music,Holier Than Thou,Ulrich,0.99
5,90’s Music,Holy Smoke,Bruce Dickinson/Steve Harris,0.99
5,90’s Music,Home Sick Home,Mike Patton,0.99
5,90’s Music,Home Sweet Home,Nikki Sixx/Tommy Lee/Vince Neil,0.99
5,90’s Music,Homely Girl,,0.99
5,90’s Music,Homem Primata,Titãs,0.99
5,90’s Music,Homem Primata (Vinheta),Titãs,0.99
5,90’s Music,Hooked Up,"Smith, Toby",0.99
5,90’s Music,Hooks In You,Adrian Smith/Bruce Dickinson,0.0
5,90’s Music,Hot Pants Pt.1,Fred Wesley/James Brown,0.0
5,90’s Music,House And The Rising Sun,E. Schrody/J. Vasquez/L. Dimant,0.0
5,90’s Music,House Of Love,"Jimmy Page, Robert Plant, Charlie Jones, Michael Lee",0.0
5,90’s Music,House Of Pain Anthem,E. Schrody/L. Dimant,0.0
5,90’s Music,How Many More Times,Chester Burnett/Jimmy Page/John Bonham/John Paul Jones/Robert Plant,0.0
5,90’s Music,How Many Say I,Van Halen,0.0
5,90’s Music,How The West Was Won And Where It Got Us,Bill Berry-Peter Buck-Mike Mills-Michael Stipe,0.99
5,90’s Music,Humans Being,"Edward Van Halen, Alex Van Halen, Michael Anthony,/Edward Van Halen, Alex Van Halen, Michael Anthony, Sammy Hagar",0.99
5,90’s Music,Hunger Strike,,0.0
5,90’s Music,Hush,South,0.99
5,90’s Music,Hysteria,,0.99
5,90’s Music,Há Quanto Tempo,,0.0
5,90’s Music,Há Tempos,Dado Villa-Lobos/Marcelo Bonfá,0.0
5,90’s Music,I Can't Quit You Baby,Willie Dixon,0.0
5,90’s Music,I Can't Quit You Baby(2),Willie Dixon,0.99
5,90’s Music,I Can't Remember,"Jerry Cantrell, Layne Staley",0.99
5,90’s Music,I Can't Stand It,Clapton,0.0
5,90’s Music,I Could Have Lied,Anthony Kiedis/Chad Smith/Flea/John Frusciante,0.99
5,90’s Music,I Feel Free,Bruce/Clapton,0.0
5,90’s Music,I Feel Good (I Got You) - Sossego,James Brown/Tim Maia,0.99
5,90’s Music,I Fought The Law,Sonny Curtis,0.0
5,90’s Music,I Go Wild,Jagger/Richards,0.0
5,90’s Music,I Got You (I Feel Good),James Brown,0.0
5,90’s Music,I Ka Barra (Your Work),Habib Koité,0.0
5,90’s Music,I Know Somethin (Bout You),Jerry Cantrell,0.99
5,90’s Music,I Like Dirt,Red Hot Chili Peppers,0.99
5,90’s Music,I Shot The Sheriff,Marley,0.0
5,90’s Music,I Still Haven't Found What I'm Looking For,U2,0.99
5,90’s Music,I Still Love You,Paul Stanley,0.99
5,90’s Music,I Was Made For Loving You,"Paul Stanley, Vincent Poncia, Desmond Child",0.99
5,90’s Music,I Will Follow,U2,0.0
5,90’s Music,I Would Do For You,,0.99
5,90’s Music,I'm A Greedy Man Pt.1,Charles Bobbitt/James Brown,0.0
5,90’s Music,I'm Going Slightly Mad,Queen,1.98
5,90’s Music,I'm Real,Full Force/James Brown,0.99
5,90’s Music,Ice 9,,0.0
5,90’s Music,If God Will Send His Angels,"Bono, The Edge, Adam Clayton, and Larry Mullen",0.99
5,90’s Music,"If I Like It, I Do It","Gelder, Nick van",0.0
5,90’s Music,If You Don't Know Me By Now,Kenny Gamble and Leon Huff,0.99
5,90’s Music,If You Have To Ask,Anthony Kiedis/Chad Smith/Flea/John Frusciante,0.99
5,90’s Music,If You Wear That Velvet Dress,"Bono, The Edge, Adam Clayton, and Larry Mullen",0.0
5,90’s Music,Immigrant Song,Robert Plant,0.99
5,90’s Music,In Bloom,Kurt Cobain,0.99
5,90’s Music,Indifference,Dave Abbruzzese/Eddie Vedder/Jeff Ament/Mike McCready/Stone Gossard,0.0
5,90’s Music,Indios,Renato Russo,0.99
5,90’s Music,Infeliz Natal,Rodolfo,0.99
5,90’s Music,Innuendo,Queen,0.99
5,90’s Music,Insensível,Sérgio Britto,0.99
5,90’s Music,Interlude Zumbi,Chico Science,0.99
5,90’s Music,Intoitus: Adorate Deum,Anonymous,0.0
5,90’s Music,Intro,Kurt Cobain,0.99
5,90’s Music,Intro,Jagger/Richards,0.0
5,90’s Music,Introdução (Live),,0.0
5,90’s Music,Invisible Sun,G M Sumner,0.0
5,90’s Music,Iron Maiden,,0.0
5,90’s Music,Iron Maiden,Steve Harris,0.99
5,90’s Music,Iron Man/Children of the Grave,,0.99
5,90’s Music,Ironic,Alanis Morissette & Glenn Ballard,0.0
5,90’s Music,Is This Love,Sykes,0.0
5,90’s Music,Is This Love (Live),,1.98
5,90’s Music,It Ain't Like That,"Jerry Cantrell, Michael Starr, Sean Kinney",0.99
5,90’s Music,It's A Man's Man's Man's World,Betty Newsome/James Brown,0.99
5,90’s Music,It's Electric,Harris/Tatler,0.0
5,90’s Music,It's Only Love,Jimmy and Vella Cameron,0.99
5,90’s Music,It's Too Funky In Here,Brad Shapiro/George Jackson/Robert Miller/Walter Shaw,0.99
5,90’s Music,Ito Okashi,"Brian Eno, Bono, Adam Clayton, The Edge & Larry Mullen Jnr.",0.99
5,90’s Music,J Squared,,1.98
5,90’s Music,J.A.R. (Jason Andrew Relva),Mike Dirnt -Words Green Day -Music,0.0
5,90’s Music,Jacob's Ladder,Julian Crampton,0.99
5,90’s Music,Jaded,Billie Joe Armstrong -Words Green Day -Music,0.99
5,90’s Music,Janie's Got A Gun,"Steven Tyler, Tom Hamilton",0.99
5,90’s Music,Jeremy,Jeff Ament,0.0
5,90’s Music,Jerusalem,Roy Z,0.99
5,90’s Music,Jesus Christ Pose,Ben Shepherd/Chris Cornell/Kim Thayil/Matt Cameron,0.99
5,90’s Music,Jingo,M.Babatunde Olantunji,0.0
5,90’s Music,Jizzlobber,,0.0
5,90’s Music,Jorge Da Capadócia,Jorge Ben,0.99
5,90’s Music,Josephina,Van Halen,0.0
5,90’s Music,Journey Into Sunlight,Jean Paul Maunick,0.0
5,90’s Music,Journey To Arnhemland,Toby Smith/Wallis Buchanan,0.99
5,90’s Music,Judas Be My Guide,Bruce Dickinson/David Murray,0.0
5,90’s Music,Judgement Day,Vandenberg,0.0
5,90’s Music,Judgement Of Heaven,Steve Harris,1.98
5,90’s Music,Jump Around,E. Schrody/L. Muggerud,0.0
5,90’s Music,Jump Around (Pete Rock Remix),E. Schrody/L. Muggerud,0.0
5,90’s Music,"Jupiter, the Bringer of Jollity",Gustav Holst,0.99
5,90’s Music,Just A Man,"Mike Bordin, Billy Gould, Mike Patton",0.0
5,90’s Music,Just Another Story,Toby Smith,0.0
5,90’s Music,Já!!!,,0.0
5,90’s Music,KKK Bitch,,0.99
5,90’s Music,"Karelia Suite, Op.11: 2. Ballade (Tempo Di Menuetto)",Jean Sibelius,0.99
5,90’s Music,Kickstart My Heart,Nikki Sixx,0.99
5,90’s Music,Killing Floor,Adrian Smith,0.99
5,90’s Music,Killing Time,Sweet Savage,0.0
5,90’s Music,Kindergarten,,0.99
5,90’s Music,King For A Day,"Mike Bordin, Billy Gould, Mike Patton, Trey Spruance",0.99
5,90’s Music,King For A Day,Jay Kay/Toby Smith,0.99
5,90’s Music,King In Crimson,Roy Z,0.99
5,90’s Music,King Nothing,"James Hetfield, Lars Ulrich, Kirk Hammett",0.99
5,90’s Music,King Of Dreams,"Blackmore, Glover, Turner",0.99
5,90’s Music,King Of Pain,G M Sumner,0.99
5,90’s Music,Kingston Town,,0.0
5,90’s Music,Knockin On Heavens Door,Clapton/Dylan,0.99
5,90’s Music,Knockin' On Heaven's Door,Bob Dylan,0.0
5,90’s Music,Knocking At Your Back Door,"Richie Blackmore, Ian Gillian, Roger Glover",0.99
5,90’s Music,Know Your Rights,The Clash,0.99
5,90’s Music,Koyaanisqatsi,Philip Glass,0.0
5,90’s Music,L'Arc En Ciel De Miles,Kevin Robinson/Richard Bull,1.98
5,90’s Music,L'Avventura,Renato Russo,1.98
5,90’s Music,La Puesta Del Sol,E.Weiss,0.99
5,90’s Music,La Villa Strangiato,Geddy Lee And Alex Lifeson/Geddy Lee And Neil Peart/Rush,0.0
5,90’s Music,"Lamentations of Jeremiah, First Set \ Incipit Lamentatio",Thomas Tallis,0.0
5,90’s Music,Land Of Sunshine,,0.0
5,90’s Music,Landslide,Stevie Nicks,0.0
5,90’s Music,Last Caress/Green Hell,Danzig,0.99
5,90’s Music,Last Cup Of Sorrow,Bill Gould/Mike Patton,1.98
5,90’s Music,Last Night On Earth,"Bono, The Edge, Adam Clayton, and Larry Mullen",0.99
5,90’s Music,Lay Down Sally,Clapton/Levy,1.98
5,90’s Music,Layla,Clapton/Gordon,0.99
5,90’s Music,Layla,"Eric Clapton, Jim Gordon",0.99
5,90’s Music,Leash,Dave Abbruzzese/Eddie Vedder/Jeff Ament/Mike McCready/Stone Gossard,0.99
5,90’s Music,Leave,Bill Berry-Peter Buck-Mike Mills-Michael Stipe,0.99
5,90’s Music,Leila,Renato Russo,0.99
5,90’s Music,Lemon,U2; Bono,0.99
5,90’s Music,Let It Grow,Clapton,0.99
5,90’s Music,Let's Get Rocked,,0.0
5,90’s Music,Lick It Up,roger glover,0.99
5,90’s Music,Life During Wartime,Chris Frantz/David Byrne/Jerry Harrison/Tina Weymouth,0.99
5,90’s Music,Life Goes On,E. Schrody/R. Medrano,0.0
5,90’s Music,Life Line,The Tea Party,0.99
5,90’s Music,Light Years,Toby Smith,1.98
5,90’s Music,Lightning Strikes Twice,David Murray/Steve Harris,0.99
5,90’s Music,Lilás,,0.99
5,90’s Music,Lindo Lago Do Amor,Gonzaga Jr.,0.99
5,90’s Music,Linha Do Equador,Caetano Veloso - Djavan,0.99
5,90’s Music,Lithium,Kurt Cobain,0.0
5,90’s Music,Lithium,Kurt Cobain,0.0
5,90’s Music,Live With Me,Jagger/Richards,0.0
5,90’s Music,Live and Let Die,,0.99
5,90’s Music,Livin' On The Edge,"Steven Tyler, Joe Perry, Mark Hudson",0.99
5,90’s Music,Living In America,Charlie Midnight/Dan Hartman,0.99
5,90’s Music,Lixo Do Mangue,,1.98
5,90’s Music,Locomotive,Slash/W. Axl Rose,0.0
5,90’s Music,London Calling,Joe Strummer/Mick Jones,0.0
5,90’s Music,Lonely Stranger,Eric Clapton,1.98
5,90’s Music,Long Tall Sally,"""Enotris Johnson/Little Richard/Robert """"Bumps"""" Blackwell""",0.99
5,90’s Music,Longe Do Meu Lado,Renato Russo - Marcelo Bonfá,0.0
5,90’s Music,Longview,Billie Joe Armstrong -Words Green Day -Music,0.99
5,90’s Music,Look For The Truth,Blaze Bayley/Janick Gers/Steve Harris,0.0
5,90’s Music,Looking For Love,Sykes,0.99
5,90’s Music,Looks That Kill,Nikki Sixx,0.0
5,90’s Music,Loosen My Strings,"Ian Gillan, Roger Glover, Jon Lord, Steve Morse, Ian Paice",0.0
5,90’s Music,Lord Of The Flies,Janick Gers/Steve Harris,0.99
5,90’s Music,Lords of Karma,J. Satriani,0.99
5,90’s Music,Los Pretos,Samuel Rosa,0.0
5,90’s Music,Losing My Religion,Bill Berry/Michael Stipe/Mike Mills/Peter Buck,0.99
5,90’s Music,Lounge Act,Kurt Cobain,0.0
5,90’s Music,Love Ain't No Stranger,Galley,0.0
5,90’s Music,Love Bites,,0.0
5,90’s Music,Love Comes Tumbling,U2,0.0
5,90’s Music,Love Conquers All,"Blackmore, Glover, Turner",0.99
5,90’s Music,Love Gun,Paul Stanley,0.99
5,90’s Music,Love In An Elevator,"Steven Tyler, Joe Perry",0.99
5,90’s Music,Love Is Blindness,U2,0.99
5,90’s Music,Love Is Strong,Jagger/Richards,0.99
5,90’s Music,Love Is The Colour,R. Carless,0.0
5,90’s Music,Love Of My Life,Carlos Santana & Dave Matthews,0.99
5,90’s Music,"Love, Hate, Love","Jerry Cantrell, Layne Staley",0.0
5,90’s Music,Loverman,Cave,0.0
5,90’s Music,Low,Bill Berry/Michael Stipe/Mike Mills/Peter Buck,0.99
5,90’s Music,Low Desert,Bill Berry-Peter Buck-Mike Mills-Michael Stipe,0.0
5,90’s Music,Low Man's Lyric,"Hetfield, Ulrich",0.99
5,90’s Music,Lua de Ogum,Ratinho/Zeca Pagodinho,0.0
5,90’s Music,Lugar Nenhum,Arnaldo Antunes/Charles Gavin/Marcelo Fromer/Sérgio Britto/Toni Bellotto,1.98
5,90’s Music,Luminous Times (Hold On To Love),Brian Eno/U2,0.0
5,90’s Music,MFC,Eddie Vedder,0.99
5,90’s Music,Machine Men,Adrian Smith,0.99
5,90’s Music,Macô,Chico Science,0.0
5,90’s Music,Magnetic Ocean,Patrick Claher/Richard Bull,0.99
5,90’s Music,Make It Funky Pt.1,Charles Bobbitt/James Brown,0.0
5,90’s Music,Make Love Like A Man,,0.0
5,90’s Music,Malpractice,,0.99
5,90’s Music,Malted Milk,Robert Johnson,0.0
5,90’s Music,Mama Said,"James Hetfield, Lars Ulrich",0.99
5,90’s Music,Man In The Box,"Jerry Cantrell, Layne Staley",0.0
5,90’s Music,Man On The Edge,Blaze Bayley/Janick Gers,0.99
5,90’s Music,Manguetown,Chico Science,0.99
5,90’s Music,Manguetown,Chico Science/Dengue/Lúcio Maia,0.99
5,90’s Music,Manifest Destiny,Toby Smith,0.99
5,90’s Music,Manuel,,0.99
5,90’s Music,Maracatu Atômico,Chico Science,0.99
5,90’s Music,Maracatu Atômico [Atomic Version],Chico Science,0.0
5,90’s Music,Maracatu Atômico [Ragga Mix],Chico Science,0.0
5,90’s Music,Maracatu Atômico [Trip Hop],Chico Science,0.99
5,90’s Music,Maracatu De Tiro Certeiro,,0.99
5,90’s Music,Maria Maria,"W. Jean, J. Duplessis, Carlos Santana, K. Perazzo & R. Rekow",0.99
5,90’s Music,Marquis In Spades,Billy Corgan,0.0
5,90’s Music,Marvin,Titãs,0.99
5,90’s Music,Mary Jane,Alanis Morissette & Glenn Ballard,0.0
5,90’s Music,Master Of Puppets,Apocalyptica,0.99
5,90’s Music,Mateus Enter,Chico Science,0.99
5,90’s Music,Me In Honey,Bill Berry/Michael Stipe/Mike Mills/Peter Buck,0.99
5,90’s Music,Me Wise Magic,"Edward Van Halen, Alex Van Halen, Michael Anthony,/Edward Van Halen, Alex Van Halen, Michael Anthony, David Lee Roth",0.0
5,90’s Music,Mean Disposition,Jagger/Richards,0.99
5,90’s Music,Meditação,Tom Jobim - Newton Mendoça,1.98
5,90’s Music,Meia-Lua Inteira,,0.0
5,90’s Music,Mel,Caetano Veloso - Waly Salomão,1.98
5,90’s Music,Mellowship Slinky In B Major,Anthony Kiedis/Chad Smith/Flea/John Frusciante,0.99
5,90’s Music,Memory Motel,Jagger/Richards,0.0
5,90’s Music,Menino Do Rio,,0.99
5,90’s Music,Meninos E Meninas,Dado Villa-Lobos/Marcelo Bonfá,0.99
5,90’s Music,Mercyful Fate,Diamond/Shermann,0.0
5,90’s Music,Merry Christmas,Rodolfo,0.0
5,90’s Music,Message in a Bottle,G M Sumner,0.0
5,90’s Music,Message in a Bottle (new classic rock mix),G M Sumner,0.99
5,90’s Music,Metal Meltdown,,0.99
5,90’s Music,"Metopes, Op. 29: Calypso",Karol Szymanowski,0.99
5,90’s Music,Meu Bem-Querer,,0.0
5,90’s Music,Meu Erro,Herbert Vianna,0.0
5,90’s Music,Meu Guarda-Chuva,,0.99
5,90’s Music,Miami,"Bono, The Edge, Adam Clayton, and Larry Mullen",1.98
5,90’s Music,Midlife Crisis,,1.98
5,90’s Music,Midnight,,0.0
5,90’s Music,Midnight,J. Satriani,0.99
5,90’s Music,Midnight Cowboy,,0.99
5,90’s Music,Migra,"R. Taha, Carlos Santana & T. Lindsay",0.0
5,90’s Music,Mil Pedaços,Renato Russo,0.0
5,90’s Music,Milk It,Kurt Cobain,0.0
5,90’s Music,Millenium,Maxton Gig Beesley Jnr.,0.99
5,90’s Music,Minha Fé,Murilão,0.0
5,90’s Music,"Miserere mei, Deus",Gregorio Allegri,0.0
5,90’s Music,Miss Sarajevo,"Brian Eno, Bono, Adam Clayton, The Edge & Larry Mullen Jnr.",0.99
5,90’s Music,Miséria,"Arnaldo Antunes/Britto, SergioMiklos, Paulo",0.0
5,90’s Music,Mofo,"Bono, The Edge, Adam Clayton, and Larry Mullen",0.99
5,90’s Music,Momma's Gotta Die Tonight,,0.0
5,90’s Music,Money,"Berry Gordy, Jr./Janie Bradford",0.99
5,90’s Music,Money's Too Tight To Mention,John and William Valentine,0.0
5,90’s Music,Monkey Wrench,"Dave, Taylor, Nate, Chris",0.99
5,90’s Music,Moon Is Up,Jagger/Richards,0.99
5,90’s Music,Morning Glory,J. Kay/Jay Kay,0.99
5,90’s Music,Most High,"Jimmy Page, Robert Plant, Charlie Jones, Michael Lee",0.99
5,90’s Music,Mother Russia,Steve Harris,0.0
5,90’s Music,Motéis,,0.0
5,90’s Music,Mouth To Mouth,Bill Gould/Jon Hudson/Mike Bordin/Mike Patton,0.99
5,90’s Music,Mr. Moon,Stuard Zender/Toby Smith,0.0
5,90’s Music,Music Of The Wind,"Smith, Toby",0.0
5,90’s Music,"Music for the Royal Fireworks, HWV351 (1749): La Réjouissance",George Frideric Handel,0.0
5,90’s Music,My Brother,,0.0
5,90’s Music,My Friend Of Misery,"James Hetfield, Lars Ulrich and Jason Newsted",0.99
5,90’s Music,My Hero,"Dave, Taylor, Nate, Chris",0.99
5,90’s Music,My Lovely Man,Anthony Kiedis/Chad Smith/Flea/John Frusciante,0.0
5,90’s Music,My Poor Brain,"Dave, Taylor, Nate, Chris",0.0
5,90’s Music,My World,W. Axl Rose,0.0
5,90’s Music,Mysterious Ways,U2,0.0
5,90’s Music,Mão Na Cabeça,,0.0
5,90’s Music,Música Ambiente,Renato Russo,0.0
5,90’s Music,Música De Trabalho,Renato Russo,0.99
5,90’s Music,N.I.B.,,0.0
5,90’s Music,Na Frente Da TV,Bino/Da Gama/Lazao/Ras Bernardo,0.99
5,90’s Music,Naked In Front Of The Computer,Mike Patton,0.99
5,90’s Music,Naked In The Rain,Anthony Kiedis/Chad Smith/Flea/John Frusciante,0.99
5,90’s Music,Naked Sunday,D. DeLeo/Kretz/R. DeLeo/Weiland,0.0
5,90’s Music,Nasty Piece Of Work,jon lord/roger glover,0.0
5,90’s Music,Natália,Renato Russo,0.0
5,90’s Music,Navegar Impreciso,Herbert Vianna,0.99
5,90’s Music,Near Wild Heaven,Bill Berry/Michael Stipe/Mike Mills/Peter Buck,0.0
5,90’s Music,Nebulosa Do Amor,Herbert Vianna,1.98
5,90’s Music,Nega Do Cabelo Duro,,1.98
5,90’s Music,Negative Creep,Kurt Cobain,0.0
5,90’s Music,Nem 5 Minutos Guardados,Titãs,0.99
5,90’s Music,Nem Um Dia,Djavan,0.99
5,90’s Music,Nervosa,,0.99
5,90’s Music,Never Say Die,,0.99
5,90’s Music,New Faces,Jagger/Richards,0.0
5,90’s Music,New Test Leper,Bill Berry-Peter Buck-Mike Mills-Michael Stipe,0.99
5,90’s Music,New Way Home,"Dave, Taylor, Nate, Chris",0.0
5,90’s Music,New Year's Day,U2,0.99
5,90’s Music,Neworld,Van Halen,0.99
5,90’s Music,Nice Guys Finish Last,Billie Joe Armstrong -Words Green Day -Music,1.98
5,90’s Music,Night Train,Jimmy Forrest/Lewis C. Simpkins/Oscar Washington,0.99
5,90’s Music,No Memory,Dean Deleo,0.99
5,90’s Music,No Prayer For The Dying,Steve Harris,0.99
5,90’s Music,Nobody Knows You When You're Down & Out,Jimmy Cox,0.99
5,90’s Music,Nobody's Home,"Richie Blackmore, Ian Gillian, Roger Glover, Jon Lord, Ian Paice",0.99
5,90’s Music,Not The Doctor,Alanis Morissette & Glenn Ballard,1.98
5,90’s Music,Nothin' To Lose,Gene Simmons,0.99
5,90’s Music,Nothing Else Matters,Ulrich,1.98
5,90’s Music,Nothing To Say,Chris Cornell/Kim Thayil,0.99
5,90’s Music,Nothingman,Jeff Ament & Eddie Vedder,0.99
5,90’s Music,November Rain,,0.0
5,90’s Music,Now Sports,,0.0
5,90’s Music,Now You're Gone,Vandenberg,0.99
5,90’s Music,Numb,"U2; Edge, The",0.99
5,90’s Music,Não Dá Mais Pra Segurar (Explode Coração),,0.99
5,90’s Music,Não Sou Mais Disso,Jorge Aragão/Zeca Pagodinho,0.0
5,90’s Music,Não Vou Lutar,Titãs,0.99
5,90’s Music,Não Vou Me Adaptar,Arnaldo Antunes,0.0
5,90’s Music,O Bicho Tá Pregando,,0.99
5,90’s Music,O Cidadão Do Mundo,Chico Science,0.99
5,90’s Music,O Encontro De Isaac Asimov Com Santos Dumont No Céu,Chico Science,0.0
5,90’s Music,O Erê,Bernardo Vilhena/Bino/Da Gama/Lazao/Toni Garrido,0.0
5,90’s Music,O Estrangeiro,,0.0
5,90’s Music,O Leaozinho,,0.99
5,90’s Music,O Livro Dos Dias,Renato Russo,0.99
5,90’s Music,O Pulso,Titãs,1.98
5,90’s Music,O Que É O Que É ?,,0.0
5,90’s Music,O Trem Da Juventude,Herbert Vianna,0.99
5,90’s Music,Oceano,Djavan,0.99
5,90’s Music,Oceans,Jeff Ament/Stone Gossard,0.99
5,90’s Music,Odara,Caetano Veloso,0.99
5,90’s Music,Of Wolf And Man,"James Hetfield, Lars Ulrich and Kirk Hammett",0.99
5,90’s Music,Off He Goes,Eddie Vedder,0.99
5,90’s Music,Old Love,"Eric Clapton, Robert Cray",0.99
5,90’s Music,Olhos Coloridos (Com Sandra De Sá),,0.0
5,90’s Music,On A Plain,Kurt Cobain,0.99
5,90’s Music,On the Beautiful Blue Danube,Johann Strauss II,0.0
5,90’s Music,Once,Van Halen,0.0
5,90’s Music,Once,Stone Gossard,0.0
5,90’s Music,Onde Você Mora?,Marisa Monte/Nando Reis,0.99
5,90’s Music,One,U2,0.99
5,90’s Music,One For The Road,E. Schrody/L. Dimant/L. Muggerud,0.99
5,90’s Music,One I Want,Van Halen,0.99
5,90’s Music,One Man's Meat,roger glover,0.99
5,90’s Music,One Minute Warning,"Brian Eno, Bono, Adam Clayton, The Edge & Larry Mullen Jnr.",0.0
5,90’s Music,Onibusfobia,,0.99
5,90’s Music,Opachorô (Live),,0.99
5,90’s Music,Oprah,,0.0
5,90’s Music,Os Cegos Do Castelo,Titãs,0.99
5,90’s Music,Os Exilados,Samuel Rosa,0.99
5,90’s Music,Otherside,Red Hot Chili Peppers,0.0
5,90’s Music,Out Of Control,Jagger/Richards,0.0
5,90’s Music,Out Of Sight,Ted Wright,0.99
5,90’s Music,Out Of Tears,Jagger/Richards,0.99
5,90’s Music,Outshined,Chris Cornell,0.99
5,90’s Music,Overkill,Clarke/Kilmister/Tayler,0.0
5,90’s Music,Paga Pau,,0.0
5,90’s Music,Pais E Filhos,Dado Villa-Lobos/Marcelo Bonfá,0.99
5,90’s Music,Palavras,Titãs,0.99
5,90’s Music,Palco,Gilberto Gil,0.99
5,90’s Music,Palco (Live),,0.0
5,90’s Music,Palhas Do Coqueiro,Rodolfo,0.0
5,90’s Music,Papa's Got A Brand New Bag Pt.1,James Brown,0.99
5,90’s Music,Papeau Nuky Doe,Rodolfo,0.99
5,90’s Music,Papel Principal,Almir Guineto/Dedé Paraiso/Luverci Ernesto,0.0
5,90’s Music,Parabolicamará,Gilberto Gil,0.99
5,90’s Music,Parallel Universe,Red Hot Chili Peppers,0.99
5,90’s Music,Paranoid,,0.0
5,90’s Music,"Partita in E Major, BWV 1006A: I. Prelude",Johann Sebastian Bach,0.99
5,90’s Music,Paths Of Glory,Bill Gould/Jon Hudson/Mike Bordin/Mike Patton/Roddy Bottum,0.99
5,90’s Music,Pela Internet (Live),,0.99
5,90’s Music,Pensamento,Bino/Da Gama/Ras Bernardo,0.0
5,90’s Music,Perfect,Alanis Morissette & Glenn Ballard,0.0
5,90’s Music,Perfect,Billy Corgan,0.0
5,90’s Music,Perfect Crime,,1.98
5,90’s Music,Perfect Strangers,"Richie Blackmore, Ian Gillian, Roger Glover",0.0
5,90’s Music,Perfeição,Dado Villa-Lobos/Marcelo Bonfá,0.0
5,90’s Music,Persuasion,Carlos Santana,0.99
5,90’s Music,Photograph,,0.0
5,90’s Music,Piece Of Pie,R. DeLeo/Weiland,1.98
5,90’s Music,Pini Di Roma (Pinien Von Rom) \ I Pini Della Via Appia,,0.99
5,90’s Music,Planet Home,Jay Kay/Toby Smith,0.99
5,90’s Music,Plaster Caster,Gene Simmons,1.98
5,90’s Music,Plaster Caster,Gene Simmons,0.99
5,90’s Music,Playtime,,0.99
5,90’s Music,Please,"Bono, The Edge, Adam Clayton, and Larry Mullen",0.0
5,90’s Music,Please Mr. Postman,Brian Holland/Freddie Gorman/Georgia Dobbins/Robert Bateman/William Garrett,0.0
5,90’s Music,Please Please Please,James Brown/Johnny Terry,0.0
5,90’s Music,Please Read The Letter,"Jimmy Page, Robert Plant, Charlie Jones, Michael Lee",0.0
5,90’s Music,Plot 180,"Brian Eno, Bono, Adam Clayton, The Edge & Larry Mullen Jnr.",1.98
5,90’s Music,Plush,R. DeLeo/Weiland,0.99
5,90’s Music,Poconé,Samuel Rosa,0.0
5,90’s Music,Podres Poderes,,0.99
5,90’s Music,Polly,Kurt Cobain,0.99
5,90’s Music,Polly,Kurt Cobain,0.99
5,90’s Music,Polícia (Vinheta),Titãs,0.99
5,90’s Music,Ponto De Interrogação,,0.99
5,90’s Music,Poor Twisted Me,"James Hetfield, Lars Ulrich",0.99
5,90’s Music,Porcelain,Anthony Kiedis/Chad Smith/Flea/John Frusciante,0.99
5,90’s Music,Porch,Eddie Vedder,0.99
5,90’s Music,Posso Até Me Apaixonar,Dudu Nobre,0.0
5,90’s Music,Poundcake,"Edward Van Halen, Alex Van Halen, Michael Anthony,/Edward Van Halen, Alex Van Halen, Michael Anthony, Sammy Hagar",0.0
5,90’s Music,Pour Some Sugar On Me,,0.99
5,90’s Music,Praiera,,0.0
5,90’s Music,Prenda Minha,Tradicional,0.99
5,90’s Music,Pretty Noose,Chris Cornell,1.98
5,90’s Music,Pretty Tied Up,Izzy Stradlin',0.99
5,90’s Music,Pride (In The Name Of Love),U2,0.0
5,90’s Music,Primal Scream,Mick Mars/Nikki Sixx/Tommy Lee/Vince Neil,0.99
5,90’s Music,Primary,Van Halen,0.99
5,90’s Music,Primavera,KC Porter & JB Eckl,0.99
5,90’s Music,Prince Charming,"Hetfield, Ulrich",0.99
5,90’s Music,Princess of the Dawn,Deaffy & R.A. Smith-Diesel,0.99
5,90’s Music,Pristina,Bill Gould/Mike Patton,0.99
5,90’s Music,Promises,Clapton/F.eldman/Linn,1.98
5,90’s Music,Prowler,Steve Harris,0.99
5,90’s Music,Prá Dizer Adeus,Titãs,0.99
5,90’s Music,Psychopomp,The Tea Party,0.99
5,90’s Music,Psychopomp,The Tea Party,0.0
5,90’s Music,Public Enema Number One,Bruce Dickinson/David Murray,0.0
5,90’s Music,Pulse,The Tea Party,0.0
5,90’s Music,Purple Stain,Red Hot Chili Peppers,0.0
5,90’s Music,Pushin Forward Back,,0.0
5,90’s Music,Put On Your Shit Kickers,E. Schrody/L. Muggerud,0.0
5,90’s Music,Put You Down,Jerry Cantrell,0.0
5,90’s Music,Put Your Head Out,E. Schrody/L. Freese/L. Muggerud,0.99
5,90’s Music,Put Your Lights On,E. Shrody,0.99
5,90’s Music,Puteiro Em João Pessoa,Rodolfo,0.99
5,90’s Music,Pétala,,0.0
5,90’s Music,Qualquer Coisa,,0.0
5,90’s Music,Quando Você Voltar,Renato Russo,0.99
5,90’s Music,Quanta (Live),,0.99
5,90’s Music,Que País É Este,Renato Russo,0.0
5,90’s Music,Que País É Este,Renato Russo,0.0
5,90’s Music,Queimando Tudo,,0.0
5,90’s Music,Queixa,,0.99
5,90’s Music,Quem Me Cobrou?,,0.0
5,90’s Music,Querem Meu Sangue,Titãs,0.99
5,90’s Music,Quilombo Groove [Instrumental],Chico Science,0.0
5,90’s Music,RV,,0.99
5,90’s Music,Radio Song,Bill Berry/Michael Stipe/Mike Mills/Peter Buck,0.99
5,90’s Music,Rag Doll,"Steven Tyler, Joe Perry, Jim Vallance, Holly Knight",0.99
5,90’s Music,Ramshackle Man,roger glover,0.99
5,90’s Music,Rapidamente,,0.0
5,90’s Music,Rappers Reais,,1.98
5,90’s Music,Rats,Dave Abbruzzese/Eddie Vedder/Jeff Ament/Mike McCready/Stone Gossard,0.0
5,90’s Music,Reach Down,,0.0
5,90’s Music,Real Thing,"Jerry Cantrell, Layne Staley",0.99
5,90’s Music,Realce,Gilberto Gil,0.99
5,90’s Music,Realidade Virtual,Bino/Da Gamma/Lazao/Toni Garrido,0.0
5,90’s Music,Realword,Roy Z,0.99
5,90’s Music,Rearviewmirror,Dave Abbruzzese/Eddie Vedder/Jeff Ament/Mike McCready/Stone Gossard,0.0
5,90’s Music,Red Mosquito,Jeff Ament & Stone Gossard & Jack Irons & Mike McCready & Eddie Vedder,0.0
5,90’s Music,Redundant,Billie Joe Armstrong -Words Green Day -Music,0.99
5,90’s Music,Refavela (Live),,0.99
5,90’s Music,Refazenda,Gilberto Gil,0.99
5,90’s Music,Reggae Music,,0.0
5,90’s Music,Release,The Tea Party,0.99
5,90’s Music,Release,Jeff Ament/Mike McCready/Stone Gossard,0.0
5,90’s Music,Release,The Tea Party,1.98
5,90’s Music,Remember Tomorrow,Paul Di'Anno/Steve Harris,0.0
5,90’s Music,Remote Control,Joe Strummer/Mick Jones,0.0
5,90’s Music,Respectable,Jagger/Richards,0.99
5,90’s Music,Restless and Wild,"F. Baltes, R.A. Smith-Diesel, S. Kaufman, U. Dirkscneider & W. Hoffman",0.99
5,90’s Music,Revolution 1993,"Smith, Toby",0.0
5,90’s Music,Rhinocerous,Billy Corgan,0.99
5,90’s Music,Ricochet,"Mike Bordin, Billy Gould, Mike Patton",0.0
5,90’s Music,Right Next Door to Hell,,0.99
5,90’s Music,Right Now,Van Halen,0.99
5,90’s Music,Right On Time,Red Hot Chili Peppers,1.98
5,90’s Music,Right Through You,Alanis Morissette & Glenn Ballard,0.99
5,90’s Music,Rindo À Toa,,0.0
5,90’s Music,Rios Pontes & Overdrives,,0.99
5,90’s Music,Risoflora,,0.0
5,90’s Music,Road Trippin',Red Hot Chili Peppers,0.99
5,90’s Music,Roadrunner,Bo Diddley,0.0
5,90’s Music,Rock 'N' Roll Music,Chuck Berry,0.99
5,90’s Music,Rock And Roll All Nite,"Paul Stanley, Gene Simmons",1.98
5,90’s Music,Rock Bottom,"Paul Stanley, Ace Frehley",0.0
5,90’s Music,Rock Of Ages,,0.99
5,90’s Music,Rock The Casbah,The Clash,0.99
5,90’s Music,Rocket,,0.0
5,90’s Music,Rollin' And Tumblin',McKinley Morgenfield (Muddy Waters),0.0
5,90’s Music,Romeo et Juliette: No. 11 - Danse des Chevaliers,,0.99
5,90’s Music,Ronnie,"James Hetfield, Lars Ulrich",0.0
5,90’s Music,Rosa's Cantina,"Ian Gillan, Roger Glover, Jon Lord, Steve Morse, Ian Paice",0.0
5,90’s Music,Roxanne,G M Sumner,0.99
5,90’s Music,Rugas,Augusto Garcez/Nelson Cavaquinho,0.0
5,90’s Music,Run Silent Run Deep,Bruce Dickinson/Steve Harris,1.98
5,90’s Music,Run To The Hills,,0.0
5,90’s Music,Run To The Hilss,Steve Harris,0.99
5,90’s Music,Running Free,,0.0
5,90’s Music,Running Free,Paul Di'Anno/Steve Harris,0.0
5,90’s Music,Running On Faith,Jerry Lynn Williams,0.0
5,90’s Music,Rusty Cage,Chris Cornell,0.99
5,90’s Music,"Sabbath, Bloody Sabbath",,0.99
5,90’s Music,Sabbra Cadabra,Black Sabbath,0.0
5,90’s Music,Sad But True,Ulrich,0.0
5,90’s Music,Sad But True,Apocalyptica,0.0
5,90’s Music,Saint Of Me,Jagger/Richards,0.99
5,90’s Music,Salustiano Song,,0.0
5,90’s Music,Salutations,E. Schrody/L. Dimant,0.99
5,90’s Music,Samba Do Lado,Chico Science,1.98
5,90’s Music,Samba Makossa,,0.99
5,90’s Music,Samba pras moças,Grazielle/Roque Ferreira,0.99
5,90’s Music,Same Ol' Situation,Mick Mars/Nikki Sixx/Tommy Lee/Vince Neil,0.99
5,90’s Music,Samidarish [Instrumental],Chico Science,0.0
5,90’s Music,Sampa,,0.0
5,90’s Music,Sampa,Gilberto Gil,0.99
5,90’s Music,Samurai,Djavan,0.0
5,90’s Music,San Francisco Bay Blues,Jesse Fuller,0.99
5,90’s Music,Sanctuary,David Murray/Paul Di'Anno/Steve Harris,0.0
5,90’s Music,Sanctuary,,0.99
5,90’s Music,Sangrando,Gonzaga Jr/Gonzaguinha,0.0
5,90’s Music,Sangue De Bairro,Chico Science,0.99
5,90’s Music,Santana Jam,Carlos Santana,0.99
5,90’s Music,Sapopemba e Maxambomba,Nei Lopes/Wilson Moreira,0.99
5,90’s Music,Satch Boogie,,0.99
5,90’s Music,Saudade Louca,Acyr Marques/Arlindo Cruz/Franco,0.0
5,90’s Music,Saudosismo,Caetano Veloso,0.99
5,90’s Music,Save Me (Remix),The Tea Party,0.0
5,90’s Music,Savior,Anthony Kiedis/Chad Smith/Flea/John Frusciante,0.0
5,90’s Music,Say Hello 2 Heaven,,0.99
5,90’s Music,"Say It Loud, I'm Black And I'm Proud Pt.1",Alfred Ellis/James Brown,0.99
5,90’s Music,Scam,Stuart Zender,0.0
5,90’s Music,Scar Tissue,Red Hot Chili Peppers,0.0
5,90’s Music,Scentless Apprentice,Nirvana,0.99
5,90’s Music,"Scheherazade, Op. 35: I. The Sea and Sindbad's Ship",Nikolai Rimsky-Korsakov,1.98
5,90’s Music,School,Kurt Cobain,0.0
5,90’s Music,Se Liga,,0.99
5,90’s Music,Se...,,0.99
5,90’s Music,Sea Of Sorrow,Jerry Cantrell,0.99
5,90’s Music,Seduzir,Djavan,0.0
5,90’s Music,See You,"Dave, Taylor, Nate, Chris",0.99
5,90’s Music,See You Tonight,Gene Simmons,0.0
5,90’s Music,Seis Da Tarde,,0.99
5,90’s Music,Selvagem,Bi Ribeiro/Herbert Vianna/João Barone,1.98
5,90’s Music,Sem Essa de Malandro Agulha,Aldir Blanc/Jayme Vignoli,0.99
5,90’s Music,Sem Sentido,,0.99
5,90’s Music,Sem Terra,Samuel Rosa,0.0
5,90’s Music,Senhor Delegado/Eu Não Aguento,Antonio Lopes,0.0
5,90’s Music,Senhora E Senhor,Arnaldo Anutnes/Marcelo Fromer/Paulo Miklos,0.0
5,90’s Music,Serrado,Djavan,0.0
5,90’s Music,Será,Dado Villa-Lobos/Marcelo Bonfá,0.99
5,90’s Music,Set The Ray To Jerry,Billy Corgan,0.0
5,90’s Music,Seu Balancê,Paulinho Rezende/Toninho Geraes,0.99
5,90’s Music,Seus Amigos,,0.0
5,90’s Music,Sex Type Thing,D. DeLeo/Kretz/Weiland,0.99
5,90’s Music,Shamrocks And Shenanigans,E. Schrody/L. Dimant,0.0
5,90’s Music,Shamrocks And Shenanigans (Boom Shalock Lock Boom/Butch Vig Mix),E. Schrody/L. Dimant,0.0
5,90’s Music,She,Billie Joe Armstrong -Words Green Day -Music,0.99
5,90’s Music,She,"Gene Simmons, S. Coronel",0.99
5,90’s Music,She Loves Me Not,Bill Gould/Mike Bordin/Mike Patton,1.98
5,90’s Music,She Wears Black,G Harvey/R Hope-Taylor,0.99
5,90’s Music,Shining In The Light,"Jimmy Page, Robert Plant, Charlie Jones, Michael Lee",0.99
5,90’s Music,Shiny Happy People,Bill Berry/Michael Stipe/Mike Mills/Peter Buck,0.99
5,90’s Music,Shock Me,Ace Frehley,1.98
5,90’s Music,Shotgun Blues,W. Axl Rose,0.99
5,90’s Music,Should I Stay Or Should I Go,The Clash,0.0
5,90’s Music,Shout At The Devil,Nikki Sixx,0.99
5,90’s Music,Shout It Out Loud,"Paul Stanley, Gene Simmons, B. Ezrin",0.99
5,90’s Music,Sign Of The Cross,Steve Harris,0.99
5,90’s Music,Signe,Eric Clapton,0.99
5,90’s Music,Silver And Gold,Bono,0.0
5,90’s Music,Sin,R. DeLeo/Weiland,0.0
5,90’s Music,Sina,Djavan,0.0
5,90’s Music,Since I've Been Loving You,John Paul Jones/Robert Plant,0.99
5,90’s Music,Sincero Breu,C. A./C.A./Celso Alvim/Herbert Vianna/Mário Moura/Pedro Luís/Sidon Silva,0.99
5,90’s Music,Sing Joyfully,William Byrd,0.99
5,90’s Music,Sir Psycho Sexy,Anthony Kiedis/Chad Smith/Flea/John Frusciante,0.99
5,90’s Music,Sister Awake,The Tea Party,0.99
5,90’s Music,Sister Morphine,Faithfull/Jagger/Richards,0.0
5,90’s Music,Siva,Billy Corgan,0.0
5,90’s Music,Slide It In,Coverdale,0.0
5,90’s Music,Slither,"Hetfield, Ulrich, Hammett",0.99
5,90’s Music,Sliver,Kurt Cobain,0.0
5,90’s Music,Slow An' Easy,Moody,0.0
5,90’s Music,Slow Down,Larry Williams,0.0
5,90’s Music,Slug,"Brian Eno, Bono, Adam Clayton, The Edge & Larry Mullen Jnr.",0.99
5,90’s Music,Smaller And Smaller,,0.0
5,90’s Music,Smells Like Teen Spirit,Nirvana,0.99
5,90’s Music,Smells Like Teen Spirit,Kurt Cobain,0.99
5,90’s Music,Smoke On The Water,"Richie Blackmore, Ian Gillian, Roger Glover, Jon Lord, Ian Paice",0.0
5,90’s Music,Smoked Pork,,0.99
5,90’s Music,Smokin' in The Boys Room,Cub Coda/Michael Lutz,0.99
5,90’s Music,Smooth,M. Itaal Shur & Rob Thomas,0.0
5,90’s Music,Snowblind,,0.0
5,90’s Music,So Beautiful,Mick Hucknall,0.99
5,90’s Music,So Cruel,U2,0.99
5,90’s Music,"So Fast, So Numb",Bill Berry-Peter Buck-Mike Mills-Michael Stipe,0.99
5,90’s Music,So Fine,Duff McKagan,0.0
5,90’s Music,So What,Culmer/Exalt,0.99
5,90’s Music,Sobremesa,Chico Science,0.99
5,90’s Music,Solitaire,roger glover,0.0
5,90’s Music,Solomon HWV 67: The Arrival of the Queen of Sheba,George Frideric Handel,0.0
5,90’s Music,Solução,,0.0
5,90’s Music,Sombras Do Meu Destino,,0.0
5,90’s Music,Some Days Are Better Than Others,U2; Bono,0.0
5,90’s Music,Somebody Stole My Guitar,"Ian Gillan, Roger Glover, Jon Lord, Steve Morse, Ian Paice",0.0
5,90’s Music,Somethin' Else,Bob Cochran/Sharon Sheeley,0.0
5,90’s Music,Something For Nothing,Geddy Lee And Alex Lifeson/Geddy Lee And Neil Peart/Rush,0.0
5,90’s Music,Something Got Me Started,Mick Hucknall and Fritz McIntyre,0.0
5,90’s Music,Something In The Way,Kurt Cobain,0.0
5,90’s Music,Sometimes I Feel Like Screaming,"Ian Gillan, Roger Glover, Jon Lord, Steve Morse, Ian Paice",0.99
5,90’s Music,Sonifera Ilha,Branco Mello/Carlos Barmack/Ciro Pessoa/Marcelo Fromer/Toni Belloto,0.99
5,90’s Music,Sons Of Freedom,"Jimmy Page, Robert Plant, Charlie Jones, Michael Lee",0.99
5,90’s Music,Soon Forgotten,"Ian Gillan, Roger Glover, Jon Lord, Steve Morse, Ian Paice",0.0
5,90’s Music,Soul Education,Jay Kay/Toby Smith,0.99
5,90’s Music,Soul Parsifal,Renato Russo - Marisa Monte,0.99
5,90’s Music,Soul Power (Live),James Brown,0.0
5,90’s Music,Soul Sacrifice,Carlos Santana,0.0
5,90’s Music,Sozinho,Peninha,0.99
5,90’s Music,Space Cowboy,J. Kay/Jay Kay,0.0
5,90’s Music,Space Trucking,"Richie Blackmore, Ian Gillian, Roger Glover, Jon Lord, Ian Paice",0.0
5,90’s Music,Spanish Eyes,U2,0.99
5,90’s Music,Spank Thru,Kurt Cobain,0.99
5,90’s Music,Sparks Will Fly,Jagger/Richards,0.0
5,90’s Music,Spirit's in the Material World,G M Sumner,0.0
5,90’s Music,Spoonman,Chris Cornell,0.99
5,90’s Music,Stairway To Heaven,Robert Plant,0.99
5,90’s Music,Star A.D.,"Mike Bordin, Billy Gould, Mike Patton",0.99
5,90’s Music,Staring At The Sun,"Bono, The Edge, Adam Clayton, and Larry Mullen",0.99
5,90’s Music,Stars,Mick Hucknall,0.99
5,90’s Music,"Stay (Faraway, So Close!)",U2; Bono,0.99
5,90’s Music,Stay Away,Kurt Cobain,0.0
5,90’s Music,Still Of The Night,Sykes,0.99
5,90’s Music,Stillness In Time,Toby Smith,0.0
5,90’s Music,Stir It Up (Live),,1.98
5,90’s Music,Stone Cold Crazy,Deacon/May/Mercury/Taylor,1.98
5,90’s Music,Stone Dead Forever,Clarke/Kilmister/Tayler,0.0
5,90’s Music,Strange Brew,Clapton/Collins/Pappalardi,0.0
5,90’s Music,Stripsearch,Jon Hudson/Mike Bordin/Mike Patton,0.99
5,90’s Music,Strutter,"Paul Stanley, Gene Simmons",0.99
5,90’s Music,Stuck With Me,Billie Joe Armstrong -Words Green Day -Music,0.99
5,90’s Music,Sua Impossivel Chance,Nando Reis,0.99
5,90’s Music,Suck My Kiss,Anthony Kiedis/Chad Smith/Flea/John Frusciante,0.99
5,90’s Music,Suck On The Jugular,Jagger/Richards,0.99
5,90’s Music,"Suite No. 3 in D, BWV 1068: III. Gavotte I & II",Johann Sebastian Bach,1.98
5,90’s Music,"Suite for Solo Cello No. 1 in G Major, BWV 1007: I. Prélude",Johann Sebastian Bach,0.99
5,90’s Music,Sul Da América,Samuel Rosa,0.0
5,90’s Music,Sunchild,Graham Harvey,0.0
5,90’s Music,Sunday Bloody Sunday,U2,0.0
5,90’s Music,Sunshine,Jerry Cantrell,0.0
5,90’s Music,Sunshine Of Your Love,Bruce/Clapton,1.98
5,90’s Music,Supersonic,Jay Kay,0.0
5,90’s Music,Superstition,,0.0
5,90’s Music,Sure Know Something,"Paul Stanley, Vincent Poncia",1.98
5,90’s Music,Sure Know Something,"Paul Stanley, Vincent Poncia",1.98
5,90’s Music,Surfing with the Alien,,0.0
5,90’s Music,Surrender,,1.98
5,90’s Music,Sweet Lady Luck,Vandenberg,0.99
5,90’s Music,Sweet Leaf,,0.0
5,90’s Music,Sweetest Thing,U2 & Daragh O'Toole,1.98
5,90’s Music,Sweetest Thing,U2,0.99
5,90’s Music,Sweethearts Together,Jagger/Richards,0.99
5,90’s Music,Swing Low Sweet Chariot,Clapton/Trad. Arr. Clapton,0.99
5,90’s Music,"Symphonie Fantastique, Op. 14: V. Songe d'une nuit du sabbat",Hector Berlioz,1.98
5,90’s Music,Symphony No. 2: III. Allegro vivace,Kurt Weill,0.99
5,90’s Music,Symphony No.5 in C Minor: I. Allegro con brio,Ludwig van Beethoven,0.0
5,90’s Music,Sympton of the Universe,,0.99
5,90’s Music,Sábado A Noite,Lulu Santos,0.99
5,90’s Music,Sítio Do Pica-Pau Amarelo,Gilberto Gil,0.99
5,90’s Music,Tailgunner,Bruce Dickinson/Steve Harris,0.0
5,90’s Music,Tailgunner,,0.0
5,90’s Music,Tailgunner,Bruce Dickinson/Steve Harris,0.99
5,90’s Music,Take This Bottle,"Mike Bordin, Billy Gould, Mike Patton, Trey Spruance",0.99
5,90’s Music,Talk About Love,roger glover,0.0
5,90’s Music,Tears In Heaven,"Eric Clapton, Will Jennings",0.99
5,90’s Music,Televisão,Titãs,0.0
5,90’s Music,Tempo Perdido,Renato Russo,1.98
5,90’s Music,Tempo Rei,Gilberto Gil,0.99
5,90’s Music,Temptation,The Tea Party,0.0
5,90’s Music,Temptation,The Tea Party,0.0
5,90’s Music,Tendo A Lua,Herbert Vianna/Tet Tillett,0.0
5,90’s Music,Tenho Sede,Gilberto Gil,0.0
5,90’s Music,Tequila - Lourinha Bombril (Parate Y Mira),Bahiano/Chuck Rio/Diego Blanco/Herbert Vianna,0.0
5,90’s Music,Terra,,0.0
5,90’s Music,Terra,Caetano Veloso,0.99
5,90’s Music,Territorial Pissings,Kurt Cobain,0.99
5,90’s Music,Texarkana,Bill Berry/Michael Stipe/Mike Mills/Peter Buck,0.99
5,90’s Music,Thank You,Robert Plant,0.99
5,90’s Music,That's The Way,Robert Plant,0.99
5,90’s Music,The Aftermath,Blaze Bayley/Janick Gers/Steve Harris,1.98
5,90’s Music,The Alchemist,Roy Z,0.99
5,90’s Music,The Angel And The Gambler,Steve Harris,0.99
5,90’s Music,The Apparition,Janick Gers/Steve Harris,0.0
5,90’s Music,The Assassin,Steve Harris,0.99
5,90’s Music,The Aviator,"Ian Gillan, Roger Glover, Jon Lord, Steve Morse, Ian Paice",0.0
5,90’s Music,The Battle Rages On,ian paice/jon lord,0.99
5,90’s Music,The Bazaar,The Tea Party,0.0
5,90’s Music,The Call Up,The Clash,0.0
5,90’s Music,The Calling,Carlos Santana & C. Thompson,0.0
5,90’s Music,The Clairvoyant,,0.0
5,90’s Music,The Clairvoyant,Steve Harris,0.0
5,90’s Music,The Clansman,Steve Harris,0.0
5,90’s Music,The Cut Runs Deep,"Blackmore, Glover, Turner, Lord, Paice",0.99
5,90’s Music,The Day I Tried To Live,Chris Cornell,0.99
5,90’s Music,The Deeper The Love,Vandenberg,0.99
5,90’s Music,The Edge Of Darkness,Blaze Bayley/Janick Gers/Steve Harris,0.0
5,90’s Music,The Educated Fool,Steve Harris,0.99
5,90’s Music,The Evil That Men Do,Adrian Smith/Bruce Dickinson/Steve Harris,0.0
5,90’s Music,The Evil That Men Do,,0.99
5,90’s Music,The First Time,U2; Bono,0.99
5,90’s Music,The Fly,U2,0.99
5,90’s Music,The Fugitive,Steve Harris,0.99
5,90’s Music,The Garden,,1.98
5,90’s Music,The Gentle Art Of Making Enemies,"Mike Bordin, Billy Gould, Mike Patton",0.99
5,90’s Music,The Girl I Love She Got Long Black Wavy Hair,Jimmy Page/John Bonham/John Estes/John Paul Jones/Robert Plant,0.0
5,90’s Music,The God That Failed,Ulrich,0.99
5,90’s Music,The Greeting Song,Anthony Kiedis/Chad Smith/Flea/John Frusciante,0.0
5,90’s Music,The House Jack Built,"James Hetfield, Lars Ulrich, Kirk Hammett",1.98
5,90’s Music,The Kids,Toby Smith,0.0
5,90’s Music,The Last Time,Jagger/Richards,0.0
5,90’s Music,The Last To Know,"Mike Bordin, Billy Gould, Mike Patton",0.0
5,90’s Music,The Magnificent Seven,The Clash,0.0
5,90’s Music,The Memory Remains,"Hetfield, Ulrich",0.99
5,90’s Music,The Messenger,Daniel Lanois,0.0
5,90’s Music,"The Messiah: Behold, I Tell You a Mystery... The Trumpet Shall Sound",George Frideric Handel,0.99
5,90’s Music,The More I See,Molaney/Morris/Roberts/Wainwright,0.99
5,90’s Music,The Number Of The Beast,Steve Harris,0.0
5,90’s Music,The Number Of The Beast,,0.0
5,90’s Music,The Other Side,"Steven Tyler, Jim Vallance",0.0
5,90’s Music,The Outlaw Torn,"James Hetfield, Lars Ulrich",0.99
5,90’s Music,The Playboy Mansion,"Bono, The Edge, Adam Clayton, and Larry Mullen",0.99
5,90’s Music,The Power Of Equality,Anthony Kiedis/Chad Smith/Flea/John Frusciante,0.99
5,90’s Music,The Prince,Harris/Tatler,0.0
5,90’s Music,The Purpendicular Waltz,"Ian Gillan, Roger Glover, Jon Lord, Steve Morse, Ian Paice",0.0
5,90’s Music,The Real Problem,,0.0
5,90’s Music,The Right Thing,Mick Hucknall,0.99
5,90’s Music,The Righteous & The Wicked,Anthony Kiedis/Chad Smith/Flea/John Frusciante,0.0
5,90’s Music,The River (Remix),The Tea Party,0.99
5,90’s Music,The Show Must Go On,Queen,0.99
5,90’s Music,The Small Hours,Holocaust,0.99
5,90’s Music,The Spirit Of Radio,Geddy Lee And Alex Lifeson/Geddy Lee And Neil Peart/Rush,0.0
5,90’s Music,The Struggle Within,Ulrich,0.99
5,90’s Music,The Sun Road,"Terry Bozzio, Steve Stevens, Tony Levin",0.99
5,90’s Music,The Temples Of Syrinx,Geddy Lee And Alex Lifeson/Geddy Lee And Neil Peart/Rush,0.0
5,90’s Music,The Three Sunrises,U2,0.99
5,90’s Music,The Tower,Roy Z,0.99
5,90’s Music,The Trees,Geddy Lee And Alex Lifeson/Geddy Lee And Neil Peart/Rush,0.0
5,90’s Music,The Trooper,Steve Harris,0.99
5,90’s Music,The Trooper,,1.98
5,90’s Music,The Unbeliever,Janick Gers/Steve Harris,0.99
5,90’s Music,The Unforgettable Fire,U2,0.99
5,90’s Music,The Unforgiven,"James Hetfield, Lars Ulrich and Kirk Hammett",0.99
5,90’s Music,The Unforgiven,Apocalyptica,0.99
5,90’s Music,The Unforgiven II,"Hetfield, Ulrich, Hammett",1.98
5,90’s Music,The Unwritten Law,"Richie Blackmore, Ian Gillian, Roger Glover, Ian Paice",0.99
5,90’s Music,The Wait,Killing Joke,0.99
5,90’s Music,The Wake-Up Bomb,Bill Berry-Peter Buck-Mike Mills-Michael Stipe,0.99
5,90’s Music,The Wanderer,U2; Bono,0.99
5,90’s Music,The Winner Loses,,0.0
5,90’s Music,The Witch,,0.0
5,90’s Music,The Wizard,,0.0
5,90’s Music,The Worst,Jagger/Richards,0.0
5,90’s Music,Theme From Let's Go Native,"Brian Eno, Bono, Adam Clayton, The Edge & Larry Mullen Jnr.",0.0
5,90’s Music,Theme From The Swan,"Brian Eno, Bono, Adam Clayton, The Edge & Larry Mullen Jnr.",0.99
5,90’s Music,There Goes The Neighborhood,,0.0
5,90’s Music,They're Red Hot,Robert Johnson,0.99
5,90’s Music,Thief In The Night,De Beauport/Jagger/Richards,0.99
5,90’s Music,Think,Lowman Pauling,0.0
5,90’s Music,Thinking 'Bout Tomorrow,Fayyaz Virgi/Richard Bull,0.99
5,90’s Music,This Is Radio Clash,The Clash,0.99
5,90’s Music,This Velvet Glove,Red Hot Chili Peppers,0.0
5,90’s Music,Thorn Within,"James Hetfield, Lars Ulrich, Kirk Hammett",0.0
5,90’s Music,Thrill Me,Mick Hucknall and Fritz McIntyre,0.0
5,90’s Music,Through The Never,"James Hetfield, Lars Ulrich and Kirk Hammett",0.99
5,90’s Music,Thru And Thru,Jagger/Richards,0.0
5,90’s Music,Time To Kill,roger glover,0.0
5,90’s Music,Times of Trouble,,0.0
5,90’s Music,"Toccata and Fugue in D Minor, BWV 565: I. Toccata",Johann Sebastian Bach,0.0
5,90’s Music,Toda Cor,Ciro Pressoa/Marcelo Fromer,1.98
5,90’s Music,Toda Menina Baiana,Gilberto Gil,0.99
5,90’s Music,Today,Billy Corgan,0.0
5,90’s Music,Tommy Gun,Joe Strummer/Mick Jones,0.99
5,90’s Music,"Tonight, Tonight",Billy Corgan,0.0
5,90’s Music,Too Fast For Love,Nikki Sixx,0.0
5,90’s Music,Too Late Too Late,Clarke/Kilmister/Tayler,0.0
5,90’s Music,Too Much Is Not Enough,"Turner, Held, Greenwood",0.0
5,90’s Music,Too Young To Die,"Smith, Toby",0.99
5,90’s Music,Top O' The Morning To Ya,E. Schrody/L. Dimant,0.99
5,90’s Music,Tourette's,Kurt Cobain,0.0
5,90’s Music,Train In Vain,Joe Strummer/Mick Jones,1.98
5,90’s Music,Transmission,The Tea Party,0.0
5,90’s Music,Transylvania,Steve Harris,0.99
5,90’s Music,"Trash, Trampoline And The Party Girl",U2,0.99
5,90’s Music,Travelling Riverside Blues,Jimmy Page/Robert Johnson/Robert Plant,0.99
5,90’s Music,Trupets Of Jericho,Roy Z,0.99
5,90’s Music,Truth Hurts,"Blackmore, Glover, Turner",0.0
5,90’s Music,Tryin' To Throw Your Arms Around The World,U2,0.0
5,90’s Music,Tuesday's Gone,Collins/Van Zandt,0.99
5,90’s Music,"Turandot, Act III, Nessun dorma!",Giacomo Puccini,0.0
5,90’s Music,Turn The Page,Seger,0.99
5,90’s Music,Twist And Shout,Bert Russell/Phil Medley,0.0
5,90’s Music,Two Steps Behind [Acoustic Version],,0.99
5,90’s Music,Ty Cobb,Ben Shepherd/Chris Cornell,0.0
5,90’s Music,Tão Seu,Samuel Rosa,0.0
5,90’s Music,Ugly In The Morning,"Mike Bordin, Billy Gould, Mike Patton",0.99
5,90’s Music,Ultraviolet (Light My Way),U2,0.0
5,90’s Music,Um Amor Puro,Djavan,0.99
5,90’s Music,Um Amor Puro,,0.99
5,90’s Music,"Um Amor, Um Lugar",Herbert Vianna,0.99
5,90’s Music,Um Contrato Com Deus,,0.0
5,90’s Music,Um Dia Qualquer,Samuel Rosa,0.99
5,90’s Music,Um Homem Também Chora (Guerreiro Menino),,0.0
5,90’s Music,Um Indio,,0.99
5,90’s Music,Um Jantar Pra Dois,,0.0
5,90’s Music,Um Love,,0.99
5,90’s Music,Um Passeio No Mundo Livre,Chico Science,0.99
5,90’s Music,Um Satélite Na Cabeça,Chico Science,0.99
5,90’s Music,Unchained Melody,Alex North/Hy Zaret,0.0
5,90’s Music,Under The Bridge,Anthony Kiedis/Chad Smith/Flea/John Frusciante,1.98
5,90’s Music,Undertow,Bill Berry-Peter Buck-Mike Mills-Michael Stipe,1.98
5,90’s Music,United Colours,"Brian Eno, Bono, Adam Clayton, The Edge & Larry Mullen Jnr.",0.99
5,90’s Music,Uns Dias,Herbert Vianna,0.99
5,90’s Music,Until It Sleeps,"James Hetfield, Lars Ulrich",0.99
5,90’s Music,Until My Dying Day,,0.0
5,90’s Music,Until The End Of The World,U2,0.0
5,90’s Music,Untitled,Pearl Jam,1.98
5,90’s Music,Up In Arms,"Dave, Taylor, Nate, Chris",0.0
5,90’s Music,Upon A Golden Horse,"Jimmy Page, Robert Plant, Charlie Jones, Michael Lee",0.0
5,90’s Music,Vai Adiar,Alcino Corrêa/Monarco,0.0
5,90’s Music,Vai Valer,Herbert Vianna,0.99
5,90’s Music,Valentino's,,0.99
5,90’s Music,Vamo Batê Lata,Herbert Vianna,0.99
5,90’s Music,Vamos Dançar,,0.0
5,90’s Music,Vavoom : Ted The Mechanic,"Ian Gillan, Roger Glover, Jon Lord, Steve Morse, Ian Paice",0.99
5,90’s Music,Vendedor De Caranguejo (Live),,0.0
5,90’s Music,Vento No Litoral,Dado Villa-Lobos/Marcelo Bonfá,0.0
5,90’s Music,Verdade,Carlinhos Santana/Nelson Rufino,0.99
5,90’s Music,Vida Boa,Fausto Nilo - Armandinho,0.99
5,90’s Music,Vivo Isolado Do Mundo,Alcides Dias Lopes,0.0
5,90’s Music,Voce Nao Entende Nada - Cotidiano,,0.99
5,90’s Music,Voce e Linda,,0.0
5,90’s Music,Voodoo,,1.98
5,90’s Music,Vou Pra Ai,,0.99
5,90’s Music,Vulcão Dub - Fui Eu,Bi Ribeira/Herbert Vianna/João Barone,0.99
5,90’s Music,Vício,,0.0
5,90’s Music,W.M.A.,Dave Abbruzzese/Eddie Vedder/Jeff Ament/Mike McCready/Stone Gossard,0.99
5,90’s Music,Wainting On A Friend,Jagger/Richards,0.0
5,90’s Music,Waiting On A Sign,The Tea Party,0.99
5,90’s Music,Wake Up,Alanis Morissette & Glenn Ballard,0.99
5,90’s Music,Wake Up Dead Man,"Bono, The Edge, Adam Clayton, and Larry Mullen",0.99
5,90’s Music,Walk On Water,"Steven Tyler, Joe Perry, Jack Blades, Tommy Shaw",0.0
5,90’s Music,Walk To The Water,U2,0.99
5,90’s Music,Walkin' Blues,Robert Johnson,0.99
5,90’s Music,Walking After You,Dave Grohl,0.99
5,90’s Music,Walking Contradiction,Billie Joe Armstrong -Words Green Day -Music,0.99
5,90’s Music,Walking Into Clarksdale,"Jimmy Page, Robert Plant, Charlie Jones, Michael Lee",1.98
5,90’s Music,Walking on the Moon,G M Sumner,0.0
5,90’s Music,War Pigs,,1.98
5,90’s Music,Wasted My Hate,"James Hetfield, Lars Ulrich, Kirk Hammett",0.0
5,90’s Music,Wasting Love,Bruce Dickinson/Janick Gers,0.0
5,90’s Music,Wasting Love,Bruce Dickinson/Janick Gers,0.99
5,90’s Music,Wasting Love,,0.0
5,90’s Music,We Die Young,Jerry Cantrell,0.0
5,90’s Music,Wear You To The Ball,,0.99
5,90’s Music,Weekend Warrior,Janick Gers/Steve Harris,0.0
5,90’s Music,Welcome Home (Sanitarium),Apocalyptica,1.98
5,90’s Music,Welcome To Paradise,Billie Joe Armstrong -Words Green Day -Music,0.0
5,90’s Music,"Wellington's Victory or the Battle Symphony, Op.91: 2. Symphony of Triumph",Ludwig van Beethoven,0.99
5,90’s Music,Were Do We Go From Here,Jay Kay,0.99
5,90’s Music,Westwood Moon,,0.0
5,90’s Music,Wet My Bed,R. DeLeo/Weiland,0.99
5,90’s Music,What A Day,"Mike Bordin, Billy Gould, Mike Patton",1.98
5,90’s Music,What It Takes,"Steven Tyler, Joe Perry, Desmond Child",0.99
5,90’s Music,What is and Should Never Be,Jimmy Page/Robert Plant,0.0
5,90’s Music,"Whatever It Is, I Just Can't Stop","Jay Kay/Kay, Jay",1.98
5,90’s Music,When Evening Falls,,0.99
5,90’s Music,When I Come Around,Billie Joe Armstrong -Words Green Day -Music,1.98
5,90’s Music,When I Was A Child,"Jimmy Page, Robert Plant, Charlie Jones, Michael Lee",0.0
5,90’s Music,When Love & Hate Collide,,0.99
5,90’s Music,When Love Comes To Town,U2,0.99
5,90’s Music,When The World Was Young,"Jimmy Page, Robert Plant, Charlie Jones, Michael Lee",0.99
5,90’s Music,When Two Worlds Collide,Blaze Bayley/David Murray/Steve Harris,0.0
5,90’s Music,When You Gonna Learn (Digeridoo),"Jay Kay/Kay, Jay",0.99
5,90’s Music,Where Did I Go Wrong,,0.0
5,90’s Music,Where Eagles Dare,Steve Harris,0.99
5,90’s Music,Where The River Goes,D. DeLeo/Kretz/Weiland,0.99
5,90’s Music,Where The Streets Have No Name,U2,0.0
5,90’s Music,Where The Wild Things Are,"Hetfield, Ulrich, Newsted",0.99
5,90’s Music,Wherever I May Roam,Apocalyptica,0.0
5,90’s Music,Wherever I May Roam,Ulrich,0.0
5,90’s Music,Whiskey In The Jar,Traditional,1.98
5,90’s Music,Whistle Stop,,0.0
5,90’s Music,White Riot,Joe Strummer/Mick Jones,0.99
5,90’s Music,White Room,Bruce/Clapton,0.0
5,90’s Music,Who's Gonna Ride Your Wild Horses,U2,0.0
5,90’s Music,Whole Lotta Love,Jimmy Page/John Bonham/John Paul Jones/Robert Plant/Willie Dixon,0.0
5,90’s Music,Whole Lotta Love (Medley),Arthur Crudup/Bernard Besman/Bukka White/Doc Pomus/John Bonham/John Lee Hooker/John Paul Jones/Mort Shuman/Robert Plant/Willie Dixon,0.99
5,90’s Music,Why Go,Jeff Ament,0.99
5,90’s Music,Wicked Garden,D. DeLeo/R. DeLeo/Weiland,0.0
5,90’s Music,Wicked Ways,"Blackmore, Glover, Turner, Lord, Paice",0.0
5,90’s Music,Wild Hearted Son,,0.99
5,90’s Music,Wild Side,Nikki Sixx/Tommy Lee/Vince Neil,0.99
5,90’s Music,Wind Up,"Dave, Taylor, Nate, Chris",0.0
5,90’s Music,Wishing It Was,"Eale-Eye Cherry, M. Simpson, J. King & M. Nishita",0.0
5,90’s Music,With Or Without You,U2,0.99
5,90’s Music,Without You,Van Halen,0.0
5,90’s Music,Without You,Mick Mars/Nikki Sixx,0.0
5,90’s Music,Wonderful Tonight,Clapton,0.99
5,90’s Music,Wooden Jesus,,0.0
5,90’s Music,Wrapped Around Your Finger,G M Sumner,0.0
5,90’s Music,Wrathchild,,0.99
5,90’s Music,Xanadu,Geddy Lee And Alex Lifeson/Geddy Lee And Neil Peart/Rush,0.99
5,90’s Music,Xote Dos Milagres,,0.99
5,90’s Music,Year to the Day,Van Halen,1.98
5,90’s Music,Yesterdays,Billy/Del James/W. Axl Rose/West Arkeen,0.99
5,90’s Music,You Ain't the First,,0.99
5,90’s Music,You Could Be Mine,Izzy Stradlin'/W. Axl Rose,0.99
5,90’s Music,You Got Me Rocking,Jagger/Richards,0.99
5,90’s Music,You Got Me Rocking,Jagger/Richards,0.99
5,90’s Music,You Learn,Alanis Morissette & Glenn Ballard,0.99
5,90’s Music,You Oughta Know,Alanis Morissette & Glenn Ballard,0.99
5,90’s Music,You Oughta Know (Alternate),Alanis Morissette & Glenn Ballard,0.0
5,90’s Music,You Shook Me,J B Lenoir/Willie Dixon,0.0
5,90’s Music,You Shook Me(2),J B Lenoir/Willie Dixon,0.99
5,90’s Music,You're Gonna Break My Hart Again,Sykes,0.99
5,90’s Music,You've Got It,Mick Hucknall and Lamont Dozier,0.0
5,90’s Music,Your Blue Room,"Brian Eno, Bono, Adam Clayton, The Edge & Larry Mullen Jnr.",0.99
5,90’s Music,Your Mirror,Mick Hucknall,0.0
5,90’s Music,Your Savior,,0.0
5,90’s Music,Your Time Is Gonna Come,"Page, Jones",0.99
5,90’s Music,Zambação,,0.99
5,90’s Music,Zero,Billy Corgan,0.0
5,90’s Music,ZeroVinteUm,,0.0
5,90’s Music,Zither,Bill Berry-Peter Buck-Mike Mills-Michael Stipe,0.99
5,90’s Music,Zoo Station,U2,0.0
5,90’s Music,Zooropa,U2; Bono,0.99
5,90’s Music,Zé Trindade,Samuel Rosa,0.99
5,90’s Music,Álibi,,1.98
5,90’s Music,É Preciso Saber Viver,Erasmo Carlos/Roberto Carlos,0.0
5,90’s Music,É Uma Partida De Futebol,Samuel Rosa,0.0
11,Brazilian Music,A Banda,,0.99
11,Brazilian Music,A Luz De Tieta,Caetano Veloso,0.0
11,Brazilian Music,A Novidade,Gilberto Gil,0.0
11,Brazilian Music,A Novidade (Live),,1.98
11,Brazilian Music,Admirável Gado Novo,,0.99
11,Brazilian Music,Azul Da Cor Do Mar,Tim Maia,0.0
11,Brazilian Music,Açai,Djavan,1.98
11,Brazilian Music,"Bye, Bye Brasil",,0.99
11,Brazilian Music,Chocolate,Tim Maia,0.0
11,Brazilian Music,Coração De Estudante,"Wagner Tiso, Milton Nascimento",0.99
11,Brazilian Music,Esquinas,,1.98
11,Brazilian Music,Fascinação,,0.99
11,Brazilian Music,Filho Maravilha,,0.99
11,Brazilian Music,Garota De Ipanema,Vários,0.0
11,Brazilian Music,Gostava Tanto De Você,,0.99
11,Brazilian Music,Grito De Alerta,Gonzaga Jr.,0.99
11,Brazilian Music,Madalena,,0.99
11,Brazilian Music,Malandragem,,0.0
11,Brazilian Music,"Maria, Maria","Milton Nascimento, Fernando Brant",0.99
11,Brazilian Music,Meu Bem-Querer,,0.0
11,Brazilian Music,Nos Bailes Da Vida,"Milton Nascimento, Fernando Brant",0.0
11,Brazilian Music,Não Quero Dinheiro,,1.98
11,Brazilian Music,Não Vou Ficar,Tim Maia,0.99
11,Brazilian Music,O Bêbado e a Equilibrista,,0.0
11,Brazilian Music,O Descobridor Dos Sete Mares,Gilson Mendonça/Michel,0.99
11,Brazilian Music,O Que É O Que É ?,,0.0
11,Brazilian Music,Odara,Caetano Veloso,0.99
11,Brazilian Music,Palco (Live),,0.0
11,Brazilian Music,Quanta (Live),,0.99
11,Brazilian Music,Sampa,,0.0
11,Brazilian Music,Samurai,Djavan,0.0
11,Brazilian Music,Selassiê,,0.0
11,Brazilian Music,Sina,Djavan,0.0
11,Brazilian Music,Sozinho,Peninha,0.99
11,Brazilian Music,Taj Mahal,,0.0
11,Brazilian Music,Tarde Em Itapoã,Vários,1.98
11,Brazilian Music,Vai Passar,,0.99
11,Brazilian Music,Voce e Linda,,0.0
11,Brazilian Music,Você,,0.99
12,Classical,"""""""Eine Kleine Nachtmusik"""" Serenade In G",24,0.0
12,Classical,"""Aria Mit 30 Veränderungen, BWV 988 """"Goldberg Variations"""": Aria""",Johann Sebastian Bach,0.0
12,Classical,"""Concerto No. 1 in E Major, RV 269 """"Spring"""": I. Allegro""",Antonio Vivaldi,0.0
12,Classical,"""Die Zauberflöte, K.620: """"Der Hölle Rache Kocht in Meinem Herze""""""",Wolfgang Amadeus Mozart,0.0
12,Classical,"""Music for the Funeral of Queen Mary: VI. """"Thou Knowest",2,1.98
12,Classical,"""Nabucco: Chorus, """"Va",2,0.0
12,Classical,"""Nimrod (Adagio) from Variations On an Original Theme, Op. 36 """"Enigma""""""",Edward Elgar,0.0
12,Classical,"""Piano Sonata No. 14 in C Sharp Minor, Op. 27, No. 2, """"Moonlight"""": I. Adagio sostenuto""",Ludwig van Beethoven,0.99
12,Classical,"""String Quartet No. 12 in C Minor, D. 703 """"Quartettsatz"""": II. Andante - Allegro assai""",Franz Schubert,1.98
12,Classical,"""Symphony No. 104 in D Major """"London"""": IV. Finale: Spiritoso""",Franz Joseph Haydn,0.99
12,Classical,"""Symphony No. 2, Op. 16 -  """"The Four Temperaments"""": II. Allegro Comodo e Flemmatico""",Carl Nielsen,0.99
12,Classical,"""Symphony No. 3 Op. 36 for Orchestra and Soprano """"Symfonia Piesni Zalosnych"""" \ Lento E Largo - Tranquillissimo""",Henryk Górecki,0.99
12,Classical,"""Symphony No. 41 in C Major, K. 551, """"Jupiter"""": IV. Molto allegro""",Wolfgang Amadeus Mozart,0.99
12,Classical,"""Symphony No.1 in D Major, Op.25 """"Classical""""",24,0.0
12,Classical,"24 Caprices, Op. 1, No. 24, for Solo Violin, in A Minor",Niccolò Paganini,0.0
12,Classical,"3 Gymnopédies: No.1 - Lent Et Grave, No.3 - Lent Et Douloureux",Erik Satie,0.0
12,Classical,"A Midsummer Night's Dream, Op.61 Incidental Music: No.7 Notturno",,0.99
12,Classical,"Act IV, Symphony",Henry Purcell,0.99
12,Classical,"Adagio for Strings from the String Quartet, Op. 11",Samuel Barber,0.0
12,Classical,Adios nonino,Astor Piazzolla,0.99
12,Classical,Ave Maria,Franz Schubert,0.0
12,Classical,Canon and Gigue in D Major: I. Canon,Johann Pachelbel,0.99
12,Classical,Carmen: Overture,Georges Bizet,0.0
12,Classical,Carmina Burana: O Fortuna,Carl Orff,0.0
12,Classical,Cavalleria Rusticana \ Act \ Intermezzo Sinfonico,Pietro Mascagni,0.0
12,Classical,"Concert pour 4 Parties de V**les, H. 545: I. Prelude",Marc-Antoine Charpentier,0.0
12,Classical,"Concerto No.2 in F Major, BWV1047, I. Allegro",Johann Sebastian Bach,0.99
12,Classical,"Concerto for 2 Violins in D Minor, BWV 1043: I. Vivace",Johann Sebastian Bach,0.0
12,Classical,"Concerto for Cello and Orchestra in E minor, Op. 85: I. Adagio - Moderato",Edward Elgar,0.99
12,Classical,"Concerto for Clarinet in A Major, K. 622: II. Adagio",Wolfgang Amadeus Mozart,0.0
12,Classical,"Concerto for Piano No. 2 in F Minor, Op. 21: II. Larghetto",Frédéric Chopin,0.99
12,Classical,"Concerto for Violin, Strings and Continuo in G Major, Op. 3, No. 9: I. Allegro",Pietro Antonio Locatelli,0.0
12,Classical,"Das Lied Von Der Erde, Von Der Jugend",Gustav Mahler,0.0
12,Classical,Die Walküre: The Ride of the Valkyries,Richard Wagner,0.99
12,Classical,"Erlkonig, D.328",,0.0
12,Classical,Fanfare for the Common Man,Aaron Copland,0.0
12,Classical,Fantasia On Greensleeves,Ralph Vaughan Williams,0.99
12,Classical,Intoitus: Adorate Deum,Anonymous,0.0
12,Classical,"Jupiter, the Bringer of Jollity",Gustav Holst,0.99
12,Classical,"Karelia Suite, Op.11: 2. Ballade (Tempo Di Menuetto)",Jean Sibelius,0.99
12,Classical,Koyaanisqatsi,Philip Glass,0.0
12,Classical,"L'orfeo, Act 3, Sinfonia (Orchestra)",Claudio Monteverdi,0.0
12,Classical,"Lamentations of Jeremiah, First Set \ Incipit Lamentatio",Thomas Tallis,0.0
12,Classical,Le Sacre Du Printemps: I.iv. Spring Rounds,Igor Stravinsky,0.0
12,Classical,Madama Butterfly: Un Bel Dì Vedremo,Giacomo Puccini,0.0
12,Classical,"Metopes, Op. 29: Calypso",Karol Szymanowski,0.99
12,Classical,"Miserere mei, Deus",Gregorio Allegri,0.0
12,Classical,Missa Papae Marcelli: Kyrie,Giovanni Pierluigi da Palestrina,0.0
12,Classical,"Music for the Royal Fireworks, HWV351 (1749): La Réjouissance",George Frideric Handel,0.0
12,Classical,On the Beautiful Blue Danube,Johann Strauss II,0.0
12,Classical,"Partita in E Major, BWV 1006A: I. Prelude",Johann Sebastian Bach,0.99
12,Classical,"Pavan, Lachrimae Antiquae",John Dowland,0.0
12,Classical,"Peer Gynt Suite No.1, Op.46: 1. Morning Mood",Edvard Grieg,0.99
12,Classical,Pini Di Roma (Pinien Von Rom) \ I Pini Della Via Appia,,0.99
12,Classical,"Prometheus Overture, Op. 43",Ludwig van Beethoven,0.99
12,Classical,"Quintet for Horn, Violin, 2 Violas, and Cello in E Flat Major, K. 407/386c: III. Allegro",Wolfgang Amadeus Mozart,0.0
12,Classical,"Requiem, Op.48: 4. Pie Jesu",Gabriel Fauré,0.99
12,Classical,Romeo et Juliette: No. 11 - Danse des Chevaliers,,0.99
12,Classical,"SCRIABIN: Prelude in B Major, Op. 11, No. 11",,0.0
12,Classical,"Scheherazade, Op. 35: I. The Sea and Sindbad's Ship",Nikolai Rimsky-Korsakov,1.98
12,Classical,Sing Joyfully,William Byrd,0.99
12,Classical,Solomon HWV 67: The Arrival of the Queen of Sheba,George Frideric Handel,0.0
12,Classical,Sonata for Solo Violin: IV: Presto,Béla Bartók,0.99
12,Classical,"Suite No. 3 in D, BWV 1068: III. Gavotte I & II",Johann Sebastian Bach,1.98
12,Classical,"Suite for Solo Cello No. 1 in G Major, BWV 1007: I. Prélude",Johann Sebastian Bach,0.99
12,Classical,"Symphonie Fantastique, Op. 14: V. Songe d'une nuit du sabbat",Hector Berlioz,1.98
12,Classical,Symphony No. 2: III. Allegro vivace,Kurt Weill,0.99
12,Classical,Symphony No.5 in C Minor: I. Allegro con brio,Ludwig van Beethoven,0.0
12,Classical,"The Messiah: Behold, I Tell You a Mystery... The Trumpet Shall Sound",George Frideric Handel,0.99
12,Classical,"The Nutcracker, Op. 71a, Act II: Scene 14: Pas de deux: Dance of the Prince & the Sugar-Plum Fairy",Peter Ilyich Tchaikovsky,0.0
12,Classical,"Toccata and Fugue in D Minor, BWV 565: I. Toccata",Johann Sebastian Bach,0.0
12,Classical,"Turandot, Act III, Nessun dorma!",Giacomo Puccini,0.0
12,Classical,Two Fanfares for Orchestra: II. Short Ride in a Fast Machine,John Adams,0.99
12,Classical,"Wellington's Victory or the Battle Symphony, Op.91: 2. Symphony of Triumph",Ludwig van Beethoven,0.99
12,Classical,"Étude 1, In C Major - Preludio (Presto) - Liszt",,0.99
13,Classical 101 - Deep Cuts,"""Music for the Funeral of Queen Mary: VI. """"Thou Knowest",2,1.98
13,Classical 101 - Deep Cuts,"""String Quartet No. 12 in C Minor, D. 703 """"Quartettsatz"""": II. Andante - Allegro assai""",Franz Schubert,1.98
13,Classical 101 - Deep Cuts,"""Symphony No. 2, Op. 16 -  """"The Four Temperaments"""": II. Allegro Comodo e Flemmatico""",Carl Nielsen,0.99
13,Classical 101 - Deep Cuts,"""Symphony No. 3 Op. 36 for Orchestra and Soprano """"Symfonia Piesni Zalosnych"""" \ Lento E Largo - Tranquillissimo""",Henryk Górecki,0.99
13,Classical 101 - Deep Cuts,"24 Caprices, Op. 1, No. 24, for Solo Violin, in A Minor",Niccolò Paganini,0.0
13,Classical 101 - Deep Cuts,"3 Gymnopédies: No.1 - Lent Et Grave, No.3 - Lent Et Douloureux",Erik Satie,0.0
13,Classical 101 - Deep Cuts,"A Midsummer Night's Dream, Op.61 Incidental Music: No.7 Notturno",,0.99
13,Classical 101 - Deep Cuts,"Act IV, Symphony",Henry Purcell,0.99
13,Classical 101 - Deep Cuts,Adios nonino,Astor Piazzolla,0.99
13,Classical 101 - Deep Cuts,"Concert pour 4 Parties de V**les, H. 545: I. Prelude",Marc-Antoine Charpentier,0.0
13,Classical 101 - Deep Cuts,"Concerto for Violin, Strings and Continuo in G Major, Op. 3, No. 9: I. Allegro",Pietro Antonio Locatelli,0.0
13,Classical 101 - Deep Cuts,"Erlkonig, D.328",,0.0
13,Classical 101 - Deep Cuts,Koyaanisqatsi,Philip Glass,0.0
13,Classical 101 - Deep Cuts,"L'orfeo, Act 3, Sinfonia (Orchestra)",Claudio Monteverdi,0.0
13,Classical 101 - Deep Cuts,Le Sacre Du Printemps: I.iv. Spring Rounds,Igor Stravinsky,0.0
13,Classical 101 - Deep Cuts,"Metopes, Op. 29: Calypso",Karol Szymanowski,0.99
13,Classical 101 - Deep Cuts,"Partita in E Major, BWV 1006A: I. Prelude",Johann Sebastian Bach,0.99
13,Classical 101 - Deep Cuts,Pini Di Roma (Pinien Von Rom) \ I Pini Della Via Appia,,0.99
13,Classical 101 - Deep Cuts,"Prometheus Overture, Op. 43",Ludwig van Beethoven,0.99
13,Classical 101 - Deep Cuts,"Quintet for Horn, Violin, 2 Violas, and Cello in E Flat Major, K. 407/386c: III. Allegro",Wolfgang Amadeus Mozart,0.0
13,Classical 101 - Deep Cuts,Sing Joyfully,William Byrd,0.99
13,Classical 101 - Deep Cuts,Sonata for Solo Violin: IV: Presto,Béla Bartók,0.99
13,Classical 101 - Deep Cuts,"Suite No. 3 in D, BWV 1068: III. Gavotte I & II",Johann Sebastian Bach,1.98
13,Classical 101 - Deep Cuts,Symphony No. 2: III. Allegro vivace,Kurt Weill,0.99
13,Classical 101 - Deep Cuts,"Étude 1, In C Major - Preludio (Presto) - Liszt",,0.99
14,Classical 101 - Next Steps,"""Die Zauberflöte, K.620: """"Der Hölle Rache Kocht in Meinem Herze""""""",Wolfgang Amadeus Mozart,0.0
14,Classical 101 - Next Steps,"""Piano Sonata No. 14 in C Sharp Minor, Op. 27, No. 2, """"Moonlight"""": I. Adagio sostenuto""",Ludwig van Beethoven,0.99
14,Classical 101 - Next Steps,"""Symphony No. 41 in C Major, K. 551, """"Jupiter"""": IV. Molto allegro""",Wolfgang Amadeus Mozart,0.99
14,Classical 101 - Next Steps,"""Symphony No.1 in D Major, Op.25 """"Classical""""",24,0.0
14,Classical 101 - Next Steps,Carmen: Overture,Georges Bizet,0.0
14,Classical 101 - Next Steps,Cavalleria Rusticana \ Act \ Intermezzo Sinfonico,Pietro Mascagni,0.0
14,Classical 101 - Next Steps,"Concerto No.2 in F Major, BWV1047, I. Allegro",Johann Sebastian Bach,0.99
14,Classical 101 - Next Steps,"Concerto for Cello and Orchestra in E minor, Op. 85: I. Adagio - Moderato",Edward Elgar,0.99
14,Classical 101 - Next Steps,"Concerto for Piano No. 2 in F Minor, Op. 21: II. Larghetto",Frédéric Chopin,0.99
14,Classical 101 - Next Steps,"Das Lied Von Der Erde, Von Der Jugend",Gustav Mahler,0.0
14,Classical 101 - Next Steps,Fantasia On Greensleeves,Ralph Vaughan Williams,0.99
14,Classical 101 - Next Steps,"Karelia Suite, Op.11: 2. Ballade (Tempo Di Menuetto)",Jean Sibelius,0.99
14,Classical 101 - Next Steps,"Lamentations of Jeremiah, First Set \ Incipit Lamentatio",Thomas Tallis,0.0
14,Classical 101 - Next Steps,Missa Papae Marcelli: Kyrie,Giovanni Pierluigi da Palestrina,0.0
14,Classical 101 - Next Steps,"Music for the Royal Fireworks, HWV351 (1749): La Réjouissance",George Frideric Handel,0.0
14,Classical 101 - Next Steps,On the Beautiful Blue Danube,Johann Strauss II,0.0
14,Classical 101 - Next Steps,"Pavan, Lachrimae Antiquae",John Dowland,0.0
14,Classical 101 - Next Steps,"Peer Gynt Suite No.1, Op.46: 1. Morning Mood",Edvard Grieg,0.99
14,Classical 101 - Next Steps,Romeo et Juliette: No. 11 - Danse des Chevaliers,,0.99
14,Classical 101 - Next Steps,"SCRIABIN: Prelude in B Major, Op. 11, No. 11",,0.0
14,Classical 101 - Next Steps,"Scheherazade, Op. 35: I. The Sea and Sindbad's Ship",Nikolai Rimsky-Korsakov,1.98
14,Classical 101 - Next Steps,"Symphonie Fantastique, Op. 14: V. Songe d'une nuit du sabbat",Hector Berlioz,1.98
14,Classical 101 - Next Steps,"Toccata and Fugue in D Minor, BWV 565: I. Toccata",Johann Sebastian Bach,0.0
14,Classical 101 - Next Steps,Two Fanfares for Orchestra: II. Short Ride in a Fast Machine,John Adams,0.99
14,Classical 101 - Next Steps,"Wellington's Victory or the Battle Symphony, Op.91: 2. Symphony of Triumph",Ludwig van Beethoven,0.99
15,Classical 101 - The Basics,"""""""Eine Kleine Nachtmusik"""" Serenade In G",24,0.0
15,Classical 101 - The Basics,"""Aria Mit 30 Veränderungen, BWV 988 """"Goldberg Variations"""": Aria""",Johann Sebastian Bach,0.0
15,Classical 101 - The Basics,"""Concerto No. 1 in E Major, RV 269 """"Spring"""": I. Allegro""",Antonio Vivaldi,0.0
15,Classical 101 - The Basics,"""Nabucco: Chorus, """"Va",2,0.0
15,Classical 101 - The Basics,"""Nimrod (Adagio) from Variations On an Original Theme, Op. 36 """"Enigma""""""",Edward Elgar,0.0
15,Classical 101 - The Basics,"""Symphony No. 104 in D Major """"London"""": IV. Finale: Spiritoso""",Franz Joseph Haydn,0.99
15,Classical 101 - The Basics,"Adagio for Strings from the String Quartet, Op. 11",Samuel Barber,0.0
15,Classical 101 - The Basics,Ave Maria,Franz Schubert,0.0
15,Classical 101 - The Basics,Canon and Gigue in D Major: I. Canon,Johann Pachelbel,0.99
15,Classical 101 - The Basics,Carmina Burana: O Fortuna,Carl Orff,0.0
15,Classical 101 - The Basics,"Concerto for 2 Violins in D Minor, BWV 1043: I. Vivace",Johann Sebastian Bach,0.0
15,Classical 101 - The Basics,"Concerto for Clarinet in A Major, K. 622: II. Adagio",Wolfgang Amadeus Mozart,0.0
15,Classical 101 - The Basics,Die Walküre: The Ride of the Valkyries,Richard Wagner,0.99
15,Classical 101 - The Basics,Fanfare for the Common Man,Aaron Copland,0.0
15,Classical 101 - The Basics,Intoitus: Adorate Deum,Anonymous,0.0
15,Classical 101 - The Basics,"Jupiter, the Bringer of Jollity",Gustav Holst,0.99
15,Classical 101 - The Basics,Madama Butterfly: Un Bel Dì Vedremo,Giacomo Puccini,0.0
15,Classical 101 - The Basics,"Miserere mei, Deus",Gregorio Allegri,0.0
15,Classical 101 - The Basics,"Requiem, Op.48: 4. Pie Jesu",Gabriel Fauré,0.99
15,Classical 101 - The Basics,Solomon HWV 67: The Arrival of the Queen of Sheba,George Frideric Handel,0.0
15,Classical 101 - The Basics,"Suite for Solo Cello No. 1 in G Major, BWV 1007: I. Prélude",Johann Sebastian Bach,0.99
15,Classical 101 - The Basics,Symphony No.5 in C Minor: I. Allegro con brio,Ludwig van Beethoven,0.0
15,Classical 101 - The Basics,"The Messiah: Behold, I Tell You a Mystery... The Trumpet Shall Sound",George Frideric Handel,0.99
15,Classical 101 - The Basics,"The Nutcracker, Op. 71a, Act II: Scene 14: Pas de deux: Dance of the Prince & the Sugar-Plum Fairy",Peter Ilyich Tchaikovsky,0.0
15,Classical 101 - The Basics,"Turandot, Act III, Nessun dorma!",Giacomo Puccini,0.0
16,Grunge,Alive,Stone Gossard,0.99
16,Grunge,Black Hole Sun,Soundgarden,0.99
16,Grunge,Come As You Are,Kurt Cobain,0.0
16,Grunge,Daughter,Dave Abbruzzese/Eddie Vedder/Jeff Ament/Mike McCready/Stone Gossard,0.0
16,Grunge,Drain You,Kurt Cobain,0.0
16,Grunge,Evenflow,Stone Gossard,0.0
16,Grunge,Hunger Strike,,0.0
16,Grunge,In Bloom,Kurt Cobain,0.99
16,Grunge,Jeremy,Jeff Ament,0.0
16,Grunge,Lithium,Kurt Cobain,0.0
16,Grunge,Man In The Box,"Jerry Cantrell, Layne Staley",0.0
16,Grunge,On A Plain,Kurt Cobain,0.99
16,Grunge,Outshined,Chris Cornell,0.99
16,Grunge,Plush,R. DeLeo/Weiland,0.99
16,Grunge,Smells Like Teen Spirit,Kurt Cobain,0.99
17,Heavy Metal Classic,2 Minutes To Midnight,Smith/Dickinson,0.99
17,Heavy Metal Classic,Ace Of Spades,Clarke/Kilmister/Taylor,0.0
17,Heavy Metal Classic,Balls to the Wall,"U. Dirkschneider, W. Hoffmann, H. Frank, P. Baltes, S. Kaufmann, G. Hoffmann",1.98
17,Heavy Metal Classic,Crazy Train,"B. Daisley, O. Osbourne & R. Rhoads",0.0
17,Heavy Metal Classic,Creeping Death,Metallica,0.99
17,Heavy Metal Classic,Enter Sandman,"James Hetfield, Lars Ulrich and Kirk Hammett",0.0
17,Heavy Metal Classic,Fast As a Shark,"F. Baltes, S. Kaufman, U. Dirkscneider & W. Hoffman",0.99
17,Heavy Metal Classic,Flying High Again,"L. Kerslake, O. Osbourne, R. Daisley & R. Rhoads",1.98
17,Heavy Metal Classic,For Those About To Rock (We Salute You),"Angus Young, Malcolm Young, Brian Johnson",0.99
17,Heavy Metal Classic,For Whom The Bell Tolls,Metallica,1.98
17,Heavy Metal Classic,I Don't Know,"B. Daisley, O. Osbourne & R. Rhoads",0.99
17,Heavy Metal Classic,Killers,Steve Harris,0.0
17,Heavy Metal Classic,Live To Win,Clarke/Kilmister/Taylor,0.99
17,Heavy Metal Classic,Looks That Kill,Nikki Sixx,0.0
17,Heavy Metal Classic,Master Of Puppets,K.Hammett,0.99
17,Heavy Metal Classic,N.I.B.,,0.99
17,Heavy Metal Classic,Princess of the Dawn,Deaffy & R.A. Smith-Diesel,0.99
17,Heavy Metal Classic,Restless and Wild,"F. Baltes, R.A. Smith-Diesel, S. Kaufman, U. Dirkscneider & W. Hoffman",0.99
17,Heavy Metal Classic,Run to the Hills,Steve Harris,0.99
17,Heavy Metal Classic,Seek & Destroy,"James Hetfield, Lars Ulrich",0.99
17,Heavy Metal Classic,Supernaut,"Tony Iommi, Bill Ward, Geezer Butler, Ozzy Osbourne",0.0
17,Heavy Metal Classic,The Four Horsemen,"James Hetfield, Lars Ulrich, Dave Mustaine",0.99
17,Heavy Metal Classic,The Zoo,,0.99
17,Heavy Metal Classic,Wasted Years,Adrian Smith,0.0
17,Heavy Metal Classic,Where Eagles Dare,Steve Harris,1.98
17,Heavy Metal Classic,Wrathchild,Steve Harris,0.0
1,Music,"""""""40""""""",U2,0.0
8,Music,"""""""40""""""",U2,0.0
8,Music,"""""""Eine Kleine Nachtmusik"""" Serenade In G",24,0.0
1,Music,"""""""Eine Kleine Nachtmusik"""" Serenade In G",24,0.0
1,Music,"""Aria Mit 30 Veränderungen, BWV 988 """"Goldberg Variations"""": Aria""",Johann Sebastian Bach,0.0
8,Music,"""Aria Mit 30 Veränderungen, BWV 988 """"Goldberg Variations"""": Aria""",Johann Sebastian Bach,0.0
1,Music,"""Band Members Discuss Tracks from """"Revelations""""""",,0.0
8,Music,"""Band Members Discuss Tracks from """"Revelations""""""",,0.0
1,Music,"""Concerto No. 1 in E Major, RV 269 """"Spring"""": I. Allegro""",Antonio Vivaldi,0.0
8,Music,"""Concerto No. 1 in E Major, RV 269 """"Spring"""": I. Allegro""",Antonio Vivaldi,0.0
1,Music,"""Die Zauberflöte, K.620: """"Der Hölle Rache Kocht in Meinem Herze""""""",Wolfgang Amadeus Mozart,0.0
8,Music,"""Die Zauberflöte, K.620: """"Der Hölle Rache Kocht in Meinem Herze""""""",Wolfgang Amadeus Mozart,0.0
8,Music,"""Music for the Funeral of Queen Mary: VI. """"Thou Knowest",2,1.98
1,Music,"""Music for the Funeral of Queen Mary: VI. """"Thou Knowest",2,1.98
8,Music,"""Nabucco: Chorus, """"Va",2,0.0
1,Music,"""Nabucco: Chorus, """"Va",2,0.0
1,Music,"""Nimrod (Adagio) from Variations On an Original Theme, Op. 36 """"Enigma""""""",Edward Elgar,0.0
8,Music,"""Nimrod (Adagio) from Variations On an Original Theme, Op. 36 """"Enigma""""""",Edward Elgar,0.0
8,Music,"""Piano Sonata No. 14 in C Sharp Minor, Op. 27, No. 2, """"Moonlight"""": I. Adagio sostenuto""",Ludwig van Beethoven,0.99
1,Music,"""Piano Sonata No. 14 in C Sharp Minor, Op. 27, No. 2, """"Moonlight"""": I. Adagio sostenuto""",Ludwig van Beethoven,0.99
1,Music,"""Spanish moss-""""A sound portrait""""-Spanish moss""",Billy Cobham,0.99
8,Music,"""Spanish moss-""""A sound portrait""""-Spanish moss""",Billy Cobham,0.99
1,Music,"""String Quartet No. 12 in C Minor, D. 703 """"Quartettsatz"""": II. Andante - Allegro assai""",Franz Schubert,1.98
8,Music,"""String Quartet No. 12 in C Minor, D. 703 """"Quartettsatz"""": II. Andante - Allegro assai""",Franz Schubert,1.98
1,Music,"""Symphony No. 104 in D Major """"London"""": IV. Finale: Spiritoso""",Franz Joseph Haydn,0.99
8,Music,"""Symphony No. 104 in D Major """"London"""": IV. Finale: Spiritoso""",Franz Joseph Haydn,0.99
8,Music,"""Symphony No. 2, Op. 16 -  """"The Four Temperaments"""": II. Allegro Comodo e Flemmatico""",Carl Nielsen,0.99
1,Music,"""Symphony No. 2, Op. 16 -  """"The Four Temperaments"""": II. Allegro Comodo e Flemmatico""",Carl Nielsen,0.99
1,Music,"""Symphony No. 3 Op. 36 for Orchestra and Soprano """"Symfonia Piesni Zalosnych"""" \ Lento E Largo - Tranquillissimo""",Henryk Górecki,0.99
8,Music,"""Symphony No. 3 Op. 36 for Orchestra and Soprano """"Symfonia Piesni Zalosnych"""" \ Lento E Largo - Tranquillissimo""",Henryk Górecki,0.99
1,Music,"""Symphony No. 3 in E-flat major, Op. 55, """"Eroica"""" - Scherzo: Allegro Vivace""",Ludwig van Beethoven,0.0
8,Music,"""Symphony No. 3 in E-flat major, Op. 55, """"Eroica"""" - Scherzo: Allegro Vivace""",Ludwig van Beethoven,0.0
1,Music,"""Symphony No. 41 in C Major, K. 551, """"Jupiter"""": IV. Molto allegro""",Wolfgang Amadeus Mozart,0.99
8,Music,"""Symphony No. 41 in C Major, K. 551, """"Jupiter"""": IV. Molto allegro""",Wolfgang Amadeus Mozart,0.99
8,Music,"""Symphony No.1 in D Major, Op.25 """"Classical""""",24,0.0
1,Music,"""Symphony No.1 in D Major, Op.25 """"Classical""""",24,0.0
1,Music,"""Texto """"Verdade Tropical""""""",Caetano Veloso,0.99
8,Music,"""Texto """"Verdade Tropical""""""",Caetano Veloso,0.99
1,Music,#1 Zero,"Cornell, Commerford, Morello, Wilk",0.0
8,Music,#1 Zero,"Cornell, Commerford, Morello, Wilk",0.0
8,Music,#9 Dream,,0.99
1,Music,#9 Dream,,0.99
1,Music,'Round Midnight,Miles Davis,0.99
8,Music,'Round Midnight,Miles Davis,0.99
8,Music,(Anesthesia) Pulling Teeth,Cliff Burton,0.99
1,Music,(Anesthesia) Pulling Teeth,Cliff Burton,0.99
1,Music,(Da Le) Yaleo,Santana,0.0
8,Music,(Da Le) Yaleo,Santana,0.0
1,Music,(I Can't Help) Falling In Love With You,,0.0
8,Music,(I Can't Help) Falling In Love With You,,0.0
1,Music,(Oh) Pretty Woman,Bill Dees/Roy Orbison,0.0
8,Music,(Oh) Pretty Woman,Bill Dees/Roy Orbison,0.0
8,Music,(There Is) No Greater Love (Teo Licks),Isham Jones & Marty Symes,0.0
1,Music,(There Is) No Greater Love (Teo Licks),Isham Jones & Marty Symes,0.0
1,Music,(We Are) The Road Crew,Clarke/Kilmister/Taylor,0.0
8,Music,(We Are) The Road Crew,Clarke/Kilmister/Taylor,0.0
1,Music,(White Man) In Hammersmith Palais,Joe Strummer/Mick Jones,0.99
8,Music,(White Man) In Hammersmith Palais,Joe Strummer/Mick Jones,0.99
1,Music,(Wish I Could) Hideaway,J.C. Fogerty,0.99
8,Music,(Wish I Could) Hideaway,J.C. Fogerty,0.99
8,Music,...And Justice For All,"James Hetfield, Lars Ulrich & Kirk Hammett",0.99
1,Music,...And Justice For All,"James Hetfield, Lars Ulrich & Kirk Hammett",0.99
1,Music,01 - Prowler,Steve Harris,0.99
8,Music,01 - Prowler,Steve Harris,0.99
1,Music,02 - Sanctuary,David Murray/Paul Di'Anno/Steve Harris,0.0
8,Music,02 - Sanctuary,David Murray/Paul Di'Anno/Steve Harris,0.0
8,Music,03 - Remember Tomorrow,Harris/Paul Di´Anno,0.0
1,Music,03 - Remember Tomorrow,Harris/Paul Di´Anno,0.0
1,Music,04 - Running Free,Harris/Paul Di´Anno,0.99
8,Music,04 - Running Free,Harris/Paul Di´Anno,0.99
8,Music,05 - Phantom of the Opera,Steve Harris,0.99
1,Music,05 - Phantom of the Opera,Steve Harris,0.99
1,Music,06 - Transylvania,Steve Harris,0.0
8,Music,06 - Transylvania,Steve Harris,0.0
8,Music,07 - Strange World,Steve Harris,0.0
1,Music,07 - Strange World,Steve Harris,0.0
1,Music,08 - Charlotte the Harlot,Murray  Dave,0.0
8,Music,08 - Charlotte the Harlot,Murray  Dave,0.0
1,Music,09 - Iron Maiden,Steve Harris,0.99
8,Music,09 - Iron Maiden,Steve Harris,0.99
8,Music,1/2 Full,Jeff Ament,0.99
1,Music,1/2 Full,Jeff Ament,0.99
1,Music,100% HardCore,,0.0
8,Music,100% HardCore,,0.0
1,Music,13 Years Of Grief,,0.0
8,Music,13 Years Of Grief,,0.0
8,Music,14 Years,Izzy Stradlin'/W. Axl Rose,0.99
1,Music,14 Years,Izzy Stradlin'/W. Axl Rose,0.99
8,Music,16 Toneladas,,0.0
1,Music,16 Toneladas,,0.0
1,Music,1979,Billy Corgan,0.0
8,Music,1979,Billy Corgan,0.0
8,Music,19th Nervous Breakdown,Jagger/Richards,0.0
1,Music,19th Nervous Breakdown,Jagger/Richards,0.0
8,Music,1° De Julho,,0.0
1,Music,1° De Julho,,0.0
8,Music,1º De Julho,Renato Russo,0.0
1,Music,1º De Julho,Renato Russo,0.0
8,Music,2 A.M.,Blaze Bayley/Janick Gers/Steve Harris,0.99
1,Music,2 A.M.,Blaze Bayley/Janick Gers/Steve Harris,0.99
8,Music,2 Minutes To Midnight,Smith/Dickinson,0.99
1,Music,2 Minutes To Midnight,Adrian Smith/Bruce Dickinson,0.0
8,Music,2 Minutes To Midnight,Smith/Dickinson,0.99
8,Music,2 Minutes To Midnight,Adrian Smith/Bruce Dickinson,0.99
1,Music,2 Minutes To Midnight,Adrian Smith/Bruce Dickinson,0.0
1,Music,2 Minutes To Midnight,Smith/Dickinson,0.99
1,Music,2 Minutes To Midnight,Adrian Smith/Bruce Dickinson,0.99
8,Music,2 Minutes To Midnight,Adrian Smith/Bruce Dickinson,0.0
8,Music,2 Minutes To Midnight,Adrian Smith/Bruce Dickinson,0.0
1,Music,2 Minutes To Midnight,Smith/Dickinson,0.99
1,Music,2 X 4,"James Hetfield, Lars Ulrich, Kirk Hammett",0.99
8,Music,2 X 4,"James Hetfield, Lars Ulrich, Kirk Hammett",0.99
1,Music,"2,000 Man","Mick Jagger, Keith Richard",0.0
8,Music,"2,000 Man","Mick Jagger, Keith Richard",0.0
1,Music,20 Flight Rock,Ned Fairchild,0.0
8,Music,20 Flight Rock,Ned Fairchild,0.0
8,Music,200 Years Old,Frank Zappa,0.0
1,Music,200 Years Old,Frank Zappa,0.0
8,Music,2112 Overture,Geddy Lee And Alex Lifeson/Geddy Lee And Neil Peart/Rush,0.0
1,Music,2112 Overture,Geddy Lee And Alex Lifeson/Geddy Lee And Neil Peart/Rush,0.0
1,Music,22 Acacia Avenue,Adrian Smith/Steve Harris,0.0
8,Music,22 Acacia Avenue,Adrian Smith/Steve Harris,0.0
1,Music,"24 Caprices, Op. 1, No. 24, for Solo Violin, in A Minor",Niccolò Paganini,0.0
8,Music,"24 Caprices, Op. 1, No. 24, for Solo Violin, in A Minor",Niccolò Paganini,0.0
8,Music,"3 Gymnopédies: No.1 - Lent Et Grave, No.3 - Lent Et Douloureux",Erik Satie,0.0
1,Music,"3 Gymnopédies: No.1 - Lent Et Grave, No.3 - Lent Et Douloureux",Erik Satie,0.0
8,Music,32 Dentes,Titãs,0.99
1,Music,32 Dentes,Titãs,0.99
8,Music,5.15,Pete Townshend,0.99
1,Music,5.15,Pete Townshend,0.99
1,Music,51st Anniversary,Jimi Hendrix,0.0
8,Music,51st Anniversary,Jimi Hendrix,0.0
8,Music,A Banda,,0.99
1,Music,A Banda,,0.99
8,Music,A Bencao E Outros,,0.99
1,Music,A Bencao E Outros,,0.99
1,Music,A Carta,"Djavan - Gabriel, O Pensador",0.0
8,Music,A Carta,"Djavan - Gabriel, O Pensador",0.0
8,Music,A Castle Full Of Rascals,"Ian Gillan, Roger Glover, Jon Lord, Steve Morse, Ian Paice",0.0
1,Music,A Castle Full Of Rascals,"Ian Gillan, Roger Glover, Jon Lord, Steve Morse, Ian Paice",0.0
1,Music,A Cor Do Sol,Bernardo Vilhena/Da Gama/Lazao,0.0
8,Music,A Cor Do Sol,Bernardo Vilhena/Da Gama/Lazão,1.98
8,Music,A Cor Do Sol,Bernardo Vilhena/Da Gama/Lazao,0.0
1,Music,A Cor Do Sol,Bernardo Vilhena/Da Gama/Lazão,1.98
8,Music,A Cura,,0.99
1,Music,A Cura,,0.99
1,Music,A Different Kind Of Blue,"Brian Eno, Bono, Adam Clayton, The Edge & Larry Mullen Jnr.",0.0
8,Music,A Different Kind Of Blue,"Brian Eno, Bono, Adam Clayton, The Edge & Larry Mullen Jnr.",0.0
1,Music,A E O Z,Mutantes,0.0
8,Music,A E O Z,Mutantes,0.0
1,Music,A Estrada,Da Gama/Lazao/Toni Garrido,0.0
8,Music,A Estrada,Da Gama/Lazao/Toni Garrido,0.0
8,Music,A Estrada,Bino Farias/Da Gama/Lazão/Toni Garrido,0.0
1,Music,A Estrada,Bino Farias/Da Gama/Lazão/Toni Garrido,0.0
8,Music,A Festa Do Santo Reis,,0.99
1,Music,A Festa Do Santo Reis,,0.99
1,Music,A Kind Of Magic,Roger Taylor,0.99
8,Music,A Kind Of Magic,Roger Taylor,0.99
1,Music,A Luz De Tieta,Caetano Veloso,0.0
8,Music,A Luz De Tieta,Caetano Veloso,0.0
8,Music,A Man And A Woman,"Adam Clayton, Bono, Larry Mullen & The Edge",0.99
1,Music,A Man And A Woman,"Adam Clayton, Bono, Larry Mullen & The Edge",0.99
1,Music,A Melhor Forma,Titãs,1.98
8,Music,A Melhor Forma,Titãs,1.98
8,Music,A Menina Dança,Caetano Veloso e Gilberto Gil,0.99
1,Music,A Menina Dança,Caetano Veloso e Gilberto Gil,0.99
8,Music,"A Midsummer Night's Dream, Op.61 Incidental Music: No.7 Notturno",,0.99
1,Music,"A Midsummer Night's Dream, Op.61 Incidental Music: No.7 Notturno",,0.99
1,Music,A Moça e a Chuva,Mônica Marianno,0.99
8,Music,A Moça e a Chuva,Mônica Marianno,0.99
8,Music,A New Flame,Mick Hucknall,0.0
1,Music,A New Flame,Mick Hucknall,0.0
1,Music,A Noite Do Meu Bem,Dolores Duran,0.99
8,Music,A Noite Do Meu Bem,Dolores Duran,0.99
1,Music,A Novidade,Gilberto Gil,0.0
8,Music,A Novidade,Gilberto Gil,0.0
8,Music,A Novidade (Live),,1.98
1,Music,A Novidade (Live),,1.98
8,Music,A Paz,Donato/Gilberto Gil,0.0
8,Music,A Paz,Gilberto Gil,0.99
1,Music,A Paz,Donato/Gilberto Gil,0.0
1,Music,A Paz,Gilberto Gil,0.99
1,Music,A Room At The Heartbreak Hotel,U2,0.0
8,Music,A Room At The Heartbreak Hotel,U2,0.0
8,Music,A Rua,,0.0
1,Music,A Rua,,0.0
1,Music,A Small Victory,,0.99
8,Music,A Small Victory,,0.99
8,Music,A Sombra Da Maldade,Da Gama/Toni Garrido,0.0
8,Music,A Sombra Da Maldade,Da Gama/Toni Garrido,0.0
1,Music,A Sombra Da Maldade,Da Gama/Toni Garrido,0.0
1,Music,A Sombra Da Maldade,Da Gama/Toni Garrido,0.0
1,Music,A Statistic,,0.99
8,Music,A Statistic,,0.99
8,Music,A Sua,Rodolfo,0.99
1,Music,A Sua,Rodolfo,0.99
1,Music,A Tarde,,0.0
8,Music,A Tarde,,0.0
8,Music,A Touch Away,"Ian Gillan, Roger Glover, Jon Lord, Steve Morse, Ian Paice",0.99
1,Music,A Touch Away,"Ian Gillan, Roger Glover, Jon Lord, Steve Morse, Ian Paice",0.99
1,Music,A Twist In The Tail,roger glover,0.99
8,Music,A Twist In The Tail,roger glover,0.99
8,Music,A Via Láctea,Renato Russo,0.0
1,Music,A Via Láctea,Renato Russo,0.0
1,Music,A Volta Da Asa Branca,Luiz Gonzaga/Zé Dantas,0.0
8,Music,A Volta Da Asa Branca,Luiz Gonzaga/Zé Dantas,0.0
8,Music,A World Without Heroes,"Paul Stanley, Gene Simmons, Bob Ezrin, Lewis Reed",0.0
1,Music,A World Without Heroes,"Paul Stanley, Gene Simmons, Bob Ezrin, Lewis Reed",0.0
1,Music,A Última Guerra,"Leão, Rodrigo F./Lô Borges/Samuel Rosa",0.0
8,Music,A Última Guerra,"Leão, Rodrigo F./Lô Borges/Samuel Rosa",0.0
1,Music,A.N.D.R.O.T.A.Z.,,0.99
8,Music,A.N.D.R.O.T.A.Z.,,0.99
1,Music,"Abraham, Martin And John",Dick Holler,1.98
8,Music,"Abraham, Martin And John",Dick Holler,1.98
8,Music,Abrir A Porta,Vários,0.99
1,Music,Abrir A Porta,Vários,0.99
1,Music,Absolute Zero,"Mike Bordin, Billy Gould, Mike Patton",0.0
8,Music,Absolute Zero,"Mike Bordin, Billy Gould, Mike Patton",0.0
8,Music,Acacia Avenue,,0.0
1,Music,Acacia Avenue,,0.0
1,Music,Ace Of Spades,Clarke/Kilmister/Taylor,0.0
8,Music,Ace Of Spades,Clarke/Kilmister/Taylor,0.0
8,Music,Acelerou,,0.99
1,Music,Acelerou,,0.99
1,Music,Acelerou,Djavan,0.99
8,Music,Acelerou,Djavan,0.99
1,Music,Aces High,Harris,1.98
8,Music,Aces High,,0.0
8,Music,Aces High,Harris,1.98
1,Music,Aces High,,0.0
1,Music,Achilles Last Stand,Jimmy Page/Robert Plant,0.99
8,Music,Achilles Last Stand,Jimmy Page/Robert Plant,0.99
8,Music,Acrobat,U2,0.99
1,Music,Acrobat,U2,0.99
8,Music,"Act IV, Symphony",Henry Purcell,0.99
1,Music,"Act IV, Symphony",Henry Purcell,0.99
8,Music,Action,,0.99
1,Music,Action,,0.99
8,Music,"Adagio for Strings from the String Quartet, Op. 11",Samuel Barber,0.0
1,Music,"Adagio for Strings from the String Quartet, Op. 11",Samuel Barber,0.0
8,Music,Adeus,,0.0
1,Music,Adeus,,0.0
8,Music,Adios nonino,Astor Piazzolla,0.99
1,Music,Adios nonino,Astor Piazzolla,0.99
8,Music,Admirável Gado Novo,,0.99
1,Music,Admirável Gado Novo,,0.99
8,Music,Adoled (Ocean),,0.0
1,Music,Adoled (Ocean),,0.0
1,Music,Advance Romance,Frank Zappa,0.99
8,Music,Advance Romance,Frank Zappa,0.99
8,Music,Aeroplane Flies High,Billy Corgan,0.99
1,Music,Aeroplane Flies High,Billy Corgan,0.99
1,Music,Afraid,Nikki Sixx,0.0
8,Music,Afraid,Nikki Sixx,0.0
8,Music,Afraid To Shoot Strangers,Steve Harris,0.0
8,Music,Afraid To Shoot Strangers,,0.99
1,Music,Afraid To Shoot Strangers,Steve Harris,0.99
1,Music,Afraid To Shoot Strangers,,0.99
8,Music,Afraid To Shoot Strangers,Steve Harris,0.99
1,Music,Afraid To Shoot Strangers,Steve Harris,0.0
8,Music,Africa Bamba,"I. Toure, S. Tidiane Toure, Carlos Santana & K. Perazzo",0.0
1,Music,Africa Bamba,"I. Toure, S. Tidiane Toure, Carlos Santana & K. Perazzo",0.0
1,Music,After Midnight,Clapton/J. J. Cale,0.99
8,Music,After Midnight,Clapton/J. J. Cale,0.99
1,Music,Aftermath,The Tea Party,0.0
8,Music,Aftermath,The Tea Party,0.0
1,Music,Again,Lenny Kravitz,0.0
8,Music,Again,Lenny Kravitz,0.0
8,Music,Age Of Innocence,David Murray/Steve Harris,0.99
1,Music,Age Of Innocence,David Murray/Steve Harris,0.99
8,Music,Agora Que O Dia Acordou,,0.99
1,Music,Agora Que O Dia Acordou,,0.99
1,Music,Aguia De Ouro 2001,,0.0
8,Music,Aguia De Ouro 2001,,0.0
8,Music,Ain't My Bitch,"James Hetfield, Lars Ulrich",0.99
1,Music,Ain't My Bitch,"James Hetfield, Lars Ulrich",0.99
8,Music,Ain't Talkin' 'Bout Love,"Edward Van Halen, Alex Van Halen, Michael Anthony and David Lee Roth",0.0
1,Music,Ain't Talkin' 'Bout Love,"Edward Van Halen, Alex Van Halen, Michael Anthony and David Lee Roth",0.0
1,Music,Ain't Talkin' 'bout Love,"Edward Van Halen, Alex Van Halen, David Lee Roth, Michael Anthony",0.99
8,Music,Ain't Talkin' 'bout Love,"Edward Van Halen, Alex Van Halen, David Lee Roth, Michael Anthony",0.99
1,Music,Ainda Lembro,Caetano Veloso e Gilberto Gil,0.0
8,Music,Ainda Lembro,Caetano Veloso e Gilberto Gil,0.0
8,Music,Ainda É Cedo,Dado Villa-Lobos/Ico Ouro-Preto/Marcelo Bonfá,0.0
1,Music,Ainda É Cedo,Dado Villa-Lobos/Ico Ouro-Preto/Marcelo Bonfá,0.0
8,Music,Alabama Song,Weill-Brecht,0.0
1,Music,Alabama Song,Weill-Brecht,0.0
1,Music,Alagados,,0.0
8,Music,Alagados,,0.0
1,Music,Alarum,The Tea Party,0.0
8,Music,Alarum,The Tea Party,0.0
1,Music,Alberta,Traditional,0.99
8,Music,Alberta,Traditional,0.99
8,Music,Alcohol,,0.0
1,Music,Alcohol,,0.0
1,Music,"Alegria, Alegria",,0.0
8,Music,"Alegria, Alegria",,0.0
8,Music,Alexander the Great,Steve Harris,0.0
1,Music,Alexander the Great,Steve Harris,0.0
1,Music,Ali,Nando Reis/Samuel Rosa,0.99
8,Music,Ali,Nando Reis/Samuel Rosa,0.99
1,Music,Alice,Vários,0.0
8,Music,Alice,Vários,0.0
1,Music,Alive,Stone Gossard,0.99
8,Music,Alive,Stone Gossard,0.99
8,Music,All Along The Watchtower,"Dylan, Bob",1.98
1,Music,All Along The Watchtower,"Dylan, Bob",1.98
1,Music,All Because Of You,"Adam Clayton, Bono, Larry Mullen & The Edge",0.99
8,Music,All Because Of You,"Adam Clayton, Bono, Larry Mullen & The Edge",0.99
1,Music,"All Dead, All Dead",May,0.99
8,Music,"All Dead, All Dead",May,0.99
8,Music,All For You,,0.99
1,Music,All For You,,0.99
1,Music,All I Really Want,Alanis Morissette & Glenn Ballard,0.99
8,Music,All I Really Want,Alanis Morissette & Glenn Ballard,0.99
8,Music,All I Want Is You,"Bono/Clayton, Adam/Mullen Jr., Larry/The Edge",0.99
1,Music,All I Want Is You,U2 & Van Dyke Parks,0.99
1,Music,All I Want Is You,"Bono/Clayton, Adam/Mullen Jr., Larry/The Edge",0.99
8,Music,All I Want Is You,U2 & Van Dyke Parks,0.99
8,Music,All My Life,Foo Fighters,0.0
1,Music,All My Life,Foo Fighters,0.0
1,Music,All My Love,Robert Plant & John Paul Jones,0.99
8,Music,All My Love,E. Schrody/L. Dimant,0.0
8,Music,All My Love,Robert Plant & John Paul Jones,0.99
1,Music,All My Love,E. Schrody/L. Dimant,0.0
8,Music,All Night Thing,,0.99
1,Music,All Night Thing,,0.99
8,Music,All Star,Nando Reis,0.99
1,Music,All Star,Nando Reis,0.99
1,Music,All Within My Hands,Bob Rock/James Hetfield/Kirk Hammett/Lars Ulrich,0.99
8,Music,All Within My Hands,Bob Rock/James Hetfield/Kirk Hammett/Lars Ulrich,0.99
1,Music,All or None,Stone Gossard,0.0
8,Music,All or None,Stone Gossard,0.0
8,Music,Aloha,Renato Russo,0.99
1,Music,Aloha,Renato Russo,0.99
1,Music,Always Be All Right,,0.0
8,Music,Always Be All Right,,0.0
8,Music,Always Forever Now,"Brian Eno, Bono, Adam Clayton, The Edge & Larry Mullen Jnr.",0.0
1,Music,Always Forever Now,"Brian Eno, Bono, Adam Clayton, The Edge & Larry Mullen Jnr.",0.0
1,Music,Always On The Run,Lenny Kravitz/Slash,0.0
8,Music,Always On The Run,Lenny Kravitz/Slash,0.0
1,Music,"Always With Me, Always With You",,0.99
8,Music,"Always With Me, Always With You",,0.99
8,Music,Alô Alô Marciano,Vários,0.0
1,Music,Alô Alô Marciano,Vários,0.0
1,Music,"Alô, Alô, Marciano",,0.99
8,Music,"Alô, Alô, Marciano",,0.99
8,Music,Am I Evil?,Harris/Tatler,0.99
1,Music,Am I Evil?,Harris/Tatler,0.99
8,Music,Amanda,Luca Gusella,0.0
1,Music,Amanda,Luca Gusella,0.0
8,Music,Amanhã Não Se Sabe,Sérgio Britto,0.99
1,Music,Amanhã Não Se Sabe,Sérgio Britto,0.99
1,Music,Amar É Tudo,Djavan,0.0
8,Music,Amar É Tudo,Djavan,0.0
8,Music,Amazing,"Steven Tyler, Richie Supa",0.99
1,Music,Amazing,"Steven Tyler, Richie Supa",0.99
8,Music,American Gothic,Billy Duffy/Ian Astbury,0.0
1,Music,American Gothic,Billy Duffy/Ian Astbury,0.0
8,Music,American Idiot,"Billie Joe Armstrong, Mike Dirnt, Tré Cool",0.99
1,Music,American Idiot,"Billie Joe Armstrong, Mike Dirnt, Tré Cool",0.99
8,Music,American Woman,B. Cummings/G. Peterson/M.J. Kale/R. Bachman,0.99
1,Music,American Woman,B. Cummings/G. Peterson/M.J. Kale/R. Bachman,0.99
8,Music,Amor De Muito,Chico Science,1.98
1,Music,Amor De Muito,Chico Science,1.98
1,Music,Amor Demais,,0.99
8,Music,Amor Demais,,0.99
8,Music,Amy Amy Amy (Outro),"""Astor Campbell, Delroy """"Chris"""" Cooper",0.99
1,Music,Amy Amy Amy (Outro),"""Astor Campbell, Delroy """"Chris"""" Cooper",0.99
8,Music,And the Cradle Will Rock...,"Edward Van Halen, Alex Van Halen, David Lee Roth, Michael Anthony",0.0
1,Music,And the Cradle Will Rock...,"Edward Van Halen, Alex Van Halen, David Lee Roth, Michael Anthony",0.0
1,Music,Ando Meio Desligado,Arnaldo Baptista - Rita Lee -  Sérgio Dias,1.98
1,Music,Ando Meio Desligado,Caetano Veloso,0.0
8,Music,Ando Meio Desligado,Arnaldo Baptista - Rita Lee -  Sérgio Dias,1.98
8,Music,Ando Meio Desligado,Caetano Veloso,0.0
8,Music,Aneurysm,Nirvana,0.0
1,Music,Aneurysm,Nirvana,0.0
1,Music,Angel,Carolyn Franklin and Sonny Saunders,0.0
8,Music,Angel,Carolyn Franklin and Sonny Saunders,0.0
8,Music,Angel,"Steven Tyler, Desmond Child",0.99
1,Music,Angel,"Steven Tyler, Desmond Child",0.99
1,Music,Angel Of Harlem,U2,0.99
8,Music,Angel Of Harlem,"Bono/Clayton, Adam/Mullen Jr., Larry/The Edge",0.0
1,Music,Angel Of Harlem,"Bono/Clayton, Adam/Mullen Jr., Larry/The Edge",0.0
8,Music,Angel Of Harlem,U2,0.99
8,Music,Angela,,0.99
1,Music,Angela,,0.99
8,Music,Animal,Dave Abbruzzese/Eddie Vedder/Jeff Ament/Mike McCready/Stone Gossard,0.99
1,Music,Animal,,0.99
1,Music,Animal,Dave Abbruzzese/Eddie Vedder/Jeff Ament/Mike McCready/Stone Gossard,0.99
8,Music,Animal,,0.99
8,Music,Another Life,Steve Harris,0.99
1,Music,Another Life,Steve Harris,0.99
8,Music,Another One Bites The Dust,"Deacon, John",0.99
1,Music,Another One Bites The Dust,"Deacon, John",0.99
1,Music,Another Round,"Dave Grohl, Taylor Hawkins, Nate Mendel, Chris Shiflett/FOO FIGHTERS",0.0
8,Music,Another Round,"Dave Grohl, Taylor Hawkins, Nate Mendel, Chris Shiflett/FOO FIGHTERS",0.0
8,Music,Antene Se,,0.0
1,Music,Antene Se,,0.0
1,Music,Antes Das Seis,Dado Villa-Lobos,0.0
8,Music,Antes Das Seis,Dado Villa-Lobos,0.0
1,Music,Anthem,Geddy Lee And Alex Lifeson/Geddy Lee And Neil Peart/Rush,0.99
8,Music,Anthem,Geddy Lee And Alex Lifeson/Geddy Lee And Neil Peart/Rush,0.99
8,Music,Any Colour You Like,"Gilmour, Mason, Wright, Waters",0.99
1,Music,Any Colour You Like,"Gilmour, Mason, Wright, Waters",0.99
1,Music,Anya,jon lord/roger glover,0.0
8,Music,Anya,jon lord/roger glover,0.0
8,Music,Anyone's Daughter,"Ritchie Blackmore, Ian Gillan, Roger Glover, Jon Lord, Ian Paice",0.0
1,Music,Anyone's Daughter,"Ritchie Blackmore, Ian Gillan, Roger Glover, Jon Lord, Ian Paice",0.0
1,Music,Anything Goes,,0.99
8,Music,Anything Goes,,0.99
1,Music,"Anyway, Anyhow, Anywhere","Pete Townshend, Roger Daltrey",0.99
8,Music,"Anyway, Anyhow, Anywhere","Pete Townshend, Roger Daltrey",0.99
8,Music,Ao Meu Redor,Caetano Veloso e Gilberto Gil,0.0
1,Music,Ao Meu Redor,Caetano Veloso e Gilberto Gil,0.0
1,Music,Aonde Quer Que Eu Va,Herbert Vianna/Paulo Sérgio Valle,0.0
8,Music,Aonde Quer Que Eu Va,Herbert Vianna/Paulo Sérgio Valle,0.0
1,Music,Aos Leões,Mônica Marianno,0.99
8,Music,Aos Leões,Mônica Marianno,0.99
8,Music,Apache Rose Peacock,Anthony Kiedis/Chad Smith/Flea/John Frusciante,0.0
1,Music,Apache Rose Peacock,Anthony Kiedis/Chad Smith/Flea/John Frusciante,0.0
1,Music,Apesar De Você,,0.99
8,Music,Apesar De Você,,0.99
1,Music,Aprendendo A Jogar,,0.99
8,Music,Aprendendo A Jogar,,0.99
1,Music,Aquarela (Toquinho),,0.0
8,Music,Aquarela (Toquinho),,0.0
1,Music,Aquele Abraço,Gilberto Gil,0.99
8,Music,Aquele Abraço,Gilberto Gil,0.99
1,Music,Aquilo,,0.99
8,Music,Aquilo,,0.99
1,Music,Arc,Pearl Jam,0.99
8,Music,Arc,Pearl Jam,0.99
1,Music,Are We The Waiting,Green Day,0.99
8,Music,Are We The Waiting,Green Day,0.99
1,Music,Are You Experienced?,Jimi Hendrix,0.0
8,Music,Are You Experienced?,Jimi Hendrix,0.0
1,Music,Are You Gonna Be My Girl,C. Muncey/N. Cester,0.99
8,Music,Are You Gonna Be My Girl,C. Muncey/N. Cester,0.99
1,Music,Are You Gonna Go My Way,Craig Ross/Lenny Kravitz,0.99
8,Music,Are You Gonna Go My Way,Craig Ross/Lenny Kravitz,0.99
8,Music,Armadura,,0.99
1,Music,Armadura,,0.99
1,Music,Armageddon It,,0.0
8,Music,Armageddon It,,0.0
8,Music,Arms Around Your Love,Chris Cornell,0.0
1,Music,Arms Around Your Love,Chris Cornell,0.0
1,Music,Army Ants,The Tea Party,0.99
8,Music,Army Ants,The Tea Party,0.99
1,Music,Army Reserve,Jeff Ament,0.0
8,Music,Army Reserve,Jeff Ament,0.0
1,Music,Around The World,Anthony Kiedis/Chad Smith/Flea/John Frusciante,0.99
8,Music,Around The World,Anthony Kiedis/Chad Smith/Flea/John Frusciante,0.99
8,Music,Arrepio,Carlinhos Brown,0.0
1,Music,Arrepio,Carlinhos Brown,0.0
8,Music,As Aparências Enganam,,0.99
1,Music,As Aparências Enganam,,0.99
1,Music,As Dores do Mundo,Hyldon,0.99
8,Music,As Dores do Mundo,Hyldon,0.99
1,Music,As Pegadas Do Amor,Gilberto Gil,0.0
8,Music,As Pegadas Do Amor,Gilberto Gil,0.0
1,Music,As Profecias,,0.99
8,Music,As Profecias,,0.99
8,Music,As Rosas Não Falam (Beth Carvalho),,1.98
1,Music,As Rosas Não Falam (Beth Carvalho),,1.98
1,Music,As Tears Go By,Jagger/Richards/Oldham,0.99
8,Music,As Tears Go By,Jagger/Richards/Oldham,0.99
1,Music,As The Years Go by,Albert King,0.0
8,Music,As The Years Go by,Albert King,0.0
8,Music,As We Sleep,,0.99
1,Music,As We Sleep,,0.99
8,Music,Asa Branca,Humberto Teixeira/Luiz Gonzaga,0.0
1,Music,Asa Branca,Humberto Teixeira/Luiz Gonzaga,0.0
8,Music,Asas,,0.0
1,Music,Asas,,0.0
1,Music,Ashes And Ghosts,Billy Duffy/Bob Rock/Ian Astbury,0.0
8,Music,Ashes And Ghosts,Billy Duffy/Bob Rock/Ian Astbury,0.0
8,Music,Ashes To Ashes,Bill Gould/Jon Hudson/Mike Bordin/Mike Patton/Roddy Bottum,0.99
1,Music,Ashes To Ashes,Bill Gould/Jon Hudson/Mike Bordin/Mike Patton/Roddy Bottum,0.99
8,Music,Assaltaram A Gramática,,0.99
1,Music,Assaltaram A Gramática,,0.99
1,Music,Assim Caminha A Humanidade,,0.99
8,Music,Assim Caminha A Humanidade,,0.99
8,Music,Assum Preto,Humberto Teixeira/Luiz Gonzaga,0.99
1,Music,Assum Preto,Humberto Teixeira/Luiz Gonzaga,0.99
1,Music,Astronomy,A.Bouchard/J.Bouchard/S.Pearlman,0.99
8,Music,Astronomy,A.Bouchard/J.Bouchard/S.Pearlman,0.99
8,Music,Atomic Punk,"Edward Van Halen, Alex Van Halen, Michael Anthony and David Lee Roth",0.99
1,Music,Atomic Punk,"Edward Van Halen, Alex Van Halen, Michael Anthony and David Lee Roth",0.99
8,Music,Atras Da Porta,,0.99
1,Music,Atras Da Porta,,0.99
1,Music,Atrás Da Verd-E-Rosa Só Não Vai Quem Já Morreu,David Corrêa - Paulinho Carvalho - Carlos Sena - Bira do Ponto,0.99
8,Music,Atrás Da Verd-E-Rosa Só Não Vai Quem Já Morreu,David Corrêa - Paulinho Carvalho - Carlos Sena - Bira do Ponto,0.99
1,Music,Atrás Do Trio Elétrico,,0.0
8,Music,Atrás Do Trio Elétrico,,0.0
1,Music,Atrás da Porta,,0.99
8,Music,Atrás da Porta,,0.99
8,Music,Attitude,"Hetfield, Ulrich",0.99
1,Music,Attitude,"Hetfield, Ulrich",0.99
1,Music,Até Que Enfim Encontrei Você,Tim Maia,0.0
8,Music,Até Que Enfim Encontrei Você,Tim Maia,0.0
1,Music,Ava Adore,Billy Corgan,0.99
8,Music,Ava Adore,Billy Corgan,0.99
1,Music,Ave Maria,Franz Schubert,0.0
8,Music,Ave Maria,Franz Schubert,0.0
8,Music,Avisa,,0.99
1,Music,Avisa,,0.99
8,Music,Aviso Aos Navegantes,,0.0
1,Music,Aviso Aos Navegantes,,0.0
8,Music,Azul,Djavan,1.98
1,Music,Azul,Djavan,1.98
1,Music,Azul Da Cor Do Mar,Tim Maia,0.0
8,Music,Azul Da Cor Do Mar,Tim Maia,0.0
8,Music,Açai,Djavan,1.98
1,Music,Açai,Djavan,1.98
8,Music,B.Y.O.B.,"Tankian, Serj",0.99
1,Music,B.Y.O.B.,"Tankian, Serj",0.99
8,Music,Baba O'Riley,John Entwistle/Pete Townshend,0.99
1,Music,Baba O'Riley,John Entwistle/Pete Townshend,0.99
8,Music,Babe I'm Gonna Leave You,Jimmy Page/Robert Plant,0.0
1,Music,Babe I'm Gonna Leave You,Jimmy Page/Robert Plant,0.0
8,Music,Baby,Caetano Veloso,0.0
1,Music,Baby,Caetano Veloso,0.0
1,Music,Baby Break It Down,Jagger/Richards,0.0
8,Music,Baby Break It Down,Jagger/Richards,0.0
1,Music,Babyface,U2; Bono,0.99
8,Music,Babyface,U2; Bono,0.99
1,Music,Babylon,The Tea Party,0.0
8,Music,Babylon,The Tea Party,1.98
1,Music,Babylon,The Tea Party,1.98
8,Music,Babylon,The Tea Party,0.0
8,Music,Back Door Man,"Willie Dixon, C. Burnett",0.99
1,Music,Back Door Man,"Willie Dixon, C. Burnett",0.99
8,Music,Back in the Village,Dickinson/Smith,0.99
1,Music,Back in the Village,Dickinson/Smith,0.99
8,Music,Back off Bitch,,0.99
1,Music,Back off Bitch,,0.99
8,Music,Back to Black,Mark Ronson,0.99
1,Music,Back to Black,Mark Ronson,0.99
1,Music,Bad,U2,0.99
8,Music,Bad,U2,0.99
1,Music,Bad Apples,,0.0
8,Music,Bad Apples,,0.0
1,Music,Bad Attitude,"Richie Blackmore, Ian Gillian, Roger Glover, Jon Lord",0.0
8,Music,Bad Attitude,"Richie Blackmore, Ian Gillian, Roger Glover, Jon Lord",0.0
8,Music,Bad Boy,Larry Williams,0.0
1,Music,Bad Boy,Larry Williams,0.0
8,Music,Bad Boy Boogie,AC/DC,0.0
1,Music,Bad Boy Boogie,AC/DC,0.0
8,Music,Bad Moon Rising,J. C. Fogerty,0.99
1,Music,Bad Moon Rising,J. C. Fogerty,0.99
8,Music,Bad Obsession,,0.99
1,Music,Bad Obsession,,0.99
1,Music,Bad Seed,"Hetfield, Ulrich, Hammett",0.99
8,Music,Bad Seed,"Hetfield, Ulrich, Hammett",0.99
8,Music,"Bad, Bad Leroy Brown",jim croce,0.99
1,Music,"Bad, Bad Leroy Brown",jim croce,0.99
8,Music,Badge,Clapton/Harrison,0.99
1,Music,Badge,Clapton/Harrison,0.99
8,Music,Baixo Rio,,0.0
1,Music,Baixo Rio,,0.0
8,Music,Baião Ambiental [Instrumental],Chico Science,0.0
1,Music,Baião Ambiental [Instrumental],Chico Science,0.0
1,Music,Baião Da Penha,,0.0
8,Music,Baião Da Penha,,0.0
8,Music,Balada Da Paula,Emerson Villani,0.0
1,Music,Balada Da Paula,Emerson Villani,0.0
8,Music,Balada Do Amor Inabalável,Fausto Fawcett/Samuel Rosa,0.0
1,Music,Balada Do Amor Inabalável,Fausto Fawcett/Samuel Rosa,0.0
1,Music,Balada Do Louco,Arnaldo Baptista - Rita Lee,0.0
8,Music,Balada Do Louco,Arnaldo Baptista - Rita Lee,0.0
8,Music,Balanço,,0.99
1,Music,Balanço,,0.99
8,Music,Ballot or the Bullet,Van Halen,0.0
1,Music,Ballot or the Bullet,Van Halen,0.0
8,Music,Balls to the Wall,"U. Dirkschneider, W. Hoffmann, H. Frank, P. Baltes, S. Kaufmann, G. Hoffmann",1.98
1,Music,Balls to the Wall,"U. Dirkschneider, W. Hoffmann, H. Frank, P. Baltes, S. Kaufmann, G. Hoffmann",1.98
1,Music,"Baltimore, DC",John Scofield,0.99
8,Music,"Baltimore, DC",John Scofield,0.99
1,Music,Banditismo Por Uma Questa,,0.99
8,Music,Banditismo Por Uma Questa,,0.99
1,Music,Banditismo Por Uma Questa,,0.99
8,Music,Banditismo Por Uma Questa,,0.99
8,Music,Banho De Lua,B. de Filippi - F. Migliaci - Versão: Fred Jorge,0.0
1,Music,Banho De Lua,B. de Filippi - F. Migliaci - Versão: Fred Jorge,0.0
1,Music,Bankrobber,Joe Strummer/Mick Jones,0.99
8,Music,Bankrobber,Joe Strummer/Mick Jones,0.99
8,Music,Bark at the Moon,O. Osbourne,0.99
1,Music,Bark at the Moon,O. Osbourne,0.99
8,Music,Basket Case,Billie Joe Armstrong -Words Green Day -Music,1.98
1,Music,Basket Case,Billie Joe Armstrong -Words Green Day -Music,1.98
1,Music,Bass Trap,U2,0.99
8,Music,Bass Trap,U2,0.99
1,Music,Bastille Day,Geddy Lee And Alex Lifeson/Geddy Lee And Neil Peart/Rush,0.0
8,Music,Bastille Day,Geddy Lee And Alex Lifeson/Geddy Lee And Neil Peart/Rush,0.0
8,Music,Bat Macumba,Gilberto Gil - Caetano Veloso,0.0
1,Music,Bat Macumba,Gilberto Gil - Caetano Veloso,0.0
8,Music,Batalha Naval,,0.0
1,Music,Batalha Naval,,0.0
1,Music,Bate Lata,Fábio Nolasco/Gal Sales/Ivan Brasil,0.0
8,Music,Bate Lata,Fábio Nolasco/Gal Sales/Ivan Brasil,0.0
1,Music,Battery,J.Hetfield/L.Ulrich,1.98
8,Music,Battery,J.Hetfield/L.Ulrich,1.98
8,Music,Be Aggressive,,0.99
1,Music,Be Aggressive,,0.99
1,Music,Be Good Johnny,,0.99
8,Music,Be Good Johnny,,0.99
1,Music,Be Mine,Bill Berry-Peter Buck-Mike Mills-Michael Stipe,0.99
8,Music,Be Mine,Bill Berry-Peter Buck-Mike Mills-Michael Stipe,0.99
8,Music,Be Quick Or Be Dead,,0.0
1,Music,Be Quick Or Be Dead,Bruce Dickinson/Janick Gers,0.0
1,Music,Be Quick Or Be Dead,,0.0
8,Music,Be Quick Or Be Dead,Bruce Dickinson/Janick Gers,0.0
1,Music,Be Quick Or Be Dead,Bruce Dickinson/Janick Gers,0.0
8,Music,Be Quick Or Be Dead,Bruce Dickinson/Janick Gers,0.0
8,Music,Be Yourself,"Cornell, Commerford, Morello, Wilk",0.0
1,Music,Be Yourself,"Cornell, Commerford, Morello, Wilk",0.0
8,Music,Beach Sequence,"Brian Eno, Bono, Adam Clayton, The Edge & Larry Mullen Jnr.",0.99
1,Music,Beach Sequence,"Brian Eno, Bono, Adam Clayton, The Edge & Larry Mullen Jnr.",0.99
1,Music,Beautiful Boy,,1.98
8,Music,Beautiful Boy,,1.98
1,Music,Beautiful Day,"Adam Clayton, Bono, Larry Mullen, The Edge",0.0
8,Music,Beautiful Day,"Adam Clayton, Bono, Larry Mullen, The Edge",0.0
1,Music,Because You Are,Billy Corgan,0.0
8,Music,Because You Are,Billy Corgan,0.0
8,Music,Been A Son,Kurt Cobain,0.99
1,Music,Been A Son,Kurt Cobain,0.99
1,Music,Before You Accuse Me,J.C. Fogerty,0.99
8,Music,Before You Accuse Me,J.C. Fogerty,0.99
8,Music,Before You Accuse Me,Eugene McDaniel,0.99
1,Music,Before You Accuse Me,Eugene McDaniel,0.99
8,Music,Behind The Wall Of Sleep,,0.0
1,Music,Behind The Wall Of Sleep,,0.0
8,Music,Beija Eu,Caetano Veloso e Gilberto Gil,0.0
1,Music,Beija Eu,Caetano Veloso e Gilberto Gil,0.0
1,Music,Beija-Flor,Caruso/Cleber/Deo/Osmar,0.99
8,Music,Beija-Flor,Caruso/Cleber/Deo/Osmar,0.99
1,Music,Beijo Partido,Toninho Horta,0.99
8,Music,Beijo Partido,Toninho Horta,0.99
1,Music,Beijo do Olhar,Mônica Marianno,0.0
8,Music,Beijo do Olhar,Mônica Marianno,0.0
1,Music,Beira Mar,Gilberto Gil,1.98
8,Music,Beira Mar,Gilberto Gil,1.98
1,Music,Believe,Henry Hirsch/Lenny Kravitz,0.99
8,Music,Believe,,0.99
8,Music,Believe,James Iha,0.0
1,Music,Believe,,0.99
8,Music,Believe,Henry Hirsch/Lenny Kravitz,0.99
1,Music,Believe,James Iha,0.0
1,Music,Believe in Love,,0.0
8,Music,Believe in Love,,0.0
8,Music,Believer,"O. Osbourne, R. Daisley, R. Rhoads",0.99
1,Music,Believer,"O. Osbourne, R. Daisley, R. Rhoads",0.99
8,Music,Bell Bottom Blues,Clapton,0.99
1,Music,Bell Bottom Blues,Clapton,0.99
8,Music,Belong,Bill Berry/Michael Stipe/Mike Mills/Peter Buck,0.0
1,Music,Belong,Bill Berry/Michael Stipe/Mike Mills/Peter Buck,0.0
8,Music,Bem Devagar,Gilberto Gil,1.98
1,Music,Bem Devagar,Gilberto Gil,1.98
1,Music,Bem Leve,Caetano Veloso e Gilberto Gil,0.0
8,Music,Bem Leve,Caetano Veloso e Gilberto Gil,0.0
1,Music,Berimbau,,0.99
8,Music,Berimbau,,0.99
8,Music,Berlim,Da Gama/Toni Garrido,0.0
1,Music,Berlim,Da Gama/Toni Garrido,0.0
1,Music,Best Of You,"Dave Grohl, Taylor Hawkins, Nate Mendel, Chris Shiflett",0.0
8,Music,Best Of You,"Dave Grohl, Taylor Hawkins, Nate Mendel, Chris Shiflett",0.0
1,Music,Best Thing,,0.99
8,Music,Best Thing,,0.99
1,Music,Beth,"S. Penridge, Bob Ezrin, Peter Criss",0.99
8,Music,Beth,"Peter Criss, Stan Penridge, Bob Ezrin",0.0
8,Music,Beth,"S. Penridge, Bob Ezrin, Peter Criss",0.99
1,Music,Beth,"Peter Criss, Stan Penridge, Bob Ezrin",0.0
8,Music,Better Man,Eddie Vedder,0.0
1,Music,Better Man,Eddie Vedder,0.0
8,Music,Better Than You,"Hetfield, Ulrich",1.98
1,Music,Better Than You,"Hetfield, Ulrich",1.98
8,Music,Bichos Escrotos (Vinheta),Titãs,0.0
1,Music,Bichos Escrotos (Vinheta),Titãs,0.0
8,Music,Bicycle Race,"Mercury, Freddie",0.99
1,Music,Bicycle Race,"Mercury, Freddie",0.99
8,Music,Big Bad Bill (Is Sweet William Now),Jack Yellen/Milton Ager,0.0
1,Music,Big Bad Bill (Is Sweet William Now),Jack Yellen/Milton Ager,0.0
8,Music,Big City Nights,,0.0
1,Music,Big City Nights,,0.0
1,Music,Big Machine,"Dave Kushner, Duff, Matt Sorum, Scott Weiland & Slash",0.99
8,Music,Big Machine,"Dave Kushner, Duff, Matt Sorum, Scott Weiland & Slash",0.99
1,Music,Big Wave,Jeff Ament,1.98
8,Music,Big Wave,Jeff Ament,1.98
1,Music,Billie Jean,Michael Jackson,0.99
8,Music,Billie Jean,Michael Jackson,0.99
1,Music,Binky The Doormat,Bill Berry-Peter Buck-Mike Mills-Michael Stipe,1.98
8,Music,Binky The Doormat,Bill Berry-Peter Buck-Mike Mills-Michael Stipe,1.98
8,Music,Biruta,,0.0
1,Music,Biruta,,0.0
1,Music,Bite The Bullet,Clarke/Kilmister/Taylor,0.0
8,Music,Bite The Bullet,Clarke/Kilmister/Taylor,0.0
8,Music,Bitter Pill,Mick Mars/Nikki Sixx/Tommy Lee/Vince Neil,0.0
1,Music,Bitter Pill,Mick Mars/Nikki Sixx/Tommy Lee/Vince Neil,0.0
8,Music,Bitter Suite: Brief Encounter / Lost Weekend / Blue Angel,"Kelly, Mosley, Rothery, Trewaves",0.0
1,Music,Bitter Suite: Brief Encounter / Lost Weekend / Blue Angel,"Kelly, Mosley, Rothery, Trewaves",0.0
1,Music,Bittersweet Me,Bill Berry-Peter Buck-Mike Mills-Michael Stipe,0.99
8,Music,Bittersweet Me,Bill Berry-Peter Buck-Mike Mills-Michael Stipe,0.99
8,Music,Black,Stone Gossard & Eddie Vedder,0.99
1,Music,Black,Stone Gossard & Eddie Vedder,0.99
8,Music,Black,Dave Krusen/Stone Gossard,0.0
1,Music,Black,Dave Krusen/Stone Gossard,0.0
8,Music,Black Capricorn Day,Jay Kay,0.99
1,Music,Black Capricorn Day,Jay Kay,0.99
1,Music,Black Country Woman,Robert Plant,0.0
8,Music,Black Country Woman,Robert Plant,0.0
8,Music,Black Diamond,Paul Stanley,0.99
1,Music,Black Diamond,Paul Stanley,0.99
1,Music,Black Dog,John Paul Jones/Robert Plant,0.99
1,Music,Black Dog,"Jimmy Page, Robert Plant, John Paul Jones",0.99
8,Music,Black Dog,"Jimmy Page, Robert Plant, John Paul Jones",0.99
8,Music,Black Dog,John Paul Jones/Robert Plant,0.99
8,Music,Black Hole Sun,Soundgarden,0.99
1,Music,Black Hole Sun,Soundgarden,0.99
1,Music,Black Light Syndrome,"Terry Bozzio, Steve Stevens, Tony Levin",0.99
8,Music,Black Light Syndrome,"Terry Bozzio, Steve Stevens, Tony Levin",0.99
1,Music,Black Moon Creeping,Chris Robinson/Rich Robinson,0.99
8,Music,Black Moon Creeping,Chris Robinson/Rich Robinson,0.99
1,Music,Black Mountain Side,Jimmy Page,0.99
8,Music,Black Mountain Side,Jimmy Page,0.99
8,Music,Black Night,"Richie Blackmore, Ian Gillian, Roger Glover, Jon Lord, Ian Paice",0.99
1,Music,Black Night,"Richie Blackmore, Ian Gillian, Roger Glover, Jon Lord, Ian Paice",0.99
1,Music,Black Sabbath,,0.0
1,Music,Black Sabbath,,0.0
8,Music,Black Sabbath,,0.0
8,Music,Black Sabbath,,0.0
8,Music,Black Satin,Miles Davis,0.99
1,Music,Black Satin,Miles Davis,0.99
1,Music,Black Velveteen,Lenny Kravitz,0.0
8,Music,Black Velveteen,Lenny Kravitz,0.0
8,Music,Blackened,"James Hetfield, Lars Ulrich & Jason Newsted",0.99
1,Music,Blackened,"James Hetfield, Lars Ulrich & Jason Newsted",0.99
1,Music,Blanco,Marisa Monte/poema de Octavio Paz/versão: Haroldo de Campos,0.0
8,Music,Blanco,Marisa Monte/poema de Octavio Paz/versão: Haroldo de Campos,0.0
8,Music,Bleed The Freak,Jerry Cantrell,0.99
1,Music,Bleed The Freak,Jerry Cantrell,0.99
1,Music,Bleed Together,Chris Cornell,0.99
8,Music,Bleed Together,Chris Cornell,0.99
8,Music,Bleeding Me,"James Hetfield, Lars Ulrich, Kirk Hammett",0.99
1,Music,Bleeding Me,"James Hetfield, Lars Ulrich, Kirk Hammett",0.99
1,Music,Blew,Kurt Cobain,0.0
8,Music,Blew,Kurt Cobain,0.0
8,Music,Blind Curve: Vocal Under A Bloodlight / Passing Strangers / Mylo / Perimeter Walk / Threshold,"Kelly, Mosley, Rothery, Trewaves",0.0
1,Music,Blind Curve: Vocal Under A Bloodlight / Passing Strangers / Mylo / Perimeter Walk / Threshold,"Kelly, Mosley, Rothery, Trewaves",0.0
8,Music,Blind Man,"Steven Tyler, Joe Perry, Taylor Rhodes",0.99
1,Music,Blind Man,"Steven Tyler, Joe Perry, Taylor Rhodes",0.99
1,Music,Blinded By Rainbows,Jagger/Richards,0.0
8,Music,Blinded By Rainbows,Jagger/Richards,0.0
1,Music,Blissed & Gone,Billy Corgan,0.99
8,Music,Blissed & Gone,Billy Corgan,0.99
1,Music,Blitzkrieg,Jones/Sirotto/Smith,0.99
8,Music,Blitzkrieg,Jones/Sirotto/Smith,0.99
1,Music,Blood,Dave Abbruzzese/Eddie Vedder/Jeff Ament/Mike McCready/Stone Gossard,0.0
8,Music,Blood,Dave Abbruzzese/Eddie Vedder/Jeff Ament/Mike McCready/Stone Gossard,0.0
8,Music,Blood Brothers,Steve Harris,0.99
1,Music,Blood Brothers,Steve Harris,1.98
1,Music,Blood Brothers,Steve Harris,0.99
8,Music,Blood Brothers,Steve Harris,1.98
1,Music,Blood In The Wall,,0.99
8,Music,Blood In The Wall,,0.99
1,Music,Blood On The World's Hands,Steve Harris,0.99
8,Music,Blood On The World's Hands,Steve Harris,0.99
8,Music,Blood Sugar Sex Magik,Anthony Kiedis/Chad Smith/Flea/John Frusciante,0.0
1,Music,Blood Sugar Sex Magik,Anthony Kiedis/Chad Smith/Flea/John Frusciante,0.0
8,Music,Bloodsucker,"Blackmore, Gillan, Glover, Lord, Paice",0.0
1,Music,Bloodsucker,"Blackmore, Gillan, Glover, Lord, Paice",0.0
8,Music,Blow Up The Outside World,Chris Cornell,0.0
1,Music,Blow Up The Outside World,Chris Cornell,0.0
1,Music,Blow Your Mind,"Smith, Toby",0.99
8,Music,Blow Your Mind,"Smith, Toby",0.99
1,Music,Blue Rythm Fantasy,,1.98
8,Music,Blue Rythm Fantasy,,1.98
8,Music,Blue Train,"Jimmy Page, Robert Plant, Charlie Jones, Michael Lee",0.99
1,Music,Blue Train,"Jimmy Page, Robert Plant, Charlie Jones, Michael Lee",0.99
1,Music,Blues Da Piedade,,0.0
8,Music,Blues Da Piedade,,0.0
8,Music,Blues For Pablo,Gil Evans,0.0
1,Music,Blues For Pablo,Gil Evans,0.0
8,Music,Blues For Pablo (Alternate Take),Gil Evans,0.99
1,Music,Blues For Pablo (Alternate Take),Gil Evans,0.99
8,Music,Boa Noite,,0.0
1,Music,Boa Noite,,0.0
8,Music,Bodies,Rodolfo,0.0
1,Music,Bodies,Rodolfo,0.0
8,Music,Body Count,,0.99
1,Music,Body Count,,0.99
8,Music,Body Count Anthem,,0.99
1,Music,Body Count Anthem,,0.99
8,Music,Body Count's In The House,,0.99
1,Music,Body Count's In The House,,0.99
8,Music,Bohemian Rhapsody,"Mercury, Freddie",0.99
1,Music,Bohemian Rhapsody,"Mercury, Freddie",0.99
1,Music,Bonzo's Montreux,John Bonham,0.0
8,Music,Bonzo's Montreux,John Bonham,0.0
8,Music,Boogie Blues,,0.99
1,Music,Boogie Blues,,0.99
1,Music,Boogie With Stu,Ian Stewart/John Bonham/John Paul Jones/Mrs. Valens/Robert Plant,0.99
8,Music,Boogie With Stu,Ian Stewart/John Bonham/John Paul Jones/Mrs. Valens/Robert Plant,0.99
8,Music,Book Of Thel,Eddie Casillas/Roy Z,0.99
1,Music,Book Of Thel,Eddie Casillas/Roy Z,0.99
1,Music,Book of Hours,"Terry Bozzio, Steve Stevens, Tony Levin",0.0
8,Music,Book of Hours,"Terry Bozzio, Steve Stevens, Tony Levin",0.0
1,Music,Bop Boogie,,0.99
8,Music,Bop Boogie,,0.99
1,Music,Bora-Bora,Herbert Vianna,0.99
8,Music,Bora-Bora,Herbert Vianna,0.99
8,Music,Bored To Tears,,0.99
1,Music,Bored To Tears,,0.99
8,Music,Boris The Spider,John Entwistle,1.98
1,Music,Boris The Spider,John Entwistle,1.98
8,Music,Born On The Bayou,J.C. Fogerty,0.99
1,Music,Born On The Bayou,J.C. Fogerty,0.99
8,Music,Born To Booze,,0.0
1,Music,Born To Booze,,0.0
1,Music,Born To Move,J.C. Fogerty,0.99
8,Music,Born To Move,J.C. Fogerty,0.99
1,Music,Borogodo,João Suplicy,0.0
8,Music,Borogodo,João Suplicy,0.0
1,Music,Bossa,,0.99
8,Music,Bossa,,0.99
8,Music,Boulevard Of Broken Dreams,"Mike Dint, Billie Joe, Tré Cool",0.99
1,Music,Boulevard Of Broken Dreams,"Mike Dint, Billie Joe, Tré Cool",0.99
1,Music,Bowels Of The Devil,,1.98
8,Music,Bowels Of The Devil,,1.98
8,Music,Brain Damage,Waters,0.99
1,Music,Brain Damage,Waters,0.99
1,Music,Brain Stew,Billie Joe Armstrong -Words Green Day -Music,0.99
8,Music,Brain Stew,Billie Joe Armstrong -Words Green Day -Music,0.99
1,Music,Brand New Car,Jagger/Richards,0.0
8,Music,Brand New Car,Jagger/Richards,0.0
1,Music,Brasil,"Milton Nascimento, Fernando Brant",0.99
8,Music,Brasil,"Milton Nascimento, Fernando Brant",0.99
1,Music,Brasil,,1.98
8,Music,Brasil,,1.98
1,Music,Brasília 5:31,Herbert Vianna,0.99
8,Music,Brasília 5:31,Herbert Vianna,0.99
8,Music,Brave New World,Bruce Dickinson/David Murray/Steve Harris,0.99
8,Music,Brave New World,Bruce Dickinson/David Murray/Steve Harris,0.0
1,Music,Brave New World,Bruce Dickinson/David Murray/Steve Harris,0.0
1,Music,Brave New World,Bruce Dickinson/David Murray/Steve Harris,0.99
1,Music,Breadfan,Bourge/Phillips/Shelley,0.99
8,Music,Breadfan,Bourge/Phillips/Shelley,0.99
1,Music,Break on Through,"Robby Krieger, Ray Manzarek, John Densmore, Jim Morrison",0.0
8,Music,Break on Through,"Robby Krieger, Ray Manzarek, John Densmore, Jim Morrison",0.0
1,Music,Breakdown,W. Axl Rose,1.98
8,Music,Breakdown,W. Axl Rose,1.98
1,Music,Breakfast In Bed,"Blackmore, Glover, Turner",0.0
8,Music,Breakfast In Bed,"Blackmore, Glover, Turner",0.0
8,Music,Breakfast In Bed,,0.0
1,Music,Breakfast In Bed,,0.0
8,Music,Breaking The Girl,Anthony Kiedis/Chad Smith/Flea/John Frusciante,0.0
1,Music,Breaking The Girl,Anthony Kiedis/Chad Smith/Flea/John Frusciante,0.0
8,Music,Breaking The Law (Live),,0.0
1,Music,Breaking The Law (Live),,0.0
1,Music,Breaking The Rules,"Angus Young, Malcolm Young, Brian Johnson",0.99
8,Music,Breaking The Rules,"Angus Young, Malcolm Young, Brian Johnson",0.99
8,Music,Breakthru,Queen,0.99
1,Music,Breakthru,Queen,0.99
8,Music,Breathe,Billy Duffy/Ian Astbury/Marti Frederiksen/Mick Jones,0.99
1,Music,Breathe,Billy Duffy/Ian Astbury/Marti Frederiksen/Mick Jones,0.99
8,Music,Breed,Kurt Cobain,0.0
1,Music,Breed,Kurt Cobain,0.0
1,Music,Breed,Kurt Cobain,0.99
8,Music,Breed,Kurt Cobain,0.99
8,Music,Brejo Da Cruz,,0.0
1,Music,Brejo Da Cruz,,0.0
1,Music,Brighter Than a Thousand Suns,,0.99
8,Music,Brighter Than a Thousand Suns,,0.99
1,Music,Bring It On Home,"Jimmy Page, Robert Plant",0.0
8,Music,Bring It On Home,"Jimmy Page, Robert Plant",0.0
8,Music,Bring Me Your Cup,,0.99
1,Music,Bring Me Your Cup,,0.99
8,Music,Bring Your Daughter... ...To The Slaughter,Bruce Dickinson,0.99
1,Music,Bring Your Daughter... ...To The Slaughter,Bruce Dickinson,0.99
1,Music,Bring Your Daughter... To The Slaughter,Bruce Dickinson,0.99
8,Music,Bring Your Daughter... To The Slaughter,Bruce Dickinson,0.99
8,Music,Bring Your Daughter... To The Slaughter...,,0.0
1,Music,Bring Your Daughter... To The Slaughter...,,0.0
8,Music,Bring'em Back Alive,Audioslave/Chris Cornell,0.0
1,Music,Bring'em Back Alive,Audioslave/Chris Cornell,0.0
8,Music,Bringin' On The Heartbreak,,0.0
1,Music,Bringin' On The Heartbreak,,0.0
8,Music,Broken City,,0.0
1,Music,Broken City,,0.0
1,Music,Bron-Y-Aur Stomp,"Jimmy Page, Robert Plant, John Paul Jones",1.98
8,Music,Bron-Y-Aur Stomp,"Jimmy Page, Robert Plant, John Paul Jones",1.98
8,Music,Bron-Yr-Aur,Jimmy Page,0.0
1,Music,Bron-Yr-Aur,Jimmy Page,0.0
1,Music,Brumário,,0.99
8,Music,Brumário,,0.99
1,Music,Buk-In-Hamm Palace,,0.0
8,Music,Buk-In-Hamm Palace,,0.0
1,Music,Bullet The Blue Sky,"Bono/Clayton, Adam/Mullen Jr., Larry/The Edge",0.99
8,Music,Bullet The Blue Sky,"Bono/Clayton, Adam/Mullen Jr., Larry/The Edge",0.99
8,Music,Bullet With Butterfly Wings,Billy Corgan,1.98
1,Music,Bullet With Butterfly Wings,Billy Corgan,1.98
1,Music,Bumbo Da Mangueira,Vários,1.98
8,Music,Bumbo Da Mangueira,Vários,1.98
8,Music,Burden In My Hand,Chris Cornell,0.99
1,Music,Burden In My Hand,Chris Cornell,0.99
8,Music,Burn,Coverdale/Lord/Paice,0.0
1,Music,Burn,Coverdale/Lord/Paice,0.0
1,Music,Burn Away,Foo Fighters,0.99
8,Music,Burn Away,Foo Fighters,0.99
1,Music,Burning Up,"Jimmy Page, Robert Plant, Charlie Jones, Michael Lee",0.0
8,Music,Burning Up,"Jimmy Page, Robert Plant, Charlie Jones, Michael Lee",0.0
8,Music,Busca Vida,Herbert Vianna,0.99
1,Music,Busca Vida,Herbert Vianna,0.99
8,Music,Bush Doctor,,0.99
1,Music,Bush Doctor,,0.99
1,Music,Bushleager,Stone Gossard,0.0
8,Music,Bushleager,Stone Gossard,0.0
1,Music,Butterfly,Jay Kay/Toby Smith,0.0
8,Music,Butterfly,Jay Kay/Toby Smith,0.0
8,Music,By The Way,"Anthony Kiedis, Flea, John Frusciante, and Chad Smith",0.99
1,Music,By The Way,"Anthony Kiedis, Flea, John Frusciante, and Chad Smith",0.99
1,Music,By-Tor And The Snow Dog,Geddy Lee And Alex Lifeson/Geddy Lee And Neil Peart/Rush,0.0
8,Music,By-Tor And The Snow Dog,Geddy Lee And Alex Lifeson/Geddy Lee And Neil Peart/Rush,0.0
1,Music,Bye Bye Blackbird,Miles Davis,0.99
8,Music,Bye Bye Blackbird,Miles Davis,0.99
1,Music,"Bye, Bye Brasil",,0.99
8,Music,"Bye, Bye Brasil",,0.99
8,Music,Bê-a-Bá,Rodolfo,0.99
1,Music,Bê-a-Bá,Rodolfo,0.99
1,Music,C'Mon Everybody,Eddie Cochran/Jerry Capehart,0.99
8,Music,C'Mon Everybody,Eddie Cochran/Jerry Capehart,0.99
1,Music,C'est La Vie,,1.98
8,Music,C'est La Vie,,1.98
1,Music,C.O.D.,"Angus Young, Malcolm Young, Brian Johnson",0.0
8,Music,C.O.D.,"Angus Young, Malcolm Young, Brian Johnson",0.0
1,Music,Cabeça Dinossauro,Titãs,1.98
8,Music,Cabeça Dinossauro,Titãs,1.98
8,Music,Cabron,"Anthony Kiedis, Flea, John Frusciante, and Chad Smith",0.0
1,Music,Cabron,"Anthony Kiedis, Flea, John Frusciante, and Chad Smith",0.0
1,Music,Cada Um Cada Um (A Namoradeira),,0.0
8,Music,Cada Um Cada Um (A Namoradeira),,0.0
1,Music,Cafezinho,João Suplicy,0.99
8,Music,Cafezinho,João Suplicy,0.99
1,Music,Caffeine,,1.98
8,Music,Caffeine,,1.98
8,Music,Cajueiro,Rodolfo,0.0
1,Music,Cajueiro,Rodolfo,0.0
1,Music,Caleidoscópio,,0.99
8,Music,Caleidoscópio,,0.99
1,Music,Caleidoscópio,Herbert Vianna,0.99
8,Music,Caleidoscópio,Herbert Vianna,0.99
8,Music,Californication,Red Hot Chili Peppers,0.99
1,Music,Californication,Red Hot Chili Peppers,0.99
8,Music,Call Me At Cleo´s,,0.0
1,Music,Call Me At Cleo´s,,0.0
8,Music,Call Me a Dog,,0.99
1,Music,Call Me a Dog,,0.99
8,Music,Call Of The Wild,"Richie Blackmore, Ian Gillian, Roger Glover, Jon Lord",0.0
1,Music,Call Of The Wild,"Richie Blackmore, Ian Gillian, Roger Glover, Jon Lord",0.0
1,Music,Calling Dr. Love,Gene Simmons,1.98
8,Music,Calling Dr. Love,Gene Simmons,1.98
8,Music,Camarão que Dorme e Onda Leva,"Acyi Marques/Arlindo Bruz/Braço, Beto Sem/Zeca Pagodinho",0.99
1,Music,Camarão que Dorme e Onda Leva,"Acyi Marques/Arlindo Bruz/Braço, Beto Sem/Zeca Pagodinho",0.99
1,Music,Camisa Verde 2001,,0.99
8,Music,Camisa Verde 2001,,0.99
1,Music,Can I Play With Madness,Adrian Smith/Bruce Dickinson/Steve Harris,1.98
1,Music,Can I Play With Madness,Adrian Smith; Bruce Dickinson; Steve Harris,0.99
8,Music,Can I Play With Madness,,0.0
1,Music,Can I Play With Madness,,0.0
8,Music,Can I Play With Madness,Adrian Smith; Bruce Dickinson; Steve Harris,0.99
8,Music,Can I Play With Madness,Adrian Smith/Bruce Dickinson/Steve Harris,1.98
1,Music,Can You See Me,Jimi Hendrix,0.99
8,Music,Can You See Me,Jimi Hendrix,0.99
1,Music,Can't Get There From Here,R.E.M.,0.99
8,Music,Can't Get There From Here,R.E.M.,0.99
8,Music,Can't Get This Stuff No More,"Edward Van Halen, Alex Van Halen, Michael Anthony,/Edward Van Halen, Alex Van Halen, Michael Anthony, David Lee Roth",0.0
1,Music,Can't Get This Stuff No More,"Edward Van Halen, Alex Van Halen, Michael Anthony,/Edward Van Halen, Alex Van Halen, Michael Anthony, David Lee Roth",0.0
1,Music,Can't Get You Off My Mind,Lenny Kravitz,0.0
8,Music,Can't Get You Off My Mind,Lenny Kravitz,0.0
8,Music,Can't Keep,Eddie Vedder,0.99
1,Music,Can't Keep,Eddie Vedder,0.99
8,Music,Can't Stand Losing You,G M Sumner,0.99
1,Music,Can't Stand Losing You,G M Sumner,0.99
1,Music,Can't Stop,"Anthony Kiedis, Flea, John Frusciante, and Chad Smith",0.99
8,Music,Can't Stop,"Anthony Kiedis, Flea, John Frusciante, and Chad Smith",0.99
1,Music,Can't Stop Loving You,Van Halen,0.99
8,Music,Can't Stop Loving You,Van Halen,0.99
1,Music,Candy Store Rock,Jimmy Page/Robert Plant,0.0
8,Music,Candy Store Rock,Jimmy Page/Robert Plant,0.0
1,Music,Canned Heat,Jay Kay,0.0
8,Music,Canned Heat,Jay Kay,0.0
1,Music,Canon and Gigue in D Major: I. Canon,Johann Pachelbel,0.99
8,Music,Canon and Gigue in D Major: I. Canon,Johann Pachelbel,0.99
1,Music,"Canta, Canta Mais",,0.99
8,Music,"Canta, Canta Mais",,0.99
8,Music,Canto De Ossanha,,0.99
1,Music,Canto De Ossanha,,0.99
8,Music,Canário Do Reino,,0.99
1,Music,Canário Do Reino,,0.99
1,Music,Canção Do Novo Mundo,"Beto Guedes, Ronaldo Bastos",0.0
8,Music,Canção Do Novo Mundo,"Beto Guedes, Ronaldo Bastos",0.0
1,Music,Canção Noturna,Chico Amaral/Lelo Zanettik,0.0
8,Music,Canção Noturna,Chico Amaral/Lelo Zanettik,0.0
1,Music,Caprichosos,Gule/Jorge 101/Lequinho/Luiz Piao,0.99
8,Music,Caprichosos,Gule/Jorge 101/Lequinho/Luiz Piao,0.99
1,Music,Caralho Voador,"Mike Bordin, Billy Gould, Mike Patton, Trey Spruance",0.0
8,Music,Caralho Voador,"Mike Bordin, Billy Gould, Mike Patton, Trey Spruance",0.0
1,Music,Caras Como Eu,Toni Bellotto,0.99
8,Music,Caras Como Eu,Toni Bellotto,0.99
8,Music,Carimbo,,0.0
1,Music,Carimbo,,0.0
1,Music,Carmen: Overture,Georges Bizet,0.0
8,Music,Carmen: Overture,Georges Bizet,0.0
8,Music,Carmina Burana: O Fortuna,Carl Orff,0.0
1,Music,Carmina Burana: O Fortuna,Carl Orff,0.0
1,Music,Carnival Of Sorts,R.E.M.,0.99
8,Music,Carnival Of Sorts,R.E.M.,0.99
8,Music,Carol,Chuck Berry,0.99
1,Music,Carol,Chuck Berry,0.99
1,Music,Carolina,Chico Buarque,0.99
8,Music,Carolina,Chico Buarque,0.99
8,Music,Carolina,,0.0
1,Music,Carolina,,0.0
8,Music,Carolina Hard-Core Ecstasy,Frank Zappa,0.99
1,Music,Carolina Hard-Core Ecstasy,Frank Zappa,0.99
8,Music,Carouselambra,"John Paul Jones, Jimmy Page & Robert Plant",0.99
1,Music,Carouselambra,"John Paul Jones, Jimmy Page & Robert Plant",0.99
8,Music,Carpe Diem Baby,"Hetfield, Ulrich, Hammett",0.0
1,Music,Carpe Diem Baby,"Hetfield, Ulrich, Hammett",0.0
8,Music,Carta Ao Tom 74,,0.99
1,Music,Carta Ao Tom 74,,0.99
8,Music,Cartao Postal,,0.0
1,Music,Cartao Postal,,0.0
1,Music,Casa,,0.99
8,Music,Casa,,0.99
8,Music,Casa no Campo,,0.99
1,Music,Casa no Campo,,0.99
8,Music,Cascades : I'm Not Your Lover,"Ian Gillan, Roger Glover, Jon Lord, Steve Morse, Ian Paice",0.99
1,Music,Cascades : I'm Not Your Lover,"Ian Gillan, Roger Glover, Jon Lord, Steve Morse, Ian Paice",0.99
8,Music,Casinha Feliz,Gilberto Gil,0.0
1,Music,Casinha Feliz,Gilberto Gil,0.0
8,Music,Caso Você Queira Saber,"Beto Guedes, Márcio Borges",0.99
1,Music,Caso Você Queira Saber,"Beto Guedes, Márcio Borges",0.99
8,Music,Cathedral,Alex Van Halen/David Lee Roth/Edward Van Halen/Michael Anthony,0.99
1,Music,Cathedral,Alex Van Halen/David Lee Roth/Edward Van Halen/Michael Anthony,0.99
8,Music,Catimbo,,0.0
1,Music,Catimbo,,0.0
1,Music,Caught Somewhere in Time,Steve Harris,0.99
8,Music,Caught Somewhere in Time,Steve Harris,0.99
8,Music,Cavalleria Rusticana \ Act \ Intermezzo Sinfonico,Pietro Mascagni,0.0
1,Music,Cavalleria Rusticana \ Act \ Intermezzo Sinfonico,Pietro Mascagni,0.0
1,Music,Caxangá,"Milton Nascimento, Fernando Brant",0.0
8,Music,Caxangá,"Milton Nascimento, Fernando Brant",0.0
1,Music,Caçador de Mim (Sá & Guarabyra),,0.99
8,Music,Caçador de Mim (Sá & Guarabyra),,0.99
8,Music,Celebration Day,John Paul Jones/Robert Plant,0.99
1,Music,Celebration Day,"Jimmy Page, Robert Plant, John Paul Jones",0.99
1,Music,Celebration Day,John Paul Jones/Robert Plant,0.99
8,Music,Celebration Day,"Jimmy Page, Robert Plant, John Paul Jones",0.99
8,Music,Chains Of Misery,Bruce Dickinson/David Murray,0.99
1,Music,Chains Of Misery,Bruce Dickinson/David Murray,0.99
8,Music,Changes,Sully Erna; Tony Rombola,0.99
1,Music,Changes,Sully Erna; Tony Rombola,0.99
1,Music,Changes,"Tony Iommi, Bill Ward, Geezer Butler, Ozzy Osbourne",0.0
8,Music,Changes,"Tony Iommi, Bill Ward, Geezer Butler, Ozzy Osbourne",0.0
8,Music,Chaos-Control,"Terry Bozzio, Steve Stevens, Tony Levin",0.99
1,Music,Chaos-Control,"Terry Bozzio, Steve Stevens, Tony Levin",0.99
1,Music,Chapa o Coco,,0.99
8,Music,Chapa o Coco,,0.99
8,Music,Charles Anjo 45,,0.99
1,Music,Charles Anjo 45,,0.99
1,Music,Chega no Suingue,,0.99
8,Music,Chega no Suingue,,0.99
1,Music,Chemical Wedding,Roy Z,1.98
8,Music,Chemical Wedding,Roy Z,1.98
8,Music,Cherub Rock,Billy Corgan,1.98
1,Music,Cherub Rock,Billy Corgan,1.98
1,Music,Chico Não Vai na Corimba,Dudu Nobre/Zeca Pagodinho,0.0
8,Music,Chico Não Vai na Corimba,Dudu Nobre/Zeca Pagodinho,0.0
1,Music,Child In Time,"Blackmore, Gillan, Glover, Lord, Paice",0.99
8,Music,Child In Time,"Blackmore, Gillan, Glover, Lord, Paice",0.99
8,Music,Child In Time (Son Of Aleric - Instrumental),"Richie Blackmore, Ian Gillian, Roger Glover, Jon Lord, Ian Paice",0.0
1,Music,Child In Time (Son Of Aleric - Instrumental),"Richie Blackmore, Ian Gillian, Roger Glover, Jon Lord, Ian Paice",0.0
1,Music,Childhood's End,Steve Harris,0.0
8,Music,Childhood's End,Steve Harris,0.0
1,Music,Childhoods End?,"Kelly, Mosley, Rothery, Trewaves",0.99
8,Music,Childhoods End?,"Kelly, Mosley, Rothery, Trewaves",0.99
1,Music,Children Of The Damned,Steve Harris,0.0
8,Music,Children Of The Damned,Steve Harris,0.0
1,Music,Children Of The Grave,"A. F. Iommi, W. Ward, T. Butler, J. Osbourne",1.98
8,Music,Children Of The Grave,"A. F. Iommi, W. Ward, T. Butler, J. Osbourne",1.98
8,Music,Children of the Damned,Steve Harris,0.99
1,Music,Children of the Damned,Steve Harris,0.99
8,Music,Chocolate,Tim Maia,0.0
1,Music,Chocolate,Tim Maia,0.0
1,Music,Choramingando,João Suplicy,0.0
8,Music,Choramingando,João Suplicy,0.0
1,Music,Chuva No Brejo,Morais,0.0
8,Music,Chuva No Brejo,Morais,0.0
1,Music,Chão De Estrelas,Orestes Barbosa-Sílvio Caldas,0.99
8,Music,Chão De Estrelas,Orestes Barbosa-Sílvio Caldas,0.99
8,Music,Chão de Giz (Elba Ramalho),,0.99
1,Music,Chão de Giz (Elba Ramalho),,0.99
1,Music,Cidade,,0.0
8,Music,Cidade,,0.0
8,Music,Cigano,,0.99
1,Music,Cigano,,0.99
1,Music,Cigaro,"Tankian, Serj",0.99
8,Music,Cigaro,"Tankian, Serj",0.99
1,Music,Cinema Mudo,,0.99
8,Music,Cinema Mudo,,0.99
8,Music,Circles,,0.0
1,Music,Circles,,0.0
1,Music,City Of Blinding Lights,"Adam Clayton, Bono, Larry Mullen & The Edge",1.98
8,Music,City Of Blinding Lights,"Adam Clayton, Bono, Larry Mullen & The Edge",1.98
1,Music,Civil War,Duff McKagan/Slash/W. Axl Rose,0.99
8,Music,Civil War,Duff McKagan/Slash/W. Axl Rose,0.99
8,Music,Clash City Rockers,Joe Strummer/Mick Jones,0.99
1,Music,Clash City Rockers,Joe Strummer/Mick Jones,0.99
8,Music,Closer To The Heart,Geddy Lee And Alex Lifeson/Geddy Lee And Neil Peart/Rush,0.99
1,Music,Closer To The Heart,Geddy Lee And Alex Lifeson/Geddy Lee And Neil Peart/Rush,0.99
1,Music,Cocaine,Cale/Clapton,0.0
8,Music,Cocaine,Cale/Clapton,0.0
8,Music,Cochise,Audioslave/Chris Cornell,0.99
1,Music,Cochise,Audioslave/Chris Cornell,0.99
8,Music,Cold Day In The Sun,"Dave Grohl, Taylor Hawkins, Nate Mendel, Chris Shiflett/FOO FIGHTERS",0.0
1,Music,Cold Day In The Sun,"Dave Grohl, Taylor Hawkins, Nate Mendel, Chris Shiflett/FOO FIGHTERS",0.0
8,Music,Cold Gin,Ace Frehley,0.99
1,Music,Cold Gin,Ace Frehley,0.99
1,Music,Cold Hard Bitch,C. Cester/C. Muncey/N. Cester,0.0
8,Music,Cold Hard Bitch,C. Cester/C. Muncey/N. Cester,0.0
1,Music,Cold Sweat,Alfred Ellis/James Brown,0.0
8,Music,Cold Sweat,Alfred Ellis/James Brown,0.0
8,Music,Cold Turkey,,0.99
1,Music,Cold Turkey,,0.99
8,Music,Colibri,Richard Bull,0.99
1,Music,Colibri,Richard Bull,0.99
1,Music,Collision,Jon Hudson/Mike Patton,0.0
8,Music,Collision,Jon Hudson/Mike Patton,0.0
1,Music,Com A Perna No Mundo,Gonzaga Jr.,0.0
8,Music,Com A Perna No Mundo,Gonzaga Jr.,0.0
8,Music,Com Açúcar E Com Afeto,,0.99
1,Music,Com Açúcar E Com Afeto,,0.99
8,Music,Coma,,0.99
1,Music,Coma,,0.99
1,Music,Comatose,Mike McCready & Stone Gossard,0.0
8,Music,Comatose,Mike McCready & Stone Gossard,0.0
1,Music,Come And Get Some Of This,E. Schrody/L. Muggerud/R. Medrano,0.0
8,Music,Come And Get Some Of This,E. Schrody/L. Muggerud/R. Medrano,0.0
8,Music,Come Around Again,C. Muncey/N. Cester,0.0
1,Music,Come Around Again,C. Muncey/N. Cester,0.0
8,Music,Come As You Are,Kurt Cobain,0.0
1,Music,Come As You Are,Kurt Cobain,0.0
8,Music,Come Back,Foo Fighters,0.0
8,Music,Come Back,Eddie Vedder & Mike McCready,0.0
1,Music,Come Back,Foo Fighters,0.0
1,Music,Come Back,Eddie Vedder & Mike McCready,0.0
8,Music,Come Fly With Me,jimmy van heusen/sammy cahn,0.99
1,Music,Come Fly With Me,jimmy van heusen/sammy cahn,0.99
8,Music,Começaria Tudo Outra Vez,,0.99
1,Music,Começaria Tudo Outra Vez,,0.99
1,Music,Começaria Tudo Outra Vez (Maria Creuza),,0.0
8,Music,Começaria Tudo Outra Vez (Maria Creuza),,0.0
1,Music,Comida,Titãs,1.98
8,Music,Comida,Titãs,1.98
8,Music,Comin' Home,"Paul Stanley, Ace Frehley",0.99
1,Music,Comin' Home,"Paul Stanley, Ace Frehley",0.99
1,Music,Comin' Home,Bolin/Coverdale/Paice,0.99
8,Music,Comin' Home,Bolin/Coverdale/Paice,0.99
1,Music,Coming In Hot,,0.0
8,Music,Coming In Hot,,0.0
8,Music,Commercial 1,L. Muggerud,0.0
1,Music,Commercial 1,L. Muggerud,0.0
1,Music,Commercial 2,L. Muggerud,0.99
8,Music,Commercial 2,L. Muggerud,0.99
1,Music,Commotion,J. C. Fogerty,1.98
8,Music,Commotion,J. C. Fogerty,1.98
8,Music,Communication Breakdown,Jimmy Page/John Bonham/John Paul Jones,0.99
8,Music,Communication Breakdown,Jimmy Page/John Bonham/John Paul Jones,0.99
1,Music,Communication Breakdown,Jimmy Page/John Bonham/John Paul Jones,0.99
1,Music,Communication Breakdown,Jimmy Page/John Bonham/John Paul Jones,0.99
8,Music,Communication Breakdown(2),Jimmy Page/John Bonham/John Paul Jones,0.99
1,Music,Communication Breakdown(2),Jimmy Page/John Bonham/John Paul Jones,0.99
1,Music,Communication Breakdown(3),Jimmy Page/John Bonham/John Paul Jones,0.0
8,Music,Communication Breakdown(3),Jimmy Page/John Bonham/John Paul Jones,0.0
1,Music,Como Estais Amigos,Blaze Bayley/Janick Gers,0.99
8,Music,Como Estais Amigos,Blaze Bayley/Janick Gers,0.99
8,Music,Como É Duro Trabalhar,,0.99
1,Music,Como É Duro Trabalhar,,0.99
1,Music,Compadre,Tim Maia,1.98
8,Music,Compadre,Tim Maia,1.98
8,Music,Complete Control,Joe Strummer/Mick Jones,0.0
1,Music,Complete Control,Joe Strummer/Mick Jones,0.0
1,Music,Comportamento Geral,Gonzaga Jr,1.98
8,Music,Comportamento Geral,Gonzaga Jr,1.98
1,Music,Compulsion,Miles Davis,0.99
8,Music,Compulsion,Miles Davis,0.99
8,Music,Computadores Fazem Arte,,0.99
1,Music,Computadores Fazem Arte,,0.99
8,Music,"Concert pour 4 Parties de V**les, H. 545: I. Prelude",Marc-Antoine Charpentier,0.0
1,Music,"Concert pour 4 Parties de V**les, H. 545: I. Prelude",Marc-Antoine Charpentier,0.0
8,Music,"Concerto No.2 in F Major, BWV1047, I. Allegro",Johann Sebastian Bach,0.99
1,Music,"Concerto No.2 in F Major, BWV1047, I. Allegro",Johann Sebastian Bach,0.99
8,Music,"Concerto for 2 Violins in D Minor, BWV 1043: I. Vivace",Johann Sebastian Bach,0.0
1,Music,"Concerto for 2 Violins in D Minor, BWV 1043: I. Vivace",Johann Sebastian Bach,0.0
1,Music,"Concerto for Cello and Orchestra in E minor, Op. 85: I. Adagio - Moderato",Edward Elgar,0.99
8,Music,"Concerto for Cello and Orchestra in E minor, Op. 85: I. Adagio - Moderato",Edward Elgar,0.99
1,Music,"Concerto for Clarinet in A Major, K. 622: II. Adagio",Wolfgang Amadeus Mozart,0.0
8,Music,"Concerto for Clarinet in A Major, K. 622: II. Adagio",Wolfgang Amadeus Mozart,0.0
1,Music,"Concerto for Piano No. 2 in F Minor, Op. 21: II. Larghetto",Frédéric Chopin,0.99
8,Music,"Concerto for Piano No. 2 in F Minor, Op. 21: II. Larghetto",Frédéric Chopin,0.99
8,Music,"Concerto for Violin, Strings and Continuo in G Major, Op. 3, No. 9: I. Allegro",Pietro Antonio Locatelli,0.0
1,Music,"Concerto for Violin, Strings and Continuo in G Major, Op. 3, No. 9: I. Allegro",Pietro Antonio Locatelli,0.0
1,Music,Conciliação,Da Gama/Lazão/Rás Bernardo,0.0
8,Music,Conciliação,Da Gama/Lazão/Rás Bernardo,0.0
1,Music,Condição,,0.99
8,Music,Condição,,0.99
1,Music,Confidência,,0.0
8,Music,Confidência,,0.0
8,Music,Confusion,"Jerry Cantrell, Michael Starr, Layne Staley",0.99
1,Music,Confusion,"Jerry Cantrell, Michael Starr, Layne Staley",0.99
1,Music,Construção / Deus Lhe Pague,,0.99
8,Music,Construção / Deus Lhe Pague,,0.99
1,Music,Copacabana (Live),,0.99
8,Music,Copacabana (Live),,0.99
8,Music,Corazon Espinado,F. Olivera,0.0
1,Music,Corazon Espinado,F. Olivera,0.0
8,Music,Coração De Estudante,"Wagner Tiso, Milton Nascimento",0.99
1,Music,Coração De Estudante,"Wagner Tiso, Milton Nascimento",0.99
8,Music,Coração Em Desalinho,Mauro Diniz/Ratino Sigem,0.99
1,Music,Coração Em Desalinho,Mauro Diniz/Ratino Sigem,0.99
8,Music,Coração do Agreste (Fafá de Belém),,0.99
1,Music,Coração do Agreste (Fafá de Belém),,0.99
8,Music,Corcovado (Quiet Nights Of Quiet Stars),,0.0
1,Music,Corcovado (Quiet Nights Of Quiet Stars),,0.0
8,Music,Corduroy,Pearl Jam & Eddie Vedder,0.99
1,Music,Corduroy,Pearl Jam & Eddie Vedder,0.99
8,Music,Corinna,Jesse Ed Davis III/Taj Mahal,0.99
1,Music,Corinna,Jesse Ed Davis III/Taj Mahal,0.99
1,Music,Cornucopia,"Tony Iommi, Bill Ward, Geezer Butler, Ozzy Osbourne",1.98
8,Music,Cornucopia,"Tony Iommi, Bill Ward, Geezer Butler, Ozzy Osbourne",1.98
8,Music,Coronation Drop,,0.0
1,Music,Coronation Drop,,0.0
8,Music,Coroné Antonio Bento,,0.99
1,Music,Coroné Antonio Bento,"Do Vale, João/Luiz Wanderley",0.0
8,Music,Coroné Antonio Bento,"Do Vale, João/Luiz Wanderley",0.0
1,Music,Coroné Antonio Bento,,0.99
8,Music,Corpo De Lama,Chico Science,0.0
1,Music,Corpo De Lama,Chico Science,0.0
8,Music,Corpse (These Chains Are Way Too Long),"Brian Eno, Bono, Adam Clayton, The Edge & Larry Mullen Jnr.",0.0
1,Music,Corpse (These Chains Are Way Too Long),"Brian Eno, Bono, Adam Clayton, The Edge & Larry Mullen Jnr.",0.0
8,Music,Cosmic Fiend,Chris Robinson/Rich Robinson,0.0
1,Music,Cosmic Fiend,Chris Robinson/Rich Robinson,0.0
8,Music,Cotidiano N 2,,0.0
1,Music,Cotidiano N 2,,0.0
8,Music,Cotton Fields,J.C. Fogerty,0.99
1,Music,Cotton Fields,J.C. Fogerty,0.99
1,Music,Country Feedback,Bill Berry/Michael Stipe/Mike Mills/Peter Buck,1.98
8,Music,Country Feedback,Bill Berry/Michael Stipe/Mike Mills/Peter Buck,1.98
8,Music,Crack Hitler,,0.0
1,Music,Crack Hitler,,0.0
8,Music,Crackerman,Kretz/R. DeLeo/Weiland,0.99
1,Music,Crackerman,Kretz/R. DeLeo/Weiland,0.99
8,Music,Crash Course In Brain Surgery,Bourge/Phillips/Shelley,0.99
1,Music,Crash Course In Brain Surgery,Bourge/Phillips/Shelley,0.99
8,Music,Crazy,"Steven Tyler, Joe Perry, Desmond Child",0.0
1,Music,Crazy,"Steven Tyler, Joe Perry, Desmond Child",0.0
1,Music,Crazy Little Thing Called Love,"Mercury, Freddie",0.0
8,Music,Crazy Little Thing Called Love,"Mercury, Freddie",0.0
8,Music,Crazy Train,"O. Osbourne, R. Daisley, R. Rhoads",0.99
8,Music,Crazy Train,"B. Daisley, O. Osbourne & R. Rhoads",0.0
1,Music,Crazy Train,"O. Osbourne, R. Daisley, R. Rhoads",0.99
1,Music,Crazy Train,"B. Daisley, O. Osbourne & R. Rhoads",0.0
1,Music,Creep,R. DeLeo/Weiland,0.99
8,Music,Creep,R. DeLeo/Weiland,0.99
1,Music,Creeping Death,Metallica,0.99
8,Music,Creeping Death,Apocalyptica,0.0
8,Music,Creeping Death,Metallica,0.99
1,Music,Creeping Death,Apocalyptica,0.0
1,Music,Criança De Domingo,Chico Science,0.99
8,Music,Criança De Domingo,Chico Science,0.99
8,Music,Cristina Nº 2,Carlos Imperial/Tim Maia,0.99
1,Music,Cristina Nº 2,Carlos Imperial/Tim Maia,0.99
8,Music,Cropduster,Matt Cameron,0.99
1,Music,Cropduster,Matt Cameron,0.99
8,Music,Crossfire,B. Carter/C. Layton/R. Ellsworth/R. Wynans/T. Shannon,0.99
1,Music,Crossfire,B. Carter/C. Layton/R. Ellsworth/R. Wynans/T. Shannon,0.99
8,Music,Crossroads,Clapton/Robert Johnson Arr: Eric Clapton,0.99
1,Music,Crossroads,Clapton/Robert Johnson Arr: Eric Clapton,0.99
8,Music,Crumbs From Your Table,"Adam Clayton, Bono, Larry Mullen & The Edge",0.99
1,Music,Crumbs From Your Table,"Adam Clayton, Bono, Larry Mullen & The Edge",0.99
8,Music,Crushing Day,,0.0
1,Music,Crushing Day,,0.0
8,Music,Cry For Love,Bossi/David Coverdale/Earl Slick,0.99
1,Music,Cry For Love,Bossi/David Coverdale/Earl Slick,0.99
1,Music,Cryin',"Steven Tyler, Joe Perry, Taylor Rhodes",0.0
8,Music,Cryin',"Steven Tyler, Joe Perry, Taylor Rhodes",0.0
8,Music,Crying In The Rain,Coverdale,0.0
1,Music,Crying In The Rain,Coverdale,0.0
1,Music,Crystal Ball,,0.99
8,Music,Crystal Ball,,0.99
8,Music,Cuando A Noite Vai Chegando,João Suplicy,0.0
1,Music,Cuando A Noite Vai Chegando,João Suplicy,0.0
8,Music,Cuando Eu For Pro Ceu,João Suplicy,0.0
1,Music,Cuando Eu For Pro Ceu,João Suplicy,0.0
8,Music,Cucamonga,Frank Zappa,0.0
1,Music,Cucamonga,Frank Zappa,0.0
1,Music,Cuckoo For Caca,"Mike Bordin, Billy Gould, Mike Patton, Trey Spruance",0.99
8,Music,Cuckoo For Caca,"Mike Bordin, Billy Gould, Mike Patton, Trey Spruance",0.99
8,Music,Cuitelinho,Folclore,0.0
1,Music,Cuitelinho,Folclore,0.0
1,Music,Cure,"James Hetfield, Lars Ulrich",0.99
8,Music,Cure,"James Hetfield, Lars Ulrich",0.99
8,Music,Cursed Diamonds,Chris Robinson/Rich Robinson,0.99
1,Music,Cursed Diamonds,Chris Robinson/Rich Robinson,0.99
8,Music,Custard Pie,Jimmy Page/Robert Plant,0.0
1,Music,Custard Pie,Jimmy Page/Robert Plant,0.0
8,Music,Cuyahoga,R.E.M.,0.99
1,Music,Cuyahoga,R.E.M.,0.99
8,Music,Cérebro Eletrônico,Gilberto Gil,0.99
1,Music,Cérebro Eletrônico,Gilberto Gil,0.99
1,Music,Cérebro Eletrônico (Live),,0.0
8,Music,Cérebro Eletrônico (Live),,0.0
8,Music,D Note,,0.0
1,Music,D Note,,0.0
8,Music,D'Yer Mak'er,John Bonham/John Paul Jones,0.99
1,Music,D'Yer Mak'er,John Bonham/John Paul Jones,0.99
1,Music,DOA,"Dave Grohl, Taylor Hawkins, Nate Mendel, Chris Shiflett",0.0
8,Music,DOA,"Dave Grohl, Taylor Hawkins, Nate Mendel, Chris Shiflett",0.0
1,Music,Da Lama Ao Caos,,0.99
8,Music,Da Lama Ao Caos,,0.99
1,Music,Daddy's Gonna Pay For Your Crashed Car,U2; Bono,0.0
8,Music,Daddy's Gonna Pay For Your Crashed Car,U2; Bono,0.0
1,Music,Damage Case,Clarke/Farren/Kilmister/Tayler,0.99
8,Music,Damage Case,Clarke/Farren/Kilmister/Tayler,0.99
8,Music,Damage Inc.,K.Hammett,0.99
1,Music,Damage Inc.,K.Hammett,0.99
8,Music,Dance,Clarke/Kilmister/Taylor,0.99
1,Music,Dance,Clarke/Kilmister/Taylor,0.99
8,Music,Dance Enquanto é Tempo,,0.99
1,Music,Dance Enquanto é Tempo,,0.99
1,Music,Dance Of Death,Janick Gers/Steve Harris,0.99
8,Music,Dance Of Death,Janick Gers/Steve Harris,0.99
1,Music,Dance the Night Away,"Edward Van Halen, Alex Van Halen, David Lee Roth, Michael Anthony",0.0
8,Music,Dance the Night Away,"Edward Van Halen, Alex Van Halen, David Lee Roth, Michael Anthony",0.0
1,Music,Dancing Barefoot,Ivan Kral/Patti Smith,0.99
8,Music,Dancing Barefoot,Ivan Kral/Patti Smith,0.99
8,Music,Dancing Days,Jimmy Page/Jimmy Page & Robert Plant/Robert Plant,1.98
1,Music,Dancing Days,Jimmy Page/Jimmy Page & Robert Plant/Robert Plant,1.98
8,Music,Dancing In The Street,Ivy Jo Hunter/Marvin Gaye/William Stevenson,0.99
1,Music,Dancing In The Street,Ivy Jo Hunter/Marvin Gaye/William Stevenson,0.99
8,Music,Dancin´Days,,0.0
1,Music,Dancin´Days,,0.0
1,Music,Dandelion,"Cornell, Commerford, Morello, Wilk",0.99
8,Music,Dandelion,"Cornell, Commerford, Morello, Wilk",0.99
1,Music,Daniela,Jorge Cardoso/Pierre Onasis,0.0
8,Music,Daniela,Jorge Cardoso/Pierre Onasis,0.0
1,Music,"Danny Boy, Danny Boy",E. Schrody/L. Muggerud,0.99
8,Music,"Danny Boy, Danny Boy",E. Schrody/L. Muggerud,0.99
8,Music,Dança Da Solidão,Caetano Veloso e Gilberto Gil,0.99
1,Music,Dança Da Solidão,Caetano Veloso e Gilberto Gil,0.99
8,Music,Dark Corners,"Terry Bozzio, Steve Stevens, Tony Levin",0.99
1,Music,Dark Corners,"Terry Bozzio, Steve Stevens, Tony Levin",0.99
1,Music,Dark Side Of The Cog,Jean Paul Maunick,0.0
8,Music,Dark Side Of The Cog,Jean Paul Maunick,0.0
1,Music,Darlene,"Jimmy Page, Robert Plant, John Bonham, John Paul Jones",0.0
8,Music,Darlene,"Jimmy Page, Robert Plant, John Bonham, John Paul Jones",0.0
8,Music,"Das Lied Von Der Erde, Von Der Jugend",Gustav Mahler,0.0
1,Music,"Das Lied Von Der Erde, Von Der Jugend",Gustav Mahler,0.0
1,Music,Daughter,Dave Abbruzzese & Jeff Ament & Stone Gossard & Mike McCready & Eddie Vedder,0.0
8,Music,Daughter,Dave Abbruzzese/Eddie Vedder/Jeff Ament/Mike McCready/Stone Gossard,0.0
8,Music,Daughter,Dave Abbruzzese & Jeff Ament & Stone Gossard & Mike McCready & Eddie Vedder,0.0
1,Music,Daughter,Dave Abbruzzese/Eddie Vedder/Jeff Ament/Mike McCready/Stone Gossard,0.0
8,Music,Dazed And Confused,Jimmy Page/Led Zeppelin,0.99
8,Music,Dazed And Confused,Jimmy Page,0.99
1,Music,Dazed And Confused,Jimmy Page/Led Zeppelin,0.99
1,Music,Dazed And Confused,Jimmy Page,0.99
1,Music,Dazed and Confused,Jimmy Page,1.98
8,Music,Dazed and Confused,Jimmy Page,0.99
1,Music,Dazed and Confused,Jimmy Page,0.99
8,Music,Dazed and Confused,Jimmy Page,1.98
1,Music,"De Do Do Do, De Da Da Da",G M Sumner,0.99
8,Music,"De Do Do Do, De Da Da Da",G M Sumner,0.99
1,Music,De Ja Vu,David Murray/Steve Harris,0.99
8,Music,De Ja Vu,David Murray/Steve Harris,0.99
8,Music,De La Luz,,0.99
1,Music,De La Luz,,0.99
1,Music,De Noite Na Cama,Caetano Veloso e Gilberto Gil,0.99
8,Music,De Noite Na Cama,Caetano Veloso e Gilberto Gil,0.99
1,Music,De Ouro E Marfim (Live),,0.99
8,Music,De Ouro E Marfim (Live),,0.99
1,Music,Dead And Bloated,R. DeLeo/Weiland,0.99
8,Music,Dead And Bloated,R. DeLeo/Weiland,0.99
8,Music,Dead And Broken,Sully Erna,0.0
1,Music,Dead And Broken,Sully Erna,0.0
8,Music,Dead Horse,,0.99
1,Music,Dead Horse,,0.99
1,Music,Dealer,Bolin/Coverdale,0.0
8,Music,Dealer,Bolin/Coverdale,0.0
1,Music,Debra Kadabra,Frank Zappa,0.0
8,Music,Debra Kadabra,Frank Zappa,0.0
8,Music,Dee,R. Rhoads,0.99
1,Music,Dee,R. Rhoads,0.99
1,Music,Deep,Jeff Ament/Stone Gossard,0.0
8,Music,Deep,Jeff Ament/Stone Gossard,0.0
8,Music,Deep Waters,Richard Bull,0.99
1,Music,Deep Waters,Richard Bull,0.99
8,Music,Deeper Underground,Toby Smith,0.99
1,Music,Deeper Underground,Toby Smith,0.99
8,Music,Deixa,,0.99
1,Music,Deixa,,0.99
8,Music,Deixa Entrar,,0.0
1,Music,Deixa Entrar,,0.0
1,Music,Demorou!,Mônica Marianno,0.99
8,Music,Demorou!,Mônica Marianno,0.99
1,Music,Denúncia,,0.99
8,Music,Denúncia,,0.99
1,Music,Departure,Bill Berry-Peter Buck-Mike Mills-Michael Stipe,0.99
8,Music,Departure,Bill Berry-Peter Buck-Mike Mills-Michael Stipe,0.99
8,Music,Desafinado,,0.0
1,Music,Desafinado,,0.0
1,Music,Desaforo,,0.99
8,Music,Desaforo,,0.99
1,Music,Desculpe Babe,Arnaldo Baptista - Rita Lee,0.0
8,Music,Desculpe Babe,Arnaldo Baptista - Rita Lee,0.0
1,Music,Desire,"Bono/Clayton, Adam/Mullen Jr., Larry/The Edge",0.99
1,Music,Desire,U2,0.99
8,Music,Desire,"Bono/Clayton, Adam/Mullen Jr., Larry/The Edge",0.99
8,Music,Desire,U2,0.99
1,Music,Desordem,Charles Gavin/Marcelo Fromer/Sérgio Britto,0.0
8,Music,Desordem,Charles Gavin/Marcelo Fromer/Sérgio Britto,0.0
8,Music,Despertar,Andrea Dulbecco,0.0
1,Music,Despertar,Andrea Dulbecco,0.0
1,Music,Destitute Illusions,Derrick McKenzie/Jay Kay/Toby Smith,0.99
8,Music,Destitute Illusions,Derrick McKenzie/Jay Kay/Toby Smith,0.99
8,Music,Detroit Rock City,"Paul Stanley, B. Ezrin",0.0
1,Music,Detroit Rock City,"Paul Stanley, B. Ezrin",0.0
8,Music,Deuce,Gene Simmons,0.99
1,Music,Deuce,Gene Simmons,0.99
8,Music,Deuces Are Wild,"Steven Tyler, Jim Vallance",1.98
1,Music,Deuces Are Wild,"Steven Tyler, Jim Vallance",1.98
1,Music,Deus,,0.0
8,Music,Deus,,0.0
8,Music,Devil's Dance,"Hetfield, Ulrich",0.0
1,Music,Devil's Dance,"Hetfield, Ulrich",0.0
8,Music,Dezesseis,Renato Russo,0.99
1,Music,Dezesseis,Dado Villa-Lobos/Marcelo Bonfá,0.99
1,Music,Dezesseis,Renato Russo,0.99
8,Music,Dezesseis,Dado Villa-Lobos/Marcelo Bonfá,0.99
1,Music,Diamante De Mendigo,,0.0
8,Music,Diamante De Mendigo,,0.0
8,Music,Diamonds And Rust (Live),,0.99
1,Music,Diamonds And Rust (Live),,0.99
1,Music,Didgin' Out,"Buchanan, Wallis",0.0
8,Music,Didgin' Out,"Buchanan, Wallis",0.0
8,Music,Die Die My Darling,Danzig,0.99
1,Music,Die Die My Darling,Danzig,0.99
1,Music,Die Walküre: The Ride of the Valkyries,Richard Wagner,0.99
8,Music,Die Walküre: The Ride of the Valkyries,Richard Wagner,0.99
1,Music,Die With Your Boots On,Adrian Smith/Bruce Dickinson/Steve Harris,0.0
1,Music,Die With Your Boots On,Adrian Smith/Bruce Dickinson/Steve Harris,0.99
8,Music,Die With Your Boots On,Adrian Smith/Bruce Dickinson/Steve Harris,0.0
8,Music,Die With Your Boots On,Adrian Smith/Bruce Dickinson/Steve Harris,0.99
1,Music,Different World,,0.0
8,Music,Different World,,0.0
8,Music,"Dig-Dig, Lambe-Lambe (Ao Vivo)",Cassiano Costa/Cintia Maviane/J.F./Lucas Costa,0.0
1,Music,"Dig-Dig, Lambe-Lambe (Ao Vivo)",Cassiano Costa/Cintia Maviane/J.F./Lucas Costa,0.0
8,Music,"Diga Lá, Coração",,0.99
1,Music,"Diga Lá, Coração",,0.99
1,Music,Digging The Grave,"Mike Bordin, Billy Gould, Mike Patton",0.0
8,Music,Digging The Grave,"Mike Bordin, Billy Gould, Mike Patton",0.0
8,Music,Din Din Wo (Little Child),Habib Koité,0.99
1,Music,Din Din Wo (Little Child),Habib Koité,0.99
1,Music,Dindi (Dindi),,0.0
8,Music,Dindi (Dindi),,0.0
8,Music,Dirty Day,"U2; Bono & Edge, The",1.98
1,Music,Dirty Day,"U2; Bono & Edge, The",1.98
1,Music,Dirty Little Thing,"Dave Kushner, Duff, Keith Nelson, Matt Sorum, Scott Weiland & Slash",0.99
8,Music,Dirty Little Thing,"Dave Kushner, Duff, Keith Nelson, Matt Sorum, Scott Weiland & Slash",0.99
8,Music,Dirty Love,Clarke/Kilmister/Taylor,0.99
1,Music,Dirty Love,Clarke/Kilmister/Taylor,0.99
8,Music,Dirty Water Dog,Van Halen,0.99
1,Music,Dirty Water Dog,Van Halen,0.99
8,Music,Dirty Window,Bob Rock/James Hetfield/Kirk Hammett/Lars Ulrich,0.0
1,Music,Dirty Window,Bob Rock/James Hetfield/Kirk Hammett/Lars Ulrich,0.0
8,Music,Disappearing Act,Chris Cornell,0.99
1,Music,Disappearing Act,Chris Cornell,0.99
8,Music,Disarm,Billy Corgan,0.99
1,Music,Disarm,Billy Corgan,0.99
8,Music,Disc Jockey Jump,,0.0
1,Music,Disc Jockey Jump,,0.0
8,Music,Discotheque,"Bono, The Edge, Adam Clayton, and Larry Mullen",0.99
1,Music,Discotheque,"Bono, The Edge, Adam Clayton, and Larry Mullen",0.99
1,Music,Disenchanted Lullaby,Foo Fighters,0.99
8,Music,Disenchanted Lullaby,Foo Fighters,0.99
8,Music,Disposable Heroes,J.Hetfield/L.Ulrich,0.99
1,Music,Disposable Heroes,J.Hetfield/L.Ulrich,0.99
1,Music,Dissident,Dave Abbruzzese/Eddie Vedder/Jeff Ament/Mike McCready/Stone Gossard,0.99
8,Music,Dissident,Dave Abbruzzese/Eddie Vedder/Jeff Ament/Mike McCready/Stone Gossard,0.99
1,Music,Distance,Karsh Kale/Vishal Vaid,0.0
8,Music,Distance,Karsh Kale/Vishal Vaid,0.0
8,Music,Diversão,Titãs,0.0
1,Music,Diversão,Titãs,0.0
1,Music,Divirta-Se (Saindo Da Sua),,0.99
8,Music,Divirta-Se (Saindo Da Sua),,0.99
1,Music,Do It For The Kids,"Dave Kushner, Duff, Matt Sorum, Scott Weiland & Slash",0.99
8,Music,Do It For The Kids,"Dave Kushner, Duff, Matt Sorum, Scott Weiland & Slash",0.99
1,Music,Do Nosso Amor,João Suplicy,0.0
8,Music,Do Nosso Amor,João Suplicy,0.0
8,Music,Do The Evolution,Eddie Vedder & Stone Gossard,0.0
1,Music,Do The Evolution,Eddie Vedder & Stone Gossard,0.0
8,Music,Do You Feel Loved,"Bono, The Edge, Adam Clayton, and Larry Mullen",0.99
1,Music,Do You Feel Loved,"Bono, The Edge, Adam Clayton, and Larry Mullen",0.99
1,Music,Do You Have Other Loves?,,0.99
8,Music,Do You Have Other Loves?,,0.99
1,Music,Do You Like The Way,L. Hill,0.99
8,Music,Do You Like The Way,L. Hill,0.99
1,Music,Do You Love Me,"Paul Stanley, B. Ezrin, K. Fowley",0.0
1,Music,Do You Love Me,"Paul Stanley, Bob Ezrin, Kim Fowley",0.99
8,Music,Do You Love Me,"Paul Stanley, Bob Ezrin, Kim Fowley",0.99
8,Music,Do You Love Me,"Paul Stanley, B. Ezrin, K. Fowley",0.0
1,Music,Do what cha wanna,George Duke,0.99
8,Music,Do what cha wanna,George Duke,0.99
8,Music,Doce De Carnaval (Candy All),,0.0
1,Music,Doce De Carnaval (Candy All),,0.0
8,Music,Doesn't Remind Me,"Cornell, Commerford, Morello, Wilk",0.99
1,Music,Doesn't Remind Me,"Cornell, Commerford, Morello, Wilk",0.99
8,Music,Dog Eat Dog,AC/DC,0.99
1,Music,Dog Eat Dog,AC/DC,0.99
8,Music,"Dois Pra Lá, Dois Pra Cá",,1.98
1,Music,"Dois Pra Lá, Dois Pra Cá",,1.98
1,Music,Dois Índios,Mônica Marianno,0.0
8,Music,Dois Índios,Mônica Marianno,0.0
1,Music,Doll,"Dave, Taylor, Nate, Chris",0.0
8,Music,Doll,"Dave, Taylor, Nate, Chris",0.0
1,Music,Domingo,Sérgio Britto/Toni Bellotto,0.99
8,Music,Domingo,Sérgio Britto/Toni Bellotto,0.99
1,Music,Domino,Gene Simmons,0.0
8,Music,Domino,Gene Simmons,0.0
8,Music,Don't Cry,Izzy Stradlin'/W. Axl Rose,0.99
1,Music,Don't Cry,Izzy Stradlin'/W. Axl Rose,0.99
1,Music,Don't Cry (Original),,0.99
8,Music,Don't Cry (Original),,0.99
1,Music,Don't Damn Me,,0.99
8,Music,Don't Damn Me,,0.99
1,Music,Don't Forget Me,"Anthony Kiedis, Flea, John Frusciante, and Chad Smith",0.0
8,Music,Don't Forget Me,"Anthony Kiedis, Flea, John Frusciante, and Chad Smith",0.0
1,Music,Don't Go Away Mad (Just Go Away),Mick Mars/Nikki Sixx,0.0
8,Music,Don't Go Away Mad (Just Go Away),Mick Mars/Nikki Sixx,0.0
1,Music,Don't Go Back To Rockville,R.E.M.,0.99
8,Music,Don't Go Back To Rockville,R.E.M.,0.99
1,Music,Don't Lie To Me,David Coverdale/Earl Slick,0.0
8,Music,Don't Lie To Me,David Coverdale/Earl Slick,0.0
1,Music,Don't Look Back,,0.99
8,Music,Don't Look Back,,0.99
1,Music,Don't Look Now,J.C. Fogerty,1.98
8,Music,Don't Look Now,J.C. Fogerty,1.98
8,Music,Don't Look To The Eyes Of A Stranger,Steve Harris,1.98
1,Music,Don't Look To The Eyes Of A Stranger,Steve Harris,1.98
1,Music,Don't Stand So Close to Me '86,G M Sumner,0.0
8,Music,Don't Stand So Close to Me '86,G M Sumner,0.0
8,Music,Don't Stand so Close to Me,G M Sumner,0.99
1,Music,Don't Stand so Close to Me,G M Sumner,0.99
1,Music,Don't Stop Me Now,"Mercury, Freddie",0.0
8,Music,Don't Stop Me Now,"Mercury, Freddie",0.0
1,Music,Don't Take Your Love From Me,,1.98
8,Music,Don't Take Your Love From Me,,1.98
1,Music,Don't Tread On Me,Ulrich,0.0
8,Music,Don't Tread On Me,Ulrich,0.0
8,Music,Don't You Cry,David Coverdale,0.99
1,Music,Don't You Cry,David Coverdale,0.99
1,Music,Dona (Roupa Nova),,0.0
8,Music,Dona (Roupa Nova),,0.0
8,Music,Dosed,"Anthony Kiedis, Flea, John Frusciante, and Chad Smith",0.0
1,Music,Dosed,"Anthony Kiedis, Flea, John Frusciante, and Chad Smith",0.0
8,Music,Double Talkin' Jive,,0.99
1,Music,Double Talkin' Jive,,0.99
1,Music,Doutor,Bino/Da Gama/Toni Garrido,0.99
8,Music,Doutor,Bino/Da Gama/Toni Garrido,0.99
1,Music,Down By The Seaside,Robert Plant,0.99
8,Music,Down By The Seaside,Robert Plant,0.99
1,Music,Down On The Corner,J. C. Fogerty,0.99
8,Music,Down On The Corner,J. C. Fogerty,0.99
1,Music,Down Under,,0.99
8,Music,Down Under,,0.99
1,Music,Down by the Sea,,1.98
8,Music,Down by the Sea,,1.98
1,Music,Downtown,Cidade Negra,0.0
8,Music,Downtown,Cidade Negra,0.0
8,Music,Dr. Feelgood,Mick Mars/Nikki Sixx,0.0
1,Music,Dr. Feelgood,Mick Mars/Nikki Sixx,0.0
8,Music,Dr. Heckyll & Mr. Jive,,0.0
1,Music,Dr. Heckyll & Mr. Jive,,0.0
8,Music,Drain You,Kurt Cobain,0.0
8,Music,Drain You,Kurt Cobain,0.0
1,Music,Drain You,Kurt Cobain,0.0
1,Music,Drain You,Kurt Cobain,0.0
1,Music,Dream Of Mirrors,Janick Gers/Steve Harris,0.99
8,Music,Dream Of Mirrors,Janick Gers/Steve Harris,0.99
8,Music,Dream Of Mirrors,Janick Gers/Steve Harris,0.99
1,Music,Dream Of Mirrors,Janick Gers/Steve Harris,0.99
1,Music,Dreams,"Edward Van Halen, Alex Van Halen, Michael Anthony,/Edward Van Halen, Alex Van Halen, Michael Anthony, Sammy Hagar",0.99
8,Music,Dreams,"Edward Van Halen, Alex Van Halen, Michael Anthony,/Edward Van Halen, Alex Van Halen, Michael Anthony, Sammy Hagar",0.99
1,Music,Drifter,Steve Harris,0.99
8,Music,Drifter,Steve Harris,0.99
1,Music,Drifter,Bolin/Coverdale,0.99
8,Music,Drifter,Bolin/Coverdale,0.99
1,Music,Driver 8,R.E.M.,0.0
8,Music,Driver 8,R.E.M.,0.0
1,Music,Drown,Billy Corgan,0.99
8,Music,Drown,Billy Corgan,0.99
1,Music,Drown Me Slowly,"Cornell, Commerford, Morello, Wilk",0.99
8,Music,Drown Me Slowly,"Cornell, Commerford, Morello, Wilk",0.99
1,Music,Drowning Man,U2,0.99
8,Music,Drowning Man,U2,0.99
8,Music,Drum Boogie,,1.98
1,Music,Drum Boogie,,1.98
1,Music,Drão,Gilberto Gil,0.0
1,Music,Drão,Gilberto Gil,0.0
8,Music,Drão,Gilberto Gil,0.0
8,Music,Drão,Gilberto Gil,0.0
1,Music,Dude (Looks Like A Lady),"Steven Tyler, Joe Perry, Desmond Child",0.0
8,Music,Dude (Looks Like A Lady),"Steven Tyler, Joe Perry, Desmond Child",0.0
8,Music,Duelists,Steve Harris,0.99
1,Music,Duelists,Steve Harris,0.99
8,Music,Duende,"Terry Bozzio, Steve Stevens, Tony Levin",0.99
1,Music,Duende,"Terry Bozzio, Steve Stevens, Tony Levin",0.99
8,Music,Dujji,,0.99
1,Music,Dujji,,0.99
8,Music,Dust N' Bones,,0.99
1,Music,Dust N' Bones,,0.99
8,Music,Dyers Eve,"James Hetfield, Lars Ulrich and Kirk Hammett",0.0
1,Music,Dyers Eve,"James Hetfield, Lars Ulrich and Kirk Hammett",0.0
1,Music,E Vamos À Luta,,0.0
8,Music,E Vamos À Luta,,0.0
1,Music,E-Bow The Letter,Bill Berry-Peter Buck-Mike Mills-Michael Stipe,0.0
8,Music,E-Bow The Letter,Bill Berry-Peter Buck-Mike Mills-Michael Stipe,0.0
1,Music,E.C.T.,,0.99
8,Music,E.C.T.,,0.99
8,Music,E.S.P.,Miles Davis,0.99
1,Music,E.S.P.,Miles Davis,0.99
1,Music,Earth Mofo,,0.0
8,Music,Earth Mofo,,0.0
8,Music,Easily,Red Hot Chili Peppers,0.0
1,Music,Easily,Red Hot Chili Peppers,0.0
8,Music,Easy,,1.98
1,Music,Easy,,1.98
1,Music,Eat The Rich,"Steven Tyler, Joe Perry, Jim Vallance",0.0
8,Music,Eat The Rich,"Steven Tyler, Joe Perry, Jim Vallance",0.0
1,Music,Echo,J. Satriani,0.0
8,Music,Echo,J. Satriani,0.0
1,Music,Eclipse,Waters,0.0
8,Music,Eclipse,Waters,0.0
1,Music,Eclipse Oculto,Caetano Veloso,0.99
8,Music,Eclipse Oculto,Caetano Veloso,0.99
8,Music,Edge Of The World,Faith No More,0.0
1,Music,Edge Of The World,Faith No More,0.0
8,Music,Edie (Ciao Baby),,0.99
1,Music,Edie (Ciao Baby),,0.99
8,Music,Eduardo E Mônica,Renato Russo,0.0
1,Music,Eduardo E Mônica,Renato Russo,0.0
1,Music,Ego Tripping Out,Marvin Gaye,0.0
8,Music,Ego Tripping Out,Marvin Gaye,0.0
1,Music,El Corazon Manda,E.Weiss,0.0
8,Music,El Corazon Manda,E.Weiss,0.0
1,Music,El Farol,Carlos Santana & KC Porter,0.99
8,Music,El Farol,Carlos Santana & KC Porter,0.99
1,Music,Ela Desapareceu,Chico Amaral/Samuel Rosa,0.0
8,Music,Ela Desapareceu,Chico Amaral/Samuel Rosa,0.0
1,Music,Ela Disse Adeus,Herbert Vianna,0.99
8,Music,Ela Disse Adeus,Herbert Vianna,0.99
8,Music,Elderly Woman Behind The Counter In A Small Town,Dave Abbruzzese/Eddie Vedder/Jeff Ament/Mike McCready/Stone Gossard,0.99
1,Music,Elderly Woman Behind The Counter In A Small Town,Dave Abbruzzese/Eddie Vedder/Jeff Ament/Mike McCready/Stone Gossard,0.99
1,Music,Elderly Woman Behind The Counter In A Small Town,Dave Abbruzzese & Jeff Ament & Stone Gossard & Mike McCready & Eddie Vedder,0.0
8,Music,Elderly Woman Behind The Counter In A Small Town,Dave Abbruzzese & Jeff Ament & Stone Gossard & Mike McCready & Eddie Vedder,0.0
1,Music,Eleanor Rigby,,0.99
8,Music,Eleanor Rigby,,0.99
1,Music,Electric Eye,,0.0
8,Music,Electric Eye,,0.0
1,Music,Electrolite,Bill Berry-Peter Buck-Mike Mills-Michael Stipe,0.99
8,Music,Electrolite,Bill Berry-Peter Buck-Mike Mills-Michael Stipe,0.99
1,Music,Elevation,"Adam Clayton, Bono, Larry Mullen, The Edge",0.0
8,Music,Elevation,"Adam Clayton, Bono, Larry Mullen, The Edge",0.0
1,Music,Elvis Ate America,"Brian Eno, Bono, Adam Clayton, The Edge & Larry Mullen Jnr.",0.0
8,Music,Elvis Ate America,"Brian Eno, Bono, Adam Clayton, The Edge & Larry Mullen Jnr.",0.0
1,Music,Elza,,0.99
8,Music,Elza,,0.99
1,Music,Emerald,The Tea Party,0.0
8,Music,Emerald,The Tea Party,0.0
8,Music,Emergency,Dufort/Johnson/McAuliffe/Williams,0.0
1,Music,Emergency,Dufort/Johnson/McAuliffe/Williams,0.0
8,Music,Emergency On Planet Earth,"Smith, Toby",0.0
1,Music,Emergency On Planet Earth,"Smith, Toby",0.0
1,Music,Emit Remmus,Red Hot Chili Peppers,0.0
8,Music,Emit Remmus,Red Hot Chili Peppers,0.0
1,Music,Encontrar Alguém,Marco Tulio Lara/Rogerio Flausino,0.99
8,Music,Encontrar Alguém,Marco Tulio Lara/Rogerio Flausino,0.99
8,Music,End Of Romanticism,Rick Strauss,1.98
1,Music,End Of Romanticism,Rick Strauss,1.98
8,Music,End Of The Night,"Robby Krieger, Ray Manzarek, John Densmore, Jim Morrison",0.0
1,Music,End Of The Night,"Robby Krieger, Ray Manzarek, John Densmore, Jim Morrison",0.0
1,Music,End Over End,"Dave Grohl, Taylor Hawkins, Nate Mendel, Chris Shiflett",0.0
8,Music,End Over End,"Dave Grohl, Taylor Hawkins, Nate Mendel, Chris Shiflett",0.0
8,Music,Endgame,Bill Berry/Michael Stipe/Mike Mills/Peter Buck,0.99
1,Music,Endgame,Bill Berry/Michael Stipe/Mike Mills/Peter Buck,0.99
1,Music,Endless Deep,U2,0.0
8,Music,Endless Deep,U2,0.0
8,Music,Engenho De Dentro,,0.0
1,Music,Engenho De Dentro,,0.0
1,Music,English Civil War,Mick Jones/Traditional arr. Joe Strummer,0.0
8,Music,English Civil War,Mick Jones/Traditional arr. Joe Strummer,0.0
1,Music,Enough Space,Dave Grohl,0.0
8,Music,Enough Space,Dave Grohl,0.0
1,Music,Enquanto O Dia Não Vem,João Suplicy,0.99
8,Music,Enquanto O Dia Não Vem,João Suplicy,0.99
1,Music,Enquanto O Mundo Explode,Chico Science,0.0
8,Music,Enquanto O Mundo Explode,Chico Science,0.0
8,Music,Enslaved,Mick Mars/Nikki Sixx/Tommy Lee,0.0
1,Music,Enslaved,Mick Mars/Nikki Sixx/Tommy Lee,0.0
8,Music,Enter Sandman,Apocalyptica,0.0
8,Music,Enter Sandman,"James Hetfield, Lars Ulrich and Kirk Hammett",0.0
1,Music,Enter Sandman,"James Hetfield, Lars Ulrich and Kirk Hammett",0.0
1,Music,Enter Sandman,Apocalyptica,0.0
1,Music,Entrando Na Sua (Intro),,0.99
8,Music,Entrando Na Sua (Intro),,0.99
1,Music,Entre E Ouça,,0.99
8,Music,Entre E Ouça,,0.99
8,Music,Epic,Faith No More,0.99
1,Music,Epic,Faith No More,0.99
1,Music,Equal Rights Downpresser Man,,0.0
8,Music,Equal Rights Downpresser Man,,0.0
8,Music,Equinocio,João Suplicy,0.99
1,Music,Equinocio,João Suplicy,0.99
8,Music,Era Uma Vez,Arnaldo Anutnes/Branco Mello/Marcelo Fromer/Sergio Brotto/Toni Bellotto,0.99
1,Music,Era Uma Vez,Arnaldo Anutnes/Branco Mello/Marcelo Fromer/Sergio Brotto/Toni Bellotto,0.99
8,Music,"Erlkonig, D.328",,0.0
1,Music,"Erlkonig, D.328",,0.0
8,Music,Eruption,"Edward Van Halen, Alex Van Halen, Michael Anthony and David Lee Roth",1.98
1,Music,Eruption,"Edward Van Halen, Alex Van Halen, David Lee Roth, Michael Anthony",1.98
1,Music,Eruption,"Edward Van Halen, Alex Van Halen, Michael Anthony and David Lee Roth",1.98
8,Music,Eruption,"Edward Van Halen, Alex Van Halen, David Lee Roth, Michael Anthony",1.98
8,Music,Escape,Metallica,0.0
1,Music,Escape,Metallica,0.0
1,Music,Esotérico,Gilberto Gil,0.0
8,Music,Esotérico,Gilberto Gil,0.0
1,Music,Esperando Na Janela,Manuca/Raimundinho DoAcordion/Targino Godim,0.99
8,Music,Esperando Na Janela,Manuca/Raimundinho DoAcordion/Targino Godim,0.99
1,Music,Esperando Por Mim,Renato Russo,0.0
8,Music,Esperando Por Mim,Renato Russo,0.0
1,Music,"Espere Por Mim, Morena",Gonzaguinha,0.0
8,Music,"Espere Por Mim, Morena",Gonzaguinha,0.0
8,Music,Esporrei Na Manivela,Rodolfo,1.98
1,Music,Esporrei Na Manivela,Rodolfo,1.98
1,Music,Esquinas,,1.98
8,Music,Esquinas,,1.98
8,Music,Essa Moça Ta Diferente,,0.0
1,Music,Essa Moça Ta Diferente,,0.0
1,Music,Esse Cara,Caetano Veloso,0.99
8,Music,Esse Cara,Caetano Veloso,0.99
8,Music,Esta É A Canção,,0.0
1,Music,Esta É A Canção,,0.0
8,Music,Estranged,W. Axl Rose,0.99
1,Music,Estranged,W. Axl Rose,0.99
8,Music,Estrela (Live),,0.99
1,Music,Estrela (Live),,0.99
1,Music,Etnia,Chico Science,0.99
8,Music,Etnia,Chico Science,0.99
8,Music,Eu Amo Você,,0.99
1,Music,Eu Amo Você,,0.99
8,Music,Eu Apenas Queria Que Voçê Soubesse,,0.99
1,Music,Eu Apenas Queria Que Voçê Soubesse,,0.99
8,Music,Eu Disse A Ela,Samuel Rosa,0.0
1,Music,Eu Disse A Ela,Samuel Rosa,0.0
1,Music,Eu E Ela,Nando Reis,0.99
8,Music,Eu E Ela,Nando Reis,0.99
1,Music,Eu So Queria Sumir,,0.0
8,Music,Eu So Queria Sumir,,0.0
8,Music,Eu Sou Neguinha (Ao Vivo),,0.99
1,Music,Eu Sou Neguinha (Ao Vivo),,0.99
8,Music,Eu Também Quero Beijar,Fausto Nilo/Moraes Moreira/Pepeu Gomes,0.99
1,Music,Eu Também Quero Beijar,Fausto Nilo/Moraes Moreira/Pepeu Gomes,0.99
1,Music,Eu Te Devoro,,0.0
8,Music,Eu Te Devoro,,0.0
1,Music,Eu Vim Da Bahia - Live,Vários,0.99
8,Music,Eu Vim Da Bahia - Live,Vários,0.99
8,Music,Even Better Than The Real Thing,U2,0.99
1,Music,Even Better Than The Real Thing,U2,0.99
8,Music,Even Flow,Stone Gossard & Eddie Vedder,0.0
1,Music,Even Flow,Stone Gossard & Eddie Vedder,0.0
8,Music,Evenflow,Stone Gossard,0.0
1,Music,Evenflow,Stone Gossard,0.0
8,Music,Everlasting Love,Buzz Cason/Mac Gayden,1.98
1,Music,Everlasting Love,Buzz Cason/Mac Gayden,1.98
1,Music,Everlong,Dave Grohl,0.99
8,Music,Everlong,Dave Grohl,0.99
1,Music,Every Breath You Take,G M Sumner,0.99
8,Music,Every Breath You Take,G M Sumner,0.99
1,Music,Every Little Thing She Does is Magic,G M Sumner,0.0
8,Music,Every Little Thing She Does is Magic,G M Sumner,0.0
8,Music,Every Time I Look At You,"Paul Stanley, Vincent Cusano",0.99
1,Music,Every Time I Look At You,"Paul Stanley, Vincent Cusano",0.99
1,Music,Everything I Need,,0.99
8,Music,Everything I Need,,0.99
1,Music,Everything's Ruined,,0.99
8,Music,Everything's Ruined,,0.99
1,Music,Evidence,"Mike Bordin, Billy Gould, Mike Patton, Trey Spruance",0.0
8,Music,Evidence,"Mike Bordin, Billy Gould, Mike Patton, Trey Spruance",0.0
1,Music,Evil Dick,,0.99
8,Music,Evil Dick,,0.99
8,Music,Evil Walks,"Angus Young, Malcolm Young, Brian Johnson",0.99
1,Music,Evil Walks,"Angus Young, Malcolm Young, Brian Johnson",0.99
8,Music,Evil Ways,,0.99
1,Music,Evil Ways,,0.99
8,Music,Evil Woman,,0.99
1,Music,Evil Woman,,0.99
1,Music,Exploder,Audioslave/Chris Cornell,0.99
8,Music,Exploder,Audioslave/Chris Cornell,0.99
8,Music,Expresso 2222,Gilberto Gil,0.99
1,Music,Expresso 2222,Gilberto Gil,0.99
8,Music,Extra,Gilberto Gil,0.99
1,Music,Extra,Gilberto Gil,0.99
8,Music,Extraordinary Girl,Green Day,0.99
1,Music,Extraordinary Girl,Green Day,0.99
1,Music,Eye,Billy Corgan,0.99
8,Music,Eye,Billy Corgan,0.99
8,Music,Eye Of The Beholder,"James Hetfield, Lars Ulrich & Kirk Hammett",0.99
1,Music,Eye Of The Beholder,"James Hetfield, Lars Ulrich & Kirk Hammett",0.99
1,Music,F**k Me Pumps,Salaam Remi,0.99
8,Music,F**k Me Pumps,Salaam Remi,0.99
1,Music,F*Ckin' Up,Neil Young,0.99
8,Music,F*Ckin' Up,Neil Young,0.99
8,Music,FX,"Tony Iommi, Bill Ward, Geezer Butler, Ozzy Osbourne",0.0
1,Music,FX,"Tony Iommi, Bill Ward, Geezer Butler, Ozzy Osbourne",0.0
1,Music,Face In The Sand,Adrian Smith/Bruce Dickinson/Steve Harris,0.99
8,Music,Face In The Sand,Adrian Smith/Bruce Dickinson/Steve Harris,0.99
1,Music,Faceless,Sully Erna,0.99
8,Music,Faceless,Sully Erna,0.99
1,Music,Fade To Black,Metallica,0.99
8,Music,Fade To Black,Metallica,0.99
1,Music,Failling,Jay Kay/Toby Smith,0.0
8,Music,Failling,Jay Kay/Toby Smith,0.0
1,Music,Fairground,Mick Hucknall,0.0
8,Music,Fairground,Mick Hucknall,0.0
1,Music,Fairies Wear Boots,,0.99
8,Music,Fairies Wear Boots,,0.99
1,Music,Faixa Amarela,Beto Gogo/Jessé Pai/Luiz Carlos/Zeca Pagodinho,0.99
8,Music,Faixa Amarela,Beto Gogo/Jessé Pai/Luiz Carlos/Zeca Pagodinho,0.99
8,Music,Falamansa Song,,1.98
1,Music,Falamansa Song,,1.98
8,Music,Falando De Amor,,0.99
1,Music,Falando De Amor,,0.99
1,Music,Falar A Verdade,Bino/Da Gama/Ras Bernardo,0.99
8,Music,Falar A Verdade,Bino/Da Gama/Ras Bernardo,0.99
8,Music,Fall On Me,R.E.M.,1.98
1,Music,Fall On Me,R.E.M.,1.98
1,Music,Fall To Pieces,"Dave Kushner, Duff, Matt Sorum, Scott Weiland & Slash",0.99
8,Music,Fall To Pieces,"Dave Kushner, Duff, Matt Sorum, Scott Weiland & Slash",0.99
1,Music,Falling To Pieces,Faith No More,0.99
8,Music,Falling To Pieces,Faith No More,0.99
8,Music,Falling in Circles,"Terry Bozzio, Steve Stevens, Tony Levin",0.0
1,Music,Falling in Circles,"Terry Bozzio, Steve Stevens, Tony Levin",0.0
1,Music,Faltando Um Pedaço,,0.0
8,Music,Faltando Um Pedaço,,0.0
1,Music,Família,Titãs,0.99
8,Music,Família,Titãs,0.99
1,Music,Fanfare for the Common Man,Aaron Copland,0.0
8,Music,Fanfare for the Common Man,Aaron Copland,0.0
8,Music,Fantasia On Greensleeves,Ralph Vaughan Williams,0.99
1,Music,Fantasia On Greensleeves,Ralph Vaughan Williams,0.99
1,Music,Faraó Divindade Do Egito,,0.0
8,Music,Faraó Divindade Do Egito,,0.0
8,Music,Faroeste Caboclo,Renato Russo,0.0
1,Music,Faroeste Caboclo,Renato Russo,0.0
1,Music,Fascinação,,0.99
8,Music,Fascinação,,0.99
8,Music,Fast And Loose,Clarke/Kilmister/Taylor,0.99
1,Music,Fast And Loose,Clarke/Kilmister/Taylor,0.99
8,Music,Fast As a Shark,"F. Baltes, S. Kaufman, U. Dirkscneider & W. Hoffman",0.99
1,Music,Fast As a Shark,"F. Baltes, S. Kaufman, U. Dirkscneider & W. Hoffman",0.99
8,Music,Fat Bottomed Girls,"May, Brian",0.99
1,Music,Fat Bottomed Girls,"May, Brian",0.99
8,Music,Fates Warning,David Murray/Steve Harris,0.99
1,Music,Fates Warning,David Murray/Steve Harris,0.99
8,Music,Fato Consumado,,0.0
1,Music,Fato Consumado,,0.0
8,Music,Fear Is The Key,Bruce Dickinson/Janick Gers,0.99
1,Music,Fear Is The Key,Bruce Dickinson/Janick Gers,0.99
8,Music,Fear Of The Dark,Steve Harris,0.99
1,Music,Fear Of The Dark,,0.0
8,Music,Fear Of The Dark,Steve Harris,0.0
8,Music,Fear Of The Dark,Steve Harris,0.99
1,Music,Fear Of The Dark,Steve Harris,0.99
1,Music,Fear Of The Dark,Steve Harris,0.0
1,Music,Fear Of The Dark,Steve Harris,0.99
8,Music,Fear Of The Dark,,0.0
8,Music,February Stars,"Dave, Taylor, Nate, Chris",0.0
1,Music,February Stars,"Dave, Taylor, Nate, Chris",0.0
8,Music,Feel It,E. Schrody/R. Medrano,0.99
1,Music,Feel It,E. Schrody/R. Medrano,0.99
8,Music,Feel Your Love Tonight,"Edward Van Halen, Alex Van Halen, Michael Anthony and David Lee Roth",0.99
1,Music,Feel Your Love Tonight,"Edward Van Halen, Alex Van Halen, Michael Anthony and David Lee Roth",0.99
1,Music,Feira Moderna,Beto Guedes/Fernando Brant/L Borges,0.0
8,Music,Feira Moderna,Beto Guedes/Fernando Brant/L Borges,0.0
1,Music,Feirinha da Pavuna/Luz do Repente/Bagaço da Laranja,"Arlindo Cruz/Franco/Marquinhos PQD/Negro, Jovelina Pérolo/Zeca Pagodinho",0.99
8,Music,Feirinha da Pavuna/Luz do Repente/Bagaço da Laranja,"Arlindo Cruz/Franco/Marquinhos PQD/Negro, Jovelina Pérolo/Zeca Pagodinho",0.99
1,Music,Felicidade Urgente,,0.99
8,Music,Felicidade Urgente,,0.99
1,Music,Fell On Black Days,Chris Cornell,0.0
8,Music,Fell On Black Days,Chris Cornell,0.0
8,Music,Fica,Chico Amaral/Samuel Rosa,0.99
1,Music,Fica,Chico Amaral/Samuel Rosa,0.99
8,Music,Fight Fire With Fire,Metallica,0.0
1,Music,Fight Fire With Fire,Metallica,0.0
1,Music,Fight From The Inside,Taylor,0.99
8,Music,Fight From The Inside,Taylor,0.99
8,Music,Filho Maravilha,,0.99
1,Music,Filho Maravilha,,0.99
1,Music,Finally Forever,Chris Cornell,0.0
8,Music,Finally Forever,Chris Cornell,0.0
8,Music,Finding My Way,Geddy Lee And Alex Lifeson/Geddy Lee And Neil Peart/Rush,0.99
1,Music,Finding My Way,Geddy Lee And Alex Lifeson/Geddy Lee And Neil Peart/Rush,0.99
8,Music,Fire,Jimi Hendrix,0.99
1,Music,Fire,Jimi Hendrix,0.99
8,Music,Fire Fire,Clarke/Kilmister/Taylor,0.0
1,Music,Fire Fire,Clarke/Kilmister/Taylor,0.0
1,Music,Fire In The Basement,"Blackmore, Glover, Turner, Lord, Paice",0.0
8,Music,Fire In The Basement,"Blackmore, Glover, Turner, Lord, Paice",0.0
1,Music,Fire In The Head,The Tea Party,0.0
8,Music,Fire In The Head,The Tea Party,0.0
1,Music,Fire Woman,,0.0
8,Music,Fire Woman,,0.0
8,Music,Fire in the Hole,Van Halen,0.0
1,Music,Fire in the Hole,Van Halen,0.0
1,Music,Fireball,"Ritchie Blackmore, Ian Gillan, Roger Glover, Jon Lord, Ian Paice",0.0
8,Music,Fireball,"Ritchie Blackmore, Ian Gillan, Roger Glover, Jon Lord, Ian Paice",0.0
1,Music,Firmamento,Bino Farias/Da Gama/Henry Lawes/Lazão/Toni Garrido/Winston Foser-Vers,0.99
1,Music,Firmamento,Harry Lawes/Winston Foster-Vers,0.99
8,Music,Firmamento,Bino Farias/Da Gama/Henry Lawes/Lazão/Toni Garrido/Winston Foser-Vers,0.99
8,Music,Firmamento,Harry Lawes/Winston Foster-Vers,0.99
1,Music,First Time I Met The Blues,Eurreal Montgomery,0.99
8,Music,First Time I Met The Blues,Eurreal Montgomery,0.99
8,Music,Fixxxer,"Hetfield, Ulrich, Hammett",0.0
1,Music,Fixxxer,"Hetfield, Ulrich, Hammett",0.0
8,Music,Flash,"May, Brian",0.99
1,Music,Flash,"May, Brian",0.99
8,Music,Flash of The Blade,Dickinson,0.99
1,Music,Flash of The Blade,Dickinson,0.99
8,Music,Flight Of Icarus,Smith/Dickinson,0.0
1,Music,Flight Of Icarus,Smith/Dickinson,0.0
8,Music,Flight Of The Icarus,Adrian Smith/Bruce Dickinson,0.0
1,Music,Flight Of The Icarus,Adrian Smith/Bruce Dickinson,0.0
1,Music,Flight Of The Rat,"Blackmore, Gillan, Glover, Lord, Paice",0.99
8,Music,Flight Of The Rat,"Blackmore, Gillan, Glover, Lord, Paice",0.99
8,Music,Flip The Switch,Jagger/Richards,0.0
1,Music,Flip The Switch,Jagger/Richards,0.0
8,Music,Flor De Lis,Djavan,0.99
1,Music,Flor De Lis,Djavan,0.99
1,Music,Flor Do Futuro,,0.0
8,Music,Flor Do Futuro,,0.0
8,Music,Flores,Titãs,0.99
1,Music,Flores,Titãs,0.99
8,Music,Flower,Chris Cornell/Kim Thayil,0.99
1,Music,Flower,Chris Cornell/Kim Thayil,0.99
1,Music,Fly Away,Lenny Kravitz,0.0
8,Music,Fly Away,Lenny Kravitz,0.0
1,Music,Fly By Night,Geddy Lee And Alex Lifeson/Geddy Lee And Neil Peart/Rush,0.99
8,Music,Fly By Night,Geddy Lee And Alex Lifeson/Geddy Lee And Neil Peart/Rush,0.99
8,Music,Fly Me To The Moon,bart howard,0.99
1,Music,Fly Me To The Moon,bart howard,0.99
8,Music,Flying High Again,"O. Osbourne, R. Daisley, R. Rhoads, L. Kerslake",0.99
8,Music,Flying High Again,"L. Kerslake, O. Osbourne, R. Daisley & R. Rhoads",1.98
1,Music,Flying High Again,"O. Osbourne, R. Daisley, R. Rhoads, L. Kerslake",0.99
1,Music,Flying High Again,"L. Kerslake, O. Osbourne, R. Daisley & R. Rhoads",1.98
8,Music,Fogo De Palha,,0.0
1,Music,Fogo De Palha,,0.0
8,Music,Folhas Secas,,1.98
1,Music,Folhas Secas,,1.98
1,Music,Fool For Your Loving,Marsden/Moody,0.0
8,Music,Fool For Your Loving,Marsden/Moody,0.0
1,Music,Fool In The Rain,"Jimmy Page, Robert Plant & John Paul Jones",0.99
8,Music,Fool In The Rain,"Jimmy Page, Robert Plant & John Paul Jones",0.99
1,Music,Fools,"Ritchie Blackmore, Ian Gillan, Roger Glover, Jon Lord, Ian Paice",0.0
8,Music,Fools,"Ritchie Blackmore, Ian Gillan, Roger Glover, Jon Lord, Ian Paice",0.0
1,Music,For Once In My Life,orlando murden/ronald miller,0.0
8,Music,For Once In My Life,orlando murden/ronald miller,0.0
1,Music,For Those About To Rock (We Salute You),"Angus Young, Malcolm Young, Brian Johnson",0.99
8,Music,For Those About To Rock (We Salute You),"Angus Young, Malcolm Young, Brian Johnson",0.99
8,Music,For Whom The Bell Tolls,Metallica,1.98
1,Music,For Whom The Bell Tolls,Metallica,1.98
8,Music,For Your Babies,Mick Hucknall,0.99
1,Music,For Your Babies,Mick Hucknall,0.99
8,Music,For Your Life,Jimmy Page/Robert Plant,1.98
1,Music,For Your Life,Jimmy Page/Robert Plant,1.98
8,Music,For the Greater Good of God,,1.98
1,Music,For the Greater Good of God,,1.98
8,Music,Fora Da Ordem,,0.99
1,Music,Fora Da Ordem,,0.99
1,Music,Forgiven,Alanis Morissette & Glenn Ballard,0.99
8,Music,Forgiven,Alanis Morissette & Glenn Ballard,0.99
8,Music,Formigueiro,,0.99
1,Music,Formigueiro,,0.99
1,Music,Formosa,,0.99
8,Music,Formosa,,0.99
8,Music,Forró De Tóquio,,0.0
1,Music,Forró De Tóquio,,0.0
1,Music,Fortunate Son,J. C. Fogerty,0.99
8,Music,Fortunate Son,J. C. Fogerty,0.99
1,Music,Fortunes Of War,Steve Harris,0.99
8,Music,Fortunes Of War,Steve Harris,0.99
1,Music,Fortuneteller,"Blackmore, Glover, Turner, Lord, Paice",0.99
8,Music,Fortuneteller,"Blackmore, Glover, Turner, Lord, Paice",0.99
1,Music,Forty Days (Com DJ Hum),,0.0
8,Music,Forty Days (Com DJ Hum),,0.0
8,Music,Forty Days Instrumental,,0.99
1,Music,Forty Days Instrumental,,0.99
1,Music,Fotografia,,0.0
8,Music,Fotografia,,0.0
8,Music,Four Sticks,"Jimmy Page, Robert Plant",0.99
1,Music,Four Sticks,"Jimmy Page, Robert Plant",0.99
1,Music,Four Walled World,,0.99
8,Music,Four Walled World,,0.99
1,Music,Foxy Lady,Jimi Hendrix,0.0
8,Music,Foxy Lady,Jimi Hendrix,0.0
8,Music,Frantic,Bob Rock/James Hetfield/Kirk Hammett/Lars Ulrich,0.99
1,Music,Frantic,Bob Rock/James Hetfield/Kirk Hammett/Lars Ulrich,0.99
1,Music,Free Me,"Dave Grohl, Taylor Hawkins, Nate Mendel, Chris Shiflett",0.99
8,Music,Free Me,"Dave Grohl, Taylor Hawkins, Nate Mendel, Chris Shiflett",0.99
8,Music,Free Speech For The Dumb,Molaney/Morris/Roberts/Wainwright,0.0
1,Music,Free Speech For The Dumb,Molaney/Morris/Roberts/Wainwright,0.0
1,Music,Freedom For My People,"Mabins, Macie/Magee, Sterling/Robinson, Bobby",0.99
8,Music,Freedom For My People,"Mabins, Macie/Magee, Sterling/Robinson, Bobby",0.99
1,Music,Freedom Of Speech,,0.0
8,Music,Freedom Of Speech,,0.0
8,Music,Freestyle Love,,0.0
1,Music,Freestyle Love,,0.0
8,Music,Freewheel Burning,,0.99
1,Music,Freewheel Burning,,0.99
8,Music,Freewill,Geddy Lee And Alex Lifeson/Geddy Lee And Neil Peart/Rush,0.99
1,Music,Freewill,Geddy Lee And Alex Lifeson/Geddy Lee And Neil Peart/Rush,0.99
8,Music,Fried Neckbones And Home Fries,W.Correa,0.0
1,Music,Fried Neckbones And Home Fries,W.Correa,0.0
1,Music,Friend Of A Friend,"Dave Grohl, Taylor Hawkins, Nate Mendel, Chris Shiflett/FOO FIGHTERS",0.99
8,Music,Friend Of A Friend,"Dave Grohl, Taylor Hawkins, Nate Mendel, Chris Shiflett/FOO FIGHTERS",0.99
1,Music,Friends,"Jimmy Page, Robert Plant",0.99
8,Music,Friends,"Jimmy Page, Robert Plant",0.99
8,Music,Friends Will Be Friends,Freddie Mercury & John Deacon,0.0
1,Music,Friends Will Be Friends,Freddie Mercury & John Deacon,0.0
8,Music,From Afar,Van Halen,0.0
1,Music,From Afar,Van Halen,0.0
8,Music,From Here To Eternity,Steve Harris,0.0
1,Music,From Here To Eternity,Steve Harris,0.0
8,Music,From Here To Eternity,Steve Harris,0.0
1,Music,From Here To Eternity,Steve Harris,0.0
1,Music,From Here To Eternity,,0.99
8,Music,From Here To Eternity,,0.99
8,Music,From Out Of Nowhere,Faith No More,0.99
1,Music,From Out Of Nowhere,Faith No More,0.99
8,Music,Fuel,"Hetfield, Ulrich, Hammett",0.99
1,Music,Fuel,"Hetfield, Ulrich, Hammett",0.99
1,Music,Fullgás,,0.0
8,Music,Fullgás,,0.0
1,Music,Funk De Bamba (Com Fernanda Abreu),,0.0
8,Music,Funk De Bamba (Com Fernanda Abreu),,0.0
8,Music,Funk Hum,,0.99
1,Music,Funk Hum,,0.99
8,Music,Funk de Bamba,,0.99
1,Music,Funk de Bamba,,0.99
1,Music,Funky Monks,Anthony Kiedis/Chad Smith/Flea/John Frusciante,0.0
8,Music,Funky Monks,Anthony Kiedis/Chad Smith/Flea/John Frusciante,0.0
1,Music,Funky Piano,,0.99
8,Music,Funky Piano,,0.99
8,Music,Futureal,Blaze Bayley/Steve Harris,0.99
1,Music,Futureal,Blaze Bayley/Steve Harris,0.99
1,Music,"Fé Cega, Faca Amolada","Milton Nascimento, Ronaldo Bastos",0.0
8,Music,"Fé Cega, Faca Amolada","Milton Nascimento, Ronaldo Bastos",0.0
8,Music,Férias,,0.0
1,Music,Férias,,0.0
8,Music,Gallows Pole,Traditional,0.0
1,Music,Gallows Pole,Traditional,0.0
8,Music,Gangland,Adrian Smith/Clive Burr/Steve Harris,1.98
1,Music,Gangland,Adrian Smith/Clive Burr/Steve Harris,1.98
1,Music,Garden,Jeff Ament/Stone Gossard,0.0
8,Music,Garden,Jeff Ament/Stone Gossard,0.0
1,Music,Garden of Eden,,1.98
8,Music,Garden of Eden,,1.98
1,Music,Garota De Ipanema,Vários,0.0
8,Music,Garota De Ipanema,,0.0
1,Music,Garota De Ipanema,,0.0
8,Music,Garota De Ipanema,Vários,0.0
1,Music,Garota Nacional,Samuel Rosa,0.99
8,Music,Garota Nacional,Samuel Rosa,0.99
8,Music,Garota de Ipanema (Dick Farney),,0.99
1,Music,Garota de Ipanema (Dick Farney),,0.99
8,Music,Garotas do Brasil,"Garay, Ricardo Engels/Luca Predabom/Ludwig, Carlos Henrique/Maurício Vieira",0.0
1,Music,Garotas do Brasil,"Garay, Ricardo Engels/Luca Predabom/Ludwig, Carlos Henrique/Maurício Vieira",0.0
8,Music,Gasoline,Audioslave/Chris Cornell,0.0
1,Music,Gasoline,Audioslave/Chris Cornell,0.0
1,Music,Gatas Extraordinárias,,0.99
8,Music,Gatas Extraordinárias,,0.99
8,Music,Gates Of Tomorrow,Bruce Dickinson/Janick Gers/Steve Harris,0.99
1,Music,Gates Of Tomorrow,Bruce Dickinson/Janick Gers/Steve Harris,0.99
8,Music,Gates Of Urizen,Roy Z,0.99
1,Music,Gates Of Urizen,Roy Z,0.99
8,Music,Gavioes 2001,,0.99
1,Music,Gavioes 2001,,0.99
8,Music,Geek Stink Breath,Billie Joe Armstrong -Words Green Day -Music,0.99
1,Music,Geek Stink Breath,Billie Joe Armstrong -Words Green Day -Music,0.99
8,Music,Generique,Miles Davis,0.0
1,Music,Generique,Miles Davis,0.0
8,Music,Genghis Khan,Steve Harris,0.99
1,Music,Genghis Khan,Steve Harris,0.99
8,Music,Geni E O Zepelim,,1.98
1,Music,Geni E O Zepelim,,1.98
8,Music,Geração Coca-Cola,Renato Russo,0.0
1,Music,Geração Coca-Cola,Renato Russo,0.0
8,Music,Geração Coca-Cola (Ao Vivo),,0.0
1,Music,Geração Coca-Cola (Ao Vivo),,0.0
1,Music,"Get Down, Make Love",Mercury,0.99
8,Music,"Get Down, Make Love",Mercury,0.99
8,Music,Get In The Ring,Duff McKagan/Slash/W. Axl Rose,0.0
1,Music,Get In The Ring,Duff McKagan/Slash/W. Axl Rose,0.0
1,Music,Get Me Outta Here,C. Cester/N. Cester,0.0
8,Music,Get Me Outta Here,C. Cester/N. Cester,0.0
1,Music,Get My Hands On Some Lovin',,0.0
8,Music,Get My Hands On Some Lovin',,0.0
1,Music,Get Off Of My Cloud,Jagger/Richards,0.99
8,Music,Get Off Of My Cloud,Jagger/Richards,0.99
8,Music,Get On The Good Foot,Fred Wesley/James Brown/Joseph Mims,0.0
1,Music,Get On The Good Foot,Fred Wesley/James Brown/Joseph Mims,0.0
1,Music,Get On The Snake,Chris Cornell/Kim Thayil,0.99
8,Music,Get On The Snake,Chris Cornell/Kim Thayil,0.99
8,Music,Get On Top,Red Hot Chili Peppers,0.99
1,Music,Get On Top,Red Hot Chili Peppers,0.99
1,Music,Get Out,"Mike Bordin, Billy Gould, Mike Patton",0.99
8,Music,Get Out,"Mike Bordin, Billy Gould, Mike Patton",0.99
8,Music,Get Right,Matt Cameron,0.99
1,Music,Get Right,Matt Cameron,0.99
8,Music,Get Up,Bill Berry-Peter Buck-Mike Mills-Michael Stipe,1.98
1,Music,Get Up,Bill Berry-Peter Buck-Mike Mills-Michael Stipe,1.98
1,Music,Get Up (I Feel Like Being A) Sex Machine,Bobby Byrd/James Brown/Ron Lenhoff,0.99
8,Music,Get Up (I Feel Like Being A) Sex Machine,Bobby Byrd/James Brown/Ron Lenhoff,0.99
1,Music,Get Up Offa That Thing,Deanna Brown/Deidra Jenkins/Yamma Brown,0.99
8,Music,Get Up Offa That Thing,Deanna Brown/Deidra Jenkins/Yamma Brown,0.99
8,Music,Get What You Need,C. Cester/C. Muncey/N. Cester,0.99
1,Music,Get What You Need,C. Cester/C. Muncey/N. Cester,0.99
1,Music,Getaway Car,Audioslave/Chris Cornell,0.0
8,Music,Getaway Car,Audioslave/Chris Cornell,0.0
8,Music,Gettin' Tighter,Bolin/Hughes,0.0
1,Music,Gettin' Tighter,Bolin/Hughes,0.0
1,Music,Ghandi (Live),,0.0
8,Music,Ghandi (Live),,0.0
8,Music,Ghost,Jeff Ament,0.99
1,Music,Ghost,Jeff Ament,0.99
8,Music,Ghost Of The Navigator,Bruce Dickinson/Janick Gers/Steve Harris,0.99
1,Music,Ghost Of The Navigator,Bruce Dickinson/Janick Gers/Steve Harris,0.99
8,Music,Ghost Of The Navigator,Bruce Dickinson/Janick Gers/Steve Harris,0.99
1,Music,Ghost Of The Navigator,Bruce Dickinson/Janick Gers/Steve Harris,0.99
1,Music,Ghosts,Chris Cornell,0.0
8,Music,Ghosts,Chris Cornell,0.0
1,Music,Gimme Some Truth,,0.99
1,Music,Gimme Some Truth,,0.99
8,Music,Gimme Some Truth,,0.99
8,Music,Gimme Some Truth,,0.99
8,Music,Gimmie Shelters,Jagger/Richards,0.99
1,Music,Gimmie Shelters,Jagger/Richards,0.99
8,Music,Girassol,Bino Farias/Da Gama/Lazão/Pedro Luis/Toni Garrido,0.0
1,Music,Girassol,Bino Farias/Da Gama/Lazão/Pedro Luis/Toni Garrido,0.0
1,Music,Girl From A Pawnshop,Chris Robinson/Rich Robinson,0.99
8,Music,Girl From A Pawnshop,Chris Robinson/Rich Robinson,0.99
8,Music,"Girls, Girls, Girls",Mick Mars/Nikki Sixx/Tommy Lee,0.0
1,Music,"Girls, Girls, Girls",Mick Mars/Nikki Sixx/Tommy Lee,0.0
1,Music,Give It Away,Anthony Kiedis/Chad Smith/Flea/John Frusciante,0.0
8,Music,Give It Away,Anthony Kiedis/Chad Smith/Flea/John Frusciante,0.0
1,Music,Give Me Love,Caetano Veloso e Gilberto Gil,0.0
8,Music,Give Me Love,Caetano Veloso e Gilberto Gil,0.0
8,Music,Give Me Novacaine,Green Day,1.98
1,Music,Give Me Novacaine,Green Day,1.98
1,Music,Give Peace a Chance,,1.98
8,Music,Give Peace a Chance,,1.98
8,Music,Given To Fly,Eddie Vedder & Mike McCready,0.99
1,Music,Given To Fly,Eddie Vedder & Mike McCready,0.99
8,Music,Giz,Dado Villa-Lobos/Marcelo Bonfá,0.99
1,Music,Giz,Dado Villa-Lobos/Marcelo Bonfá,0.99
8,Music,Glitter,Bryan Adams/Nikki Sixx/Scott Humphrey,0.0
1,Music,Glitter,Bryan Adams/Nikki Sixx/Scott Humphrey,0.0
1,Music,Glorified G,Dave Abbruzzese/Eddie Vedder/Jeff Ament/Mike McCready/Stone Gossard,0.0
8,Music,Glorified G,Dave Abbruzzese/Eddie Vedder/Jeff Ament/Mike McCready/Stone Gossard,0.0
1,Music,Go,Dave Abbruzzese & Jeff Ament & Stone Gossard & Mike McCready & Eddie Vedder,0.0
1,Music,Go,Dave Abbruzzese/Eddie Vedder/Jeff Ament/Mike McCready/Stone Gossard,0.99
8,Music,Go,Dave Abbruzzese & Jeff Ament & Stone Gossard & Mike McCready & Eddie Vedder,0.0
8,Music,Go,Dave Abbruzzese/Eddie Vedder/Jeff Ament/Mike McCready/Stone Gossard,0.99
8,Music,Go Back,Titãs,0.99
1,Music,Go Back,Titãs,0.99
1,Music,Go Down,AC/DC,0.99
8,Music,Go Down,AC/DC,0.99
1,Music,Go West,,0.0
8,Music,Go West,,0.0
8,Music,God,,0.99
1,Music,God,,0.99
8,Music,God Gave Rock 'n' Roll To You,"Paul Stanley, Gene Simmons, Rus Ballard, Bob Ezrin",0.99
1,Music,God Gave Rock 'n' Roll To You,"Paul Stanley, Gene Simmons, Rus Ballard, Bob Ezrin",0.99
8,Music,God Of Thunder,Paul Stanley,0.99
1,Music,God Of Thunder,Paul Stanley,0.99
8,Music,God Part II,"Bono/Clayton, Adam/Mullen Jr., Larry/The Edge",0.99
1,Music,God Part II,"Bono/Clayton, Adam/Mullen Jr., Larry/The Edge",0.99
8,Music,Goin' Blind,"Gene Simmons, S. Coronel",0.99
8,Music,Goin' Blind,"Gene Simmons, Stephen Coronel",0.0
1,Music,Goin' Blind,"Gene Simmons, Stephen Coronel",0.0
1,Music,Goin' Blind,"Gene Simmons, S. Coronel",0.99
1,Music,Going Down / Highway Star,Gillan/Glover/Lord/Nix - Blackmore/Paice,0.99
8,Music,Going Down / Highway Star,Gillan/Glover/Lord/Nix - Blackmore/Paice,0.99
8,Music,Going To California,Robert Plant,0.99
1,Music,Going To California,"Jimmy Page, Robert Plant",0.0
1,Music,Going To California,Robert Plant,0.99
8,Music,Going To California,"Jimmy Page, Robert Plant",0.0
8,Music,Gone,Eddie Vedder,0.99
8,Music,Gone,"Bono, The Edge, Adam Clayton, and Larry Mullen",0.0
1,Music,Gone,"Bono, The Edge, Adam Clayton, and Larry Mullen",0.0
1,Music,Gone,Eddie Vedder,0.99
8,Music,Gonna Give Her All The Love I've Got,Barrett Strong/Norman Whitfield,0.0
1,Music,Gonna Give Her All The Love I've Got,Barrett Strong/Norman Whitfield,0.0
1,Music,Gonna Keep On Tryin' Till I Win Your Love,Barrett Strong/Norman Whitfield,0.0
8,Music,Gonna Keep On Tryin' Till I Win Your Love,Barrett Strong/Norman Whitfield,0.0
8,Music,Good Golly Miss Molly,Little Richard,0.99
1,Music,Good Golly Miss Molly,Little Richard,0.99
8,Music,Good Golly Miss Molly,J.C. Fogerty,1.98
1,Music,Good Golly Miss Molly,J.C. Fogerty,1.98
8,Music,Good Old-Fashioned Lover Boy,"Mercury, Freddie",0.0
1,Music,Good Old-Fashioned Lover Boy,"Mercury, Freddie",0.0
8,Music,Good Riddance (Time Of Your Life),Billie Joe Armstrong -Words Green Day -Music,0.0
1,Music,Good Riddance (Time Of Your Life),Billie Joe Armstrong -Words Green Day -Music,0.0
1,Music,Good Times Bad Times,Jimmy Page/John Bonham/John Paul Jones,0.0
8,Music,Good Times Bad Times,Jimmy Page/John Bonham/John Paul Jones,0.0
1,Music,Goodbye To Romance,"O. Osbourne, R. Daisley, R. Rhoads",0.0
8,Music,Goodbye To Romance,"O. Osbourne, R. Daisley, R. Rhoads",0.0
8,Music,Gostava Tanto De Você,,0.99
8,Music,Gostava Tanto De Você,,0.0
1,Music,Gostava Tanto De Você,,0.99
1,Music,Gostava Tanto De Você,,0.0
8,Music,Got That Feeling,Mike Patton,0.99
1,Music,Got That Feeling,Mike Patton,0.99
1,Music,Gota D'água,,0.99
8,Music,Gota D'água,,0.99
8,Music,Grace,"Adam Clayton, Bono, Larry Mullen, The Edge",0.0
1,Music,Grace,"Adam Clayton, Bono, Larry Mullen, The Edge",0.0
8,Music,Gran Circo,"Milton Nascimento, Márcio Borges",0.0
1,Music,Gran Circo,"Milton Nascimento, Márcio Borges",0.0
1,Music,Grande Rio,Carlos Santos/Ciro/Claudio Russo/Zé Luiz,0.0
8,Music,Grande Rio,Carlos Santos/Ciro/Claudio Russo/Zé Luiz,0.0
1,Music,Greasy Grass River,Chris Robinson/Rich Robinson,0.0
8,Music,Greasy Grass River,Chris Robinson/Rich Robinson,0.0
8,Music,Green Disease,Eddie Vedder,0.99
1,Music,Green Disease,Eddie Vedder,0.99
8,Music,Green Grow The Rushes,R.E.M.,0.99
1,Music,Green Grow The Rushes,R.E.M.,0.99
1,Music,Green River,J. C. Fogerty,0.99
8,Music,Green River,J. C. Fogerty,0.99
8,Music,Grito De Alerta,Gonzaga Jr.,0.99
1,Music,Grito De Alerta,Gonzaga Jr.,0.99
8,Music,Groovus Interruptus,Jim Beard,0.99
1,Music,Groovus Interruptus,Jim Beard,0.99
8,Music,Grow Old With Me,,0.0
1,Music,Grow Old With Me,,0.0
8,Music,Guanabara,Marcos Valle,0.0
1,Music,Guanabara,Marcos Valle,0.0
8,Music,Guess Who's Back,E. Schrody/L. Muggerud,0.99
1,Music,Guess Who's Back,E. Schrody/L. Muggerud,0.99
8,Music,Gypsy,Kevin Robinson,0.0
1,Music,Gypsy,Coverdale/Hughes/Lord/Paice,0.0
1,Music,Gypsy,Kevin Robinson,0.0
8,Music,Gypsy,Coverdale/Hughes/Lord/Paice,0.0
1,Music,Gyroscope,The Tea Party,1.98
8,Music,Gyroscope,The Tea Party,1.98
8,Music,"Hail, Hail",Stone Gossard & Eddie Vedder & Jeff Ament & Mike McCready,0.0
1,Music,"Hail, Hail",Stone Gossard & Eddie Vedder & Jeff Ament & Mike McCready,0.0
8,Music,Hairshirt,Bill Berry-Peter Buck-Mike Mills-Michael Stipe,0.99
1,Music,Hairshirt,Bill Berry-Peter Buck-Mike Mills-Michael Stipe,0.99
1,Music,Half A World Away,Bill Berry/Michael Stipe/Mike Mills/Peter Buck,0.0
8,Music,Half A World Away,Bill Berry/Michael Stipe/Mike Mills/Peter Buck,0.0
1,Music,Half The Man,Toby Smith,0.0
8,Music,Half The Man,Toby Smith,0.0
8,Music,Hallelujah Here She Comes,U2,1.98
1,Music,Hallelujah Here She Comes,U2,1.98
8,Music,Hallowed Be Thy Name,Harris,0.0
8,Music,Hallowed Be Thy Name,Steve Harris,0.99
1,Music,Hallowed Be Thy Name,,1.98
1,Music,Hallowed Be Thy Name,Harris,0.0
1,Music,Hallowed Be Thy Name,Steve Harris,0.0
1,Music,Hallowed Be Thy Name,Steve Harris,0.99
8,Music,Hallowed Be Thy Name,,1.98
8,Music,Hallowed Be Thy Name,Steve Harris,0.0
8,Music,Hallowed Be Thy Name,Steve Harris,0.99
1,Music,Hallowed Be Thy Name,Steve Harris,0.99
8,Music,Hallowed Be Thy Name (Live) [Non Album Bonus Track],,0.0
1,Music,Hallowed Be Thy Name (Live) [Non Album Bonus Track],,0.0
1,Music,Halo,Foo Fighters,0.0
8,Music,Halo,Foo Fighters,0.0
1,Music,Hammer To Fall,Brian May,0.0
8,Music,Hammer To Fall,Brian May,0.0
1,Music,Hand In My Pocket,Alanis Morissette & Glenn Ballard,0.0
8,Music,Hand In My Pocket,Alanis Morissette & Glenn Ballard,0.0
1,Music,Hands All Over,Chris Cornell/Kim Thayil,0.99
8,Music,Hands All Over,Chris Cornell/Kim Thayil,0.99
8,Music,Hang 'Em High,Alex Van Halen/David Lee Roth/Edward Van Halen/Michael Anthony,0.99
1,Music,Hang 'Em High,Alex Van Halen/David Lee Roth/Edward Van Halen/Michael Anthony,0.99
1,Music,Happy Jack,Pete Townshend,0.99
8,Music,Happy Jack,Pete Townshend,0.99
1,Music,Happy Trails,Dale Evans,0.0
8,Music,Happy Trails,Dale Evans,0.0
8,Music,Hard Lovin' Man,"Blackmore, Gillan, Glover, Lord, Paice",0.0
1,Music,Hard Lovin' Man,"Blackmore, Gillan, Glover, Lord, Paice",0.0
1,Music,Hard Luck Woman,Paul Stanley,0.99
8,Music,Hard Luck Woman,Paul Stanley,0.99
8,Music,Hard To Handle,A.Isbell/A.Jones/O.Redding,0.99
1,Music,Hard To Handle,A.Isbell/A.Jones/O.Redding,0.99
1,Music,Harvester Of Sorrow,Apocalyptica,0.0
8,Music,Harvester Of Sorrow,Apocalyptica,0.0
8,Music,Harvester Of Sorrow,James Hetfield and Lars Ulrich,0.99
1,Music,Harvester Of Sorrow,James Hetfield and Lars Ulrich,0.99
1,Music,Hats Off To (Roy) Harper,Traditional,0.99
8,Music,Hats Off To (Roy) Harper,Traditional,0.99
8,Music,Have It All,Foo Fighters,0.0
1,Music,Have It All,Foo Fighters,0.0
1,Music,Have You Ever Needed Someone So Bad,,0.0
8,Music,Have You Ever Needed Someone So Bad,,0.0
8,Music,Have You Ever Seen The Rain?,J. C. Fogerty,0.0
1,Music,Have You Ever Seen The Rain?,J. C. Fogerty,0.0
8,Music,Hawkmoon 269,"Bono/Clayton, Adam/Mullen Jr., Larry/The Edge",0.99
1,Music,Hawkmoon 269,"Bono/Clayton, Adam/Mullen Jr., Larry/The Edge",0.99
1,Music,He Can Only Hold Her,Richard Poindexter & Robert Poindexter,0.99
8,Music,He Can Only Hold Her,Richard Poindexter & Robert Poindexter,0.99
1,Music,Head Over Feet,Alanis Morissette & Glenn Ballard,0.0
8,Music,Head Over Feet,Alanis Morissette & Glenn Ballard,0.0
8,Music,Heading Out To The Highway (Live),,0.0
1,Music,Heading Out To The Highway (Live),,0.0
1,Music,Headlong,Queen,0.99
8,Music,Headlong,Queen,0.99
8,Music,Headspace,"Dave Kushner, Duff, Matt Sorum, Scott Weiland & Slash",0.99
1,Music,Headspace,"Dave Kushner, Duff, Matt Sorum, Scott Weiland & Slash",0.99
8,Music,Heart In Your Hand,"Jimmy Page, Robert Plant, Charlie Jones, Michael Lee",0.99
1,Music,Heart In Your Hand,"Jimmy Page, Robert Plant, Charlie Jones, Michael Lee",0.99
1,Music,Heart Of Gold,,0.99
8,Music,Heart Of Gold,,0.99
1,Music,Heart Of Lothian: Wide Boy / Curtain Call,"Kelly, Mosley, Rothery, Trewaves",0.99
8,Music,Heart Of Lothian: Wide Boy / Curtain Call,"Kelly, Mosley, Rothery, Trewaves",0.99
8,Music,Heart Of Soul,,0.0
1,Music,Heart Of Soul,,0.0
1,Music,Heart Of Stone,Jagger/Richards,0.0
8,Music,Heart Of Stone,Jagger/Richards,0.0
8,Music,Heart of the Night,,0.0
1,Music,Heart of the Night,,0.0
8,Music,Heart-Shaped Box,Kurt Cobain,0.0
1,Music,Heart-Shaped Box,Kurt Cobain,0.0
8,Music,Heartbreaker,"Jimmy Page, Robert Plant, John Paul Jones, John Bonham",0.0
8,Music,Heartbreaker,John Bonham/John Paul Jones/Robert Plant,0.99
1,Music,Heartbreaker,"Jimmy Page, Robert Plant, John Paul Jones, John Bonham",0.0
1,Music,Heartbreaker,John Bonham/John Paul Jones/Robert Plant,0.99
8,Music,Heartland,"Bono/Clayton, Adam/Mullen Jr., Larry/The Edge",0.99
1,Music,Heartland,"Bono/Clayton, Adam/Mullen Jr., Larry/The Edge",0.99
8,Music,Heaven Can Wait,Steve Harris,0.99
1,Music,Heaven Can Wait,,0.99
8,Music,Heaven Can Wait,,0.99
1,Music,Heaven Can Wait,Steve Harris,0.99
1,Music,Heaven Can Wait,Steve Harris,0.99
8,Music,Heaven Can Wait,Steve Harris,0.99
8,Music,Heaven Coming Down,The Tea Party,1.98
1,Music,Heaven Coming Down,The Tea Party,1.98
1,Music,Heaven Help,Gerry DeVeaux/Terry Britten,0.0
8,Music,Heaven Help,Gerry DeVeaux/Terry Britten,0.0
1,Music,Heaven Is,,0.0
8,Music,Heaven Is,,0.0
1,Music,Heaven's Dead,"Cornell, Commerford, Morello, Wilk",0.0
8,Music,Heaven's Dead,"Cornell, Commerford, Morello, Wilk",0.0
1,Music,Heavy Love Affair,Marvin Gaye,0.99
8,Music,Heavy Love Affair,Marvin Gaye,0.99
1,Music,Heliopolis,Jay Beckenstein,0.99
8,Music,Heliopolis,Jay Beckenstein,0.99
8,Music,Hell,"Dave Grohl, Taylor Hawkins, Nate Mendel, Chris Shiflett",0.0
1,Music,Hell,"Dave Grohl, Taylor Hawkins, Nate Mendel, Chris Shiflett",0.0
8,Music,Hell Ain't A Bad Place To Be,AC/DC,0.99
1,Music,Hell Ain't A Bad Place To Be,AC/DC,0.99
8,Music,Hello Mary Lou,J.C. Fogerty,0.0
1,Music,Hello Mary Lou,J.C. Fogerty,0.0
1,Music,Help Help,Jeff Ament,0.0
8,Music,Help Help,Jeff Ament,0.0
8,Music,Help Yourself,"Freddy James, Jimmy hogarth & Larry Stock",0.99
1,Music,Help Yourself,"Freddy James, Jimmy hogarth & Larry Stock",0.99
8,Music,Helpless,Harris/Tatler,0.99
1,Music,Helpless,Harris/Tatler,0.99
1,Music,Helpless,Bill Gould/Mike Bordin/Mike Patton,0.99
8,Music,Helpless,Bill Gould/Mike Bordin/Mike Patton,0.99
8,Music,Helter Skelter,"Lennon, John/McCartney, Paul",0.0
1,Music,Helter Skelter,"Lennon, John/McCartney, Paul",0.0
1,Music,Hemp Family,,0.99
8,Music,Hemp Family,,0.99
8,Music,Here I Am (Come And Take Me),,0.99
1,Music,Here I Am (Come And Take Me),,0.99
1,Music,Here I Go Again,Marsden,0.99
8,Music,Here I Go Again,Marsden,0.99
8,Music,Here's To The Atom Bomb,Billy Corgan,0.0
1,Music,Here's To The Atom Bomb,Billy Corgan,0.0
8,Music,Hereditário,Titãs,0.0
1,Music,Hereditário,Titãs,0.0
1,Music,Hero Of The Day,"James Hetfield, Lars Ulrich, Kirk Hammett",0.0
8,Music,Hero Of The Day,"James Hetfield, Lars Ulrich, Kirk Hammett",0.0
1,Music,Hey America,Addie William Jones/Nat Jones,1.98
8,Music,Hey America,Addie William Jones/Nat Jones,1.98
8,Music,Hey Cisco,"Ian Gillan, Roger Glover, Jon Lord, Steve Morse, Ian Paice",0.99
1,Music,Hey Cisco,"Ian Gillan, Roger Glover, Jon Lord, Steve Morse, Ian Paice",0.99
1,Music,Hey Hey,Big Bill Broonzy,0.99
8,Music,Hey Hey,Big Bill Broonzy,0.99
1,Music,Hey Joe,Billy Roberts,0.99
8,Music,Hey Joe,Billy Roberts,0.99
8,Music,Hey Tonight,J. C. Fogerty,0.99
1,Music,Hey Tonight,J. C. Fogerty,0.99
8,Music,"Hey, Johnny Park!","Dave, Taylor, Nate, Chris",0.99
1,Music,"Hey, Johnny Park!","Dave, Taylor, Nate, Chris",0.99
1,Music,High Ball Shooter,D.Coverdale/G.Hughes/Glenn Hughes/I.Paice/Ian Paice/J.Lord/John Lord/R.Blackmore/Ritchie Blackmore,0.99
8,Music,High Ball Shooter,D.Coverdale/G.Hughes/Glenn Hughes/I.Paice/Ian Paice/J.Lord/John Lord/R.Blackmore/Ritchie Blackmore,0.99
8,Music,High Head Blues,Chris Robinson/Rich Robinson,0.99
1,Music,High Head Blues,Chris Robinson/Rich Robinson,0.99
8,Music,Higher Ground,,0.99
1,Music,Higher Ground,,0.99
8,Music,Highway Chile,Jimi Hendrix,0.99
1,Music,Highway Chile,Jimi Hendrix,0.99
8,Music,Highway Star,Ian Gillan/Ian Paice/Jon Lord/Ritchie Blckmore/Roger Glover,0.0
1,Music,Highway Star,Ian Gillan/Ian Paice/Jon Lord/Ritchie Blckmore/Roger Glover,0.0
1,Music,Hill of the Skull,J. Satriani,0.0
8,Music,Hill of the Skull,J. Satriani,0.0
8,Music,Hip Hop Rio,,0.99
1,Music,Hip Hop Rio,,0.99
8,Music,Hit The Lights,"James Hetfield, Lars Ulrich",0.99
1,Music,Hit The Lights,"James Hetfield, Lars Ulrich",0.99
8,Music,Hitchin' A Ride,Billie Joe Armstrong -Words Green Day -Music,0.0
1,Music,Hitchin' A Ride,Billie Joe Armstrong -Words Green Day -Music,0.0
1,Music,Hitsville UK,The Clash,0.0
8,Music,Hitsville UK,The Clash,0.0
8,Music,Hold On,D.Coverdal/G.Hughes/Glenn Hughes/I.Paice/Ian Paice/J.Lord/John Lord,0.0
1,Music,Hold On,D.Coverdal/G.Hughes/Glenn Hughes/I.Paice/Ian Paice/J.Lord/John Lord,0.0
8,Music,Holding Back The Years,Mick Hucknall and Neil Moss,0.0
1,Music,Holding Back The Years,Mick Hucknall and Neil Moss,0.0
1,Music,Holiday,"Billie Joe Armstrong, Mike Dirnt, Tré Cool",1.98
8,Music,Holiday,"Billie Joe Armstrong, Mike Dirnt, Tré Cool",1.98
1,Music,Holier Than Thou,Ulrich,0.99
8,Music,Holier Than Thou,Ulrich,0.99
1,Music,Holy Man,D.Coverdale/G.Hughes/Glenn Hughes/J.Lord/John Lord,0.0
8,Music,Holy Man,D.Coverdale/G.Hughes/Glenn Hughes/J.Lord/John Lord,0.0
1,Music,Holy Smoke,Bruce Dickinson/Steve Harris,0.99
8,Music,Holy Smoke,Bruce Dickinson/Steve Harris,0.99
8,Music,Home Sick Home,Mike Patton,0.99
1,Music,Home Sick Home,Mike Patton,0.99
1,Music,Home Sweet Home,Nikki Sixx/Tommy Lee/Vince Neil,0.99
8,Music,Home Sweet Home,Nikki Sixx/Tommy Lee/Vince Neil,0.99
1,Music,Homecoming / The Death Of St. Jimmy / East 12th St. / Nobody Likes You / Rock And Roll Girlfriend / We're Coming Home Again,Mike Dirnt/Tré Cool,0.99
8,Music,Homecoming / The Death Of St. Jimmy / East 12th St. / Nobody Likes You / Rock And Roll Girlfriend / We're Coming Home Again,Mike Dirnt/Tré Cool,0.99
8,Music,Homely Girl,,0.99
1,Music,Homely Girl,,0.99
8,Music,Homem Primata,Titãs,0.99
1,Music,Homem Primata,Titãs,0.99
1,Music,Homem Primata (Vinheta),Titãs,0.99
8,Music,Homem Primata (Vinheta),Titãs,0.99
1,Music,Honolulu,,0.99
8,Music,Honolulu,,0.99
1,Music,Hooked Up,"Smith, Toby",0.99
8,Music,Hooked Up,"Smith, Toby",0.99
8,Music,Hooks In You,Adrian Smith/Bruce Dickinson,0.0
1,Music,Hooks In You,Adrian Smith/Bruce Dickinson,0.0
1,Music,Hot Dog,Jimmy Page & Robert Plant,0.99
8,Music,Hot Dog,Jimmy Page & Robert Plant,0.99
8,Music,Hot Pants Pt.1,Fred Wesley/James Brown,0.0
1,Music,Hot Pants Pt.1,Fred Wesley/James Brown,0.0
1,Music,Hot Rockin',,0.99
8,Music,Hot Rockin',,0.99
1,Music,Hots On For Nowhere,Jimmy Page/Robert Plant,0.99
8,Music,Hots On For Nowhere,Jimmy Page/Robert Plant,0.99
1,Music,House And The Rising Sun,E. Schrody/J. Vasquez/L. Dimant,0.0
8,Music,House And The Rising Sun,E. Schrody/J. Vasquez/L. Dimant,0.0
1,Music,House Of Love,"Jimmy Page, Robert Plant, Charlie Jones, Michael Lee",0.0
8,Music,House Of Love,"Jimmy Page, Robert Plant, Charlie Jones, Michael Lee",0.0
8,Music,House Of Pain Anthem,E. Schrody/L. Dimant,0.0
1,Music,House Of Pain Anthem,E. Schrody/L. Dimant,0.0
1,Music,Houses Of The Holy,Jimmy Page/Robert Plant,0.99
8,Music,Houses Of The Holy,Jimmy Page/Robert Plant,0.99
8,Music,How High The Moon,,0.99
1,Music,How High The Moon,,0.99
1,Music,How Many More Times,Jimmy Page/John Bonham/John Paul Jones,1.98
8,Music,How Many More Times,Jimmy Page/John Bonham/John Paul Jones,1.98
1,Music,How Many More Times,Chester Burnett/Jimmy Page/John Bonham/John Paul Jones/Robert Plant,0.0
8,Music,How Many More Times,Chester Burnett/Jimmy Page/John Bonham/John Paul Jones/Robert Plant,0.0
8,Music,How Many Say I,Van Halen,0.0
1,Music,How Many Say I,Van Halen,0.0
8,Music,How The West Was Won And Where It Got Us,Bill Berry-Peter Buck-Mike Mills-Michael Stipe,0.99
1,Music,How The West Was Won And Where It Got Us,Bill Berry-Peter Buck-Mike Mills-Michael Stipe,0.99
8,Music,Humans Being,"Edward Van Halen, Alex Van Halen, Michael Anthony,/Edward Van Halen, Alex Van Halen, Michael Anthony, Sammy Hagar",0.99
1,Music,Humans Being,"Edward Van Halen, Alex Van Halen, Michael Anthony,/Edward Van Halen, Alex Van Halen, Michael Anthony, Sammy Hagar",0.99
8,Music,Hunger Strike,,0.0
1,Music,Hunger Strike,,0.0
8,Music,Hush,South,0.99
1,Music,Hush,South,0.99
8,Music,Hyperconectividade,,0.0
1,Music,Hyperconectividade,,0.0
8,Music,Hypnotize,Audioslave/Chris Cornell,0.99
1,Music,Hypnotize,Audioslave/Chris Cornell,0.99
8,Music,Hysteria,,0.99
1,Music,Hysteria,,0.99
1,Music,Há Quanto Tempo,,0.0
8,Music,Há Quanto Tempo,,0.0
1,Music,Há Tempos,Dado Villa-Lobos/Marcelo Bonfá,0.0
8,Music,Há Tempos,Dado Villa-Lobos/Marcelo Bonfá,0.0
1,Music,I Am,Sully Erna,0.99
8,Music,I Am,Sully Erna,0.99
1,Music,I Am Mine,Eddie Vedder,0.0
8,Music,I Am Mine,Eddie Vedder,0.0
1,Music,I Believe,R.E.M.,1.98
8,Music,I Believe,R.E.M.,1.98
1,Music,I Belong To You,Lenny Kravitz,0.99
8,Music,I Belong To You,Lenny Kravitz,0.99
1,Music,I Can See For Miles,Pete Townshend,0.99
8,Music,I Can See For Miles,Pete Townshend,0.99
1,Music,I Can't Explain,Pete Townshend,0.99
8,Music,I Can't Explain,,0.99
8,Music,I Can't Explain,Pete Townshend,0.99
1,Music,I Can't Explain,,0.99
8,Music,I Can't Quit You Baby,Willie Dixon,0.0
1,Music,I Can't Quit You Baby,Willie Dixon,0.0
8,Music,I Can't Quit You Baby,Willie Dixon,0.0
1,Music,I Can't Quit You Baby,Willie Dixon,0.99
8,Music,I Can't Quit You Baby,Willie Dixon,0.99
1,Music,I Can't Quit You Baby,Willie Dixon,0.0
1,Music,I Can't Quit You Baby(2),Willie Dixon,0.99
8,Music,I Can't Quit You Baby(2),Willie Dixon,0.99
1,Music,I Can't Remember,"Jerry Cantrell, Layne Staley",0.99
8,Music,I Can't Remember,"Jerry Cantrell, Layne Staley",0.99
1,Music,I Can't Stand It,Clapton,0.0
8,Music,I Can't Stand It,Clapton,0.0
8,Music,I Could Die For You,"Anthony Kiedis, Flea, John Frusciante, and Chad Smith",0.99
1,Music,I Could Die For You,"Anthony Kiedis, Flea, John Frusciante, and Chad Smith",0.99
1,Music,I Could Have Lied,Anthony Kiedis/Chad Smith/Flea/John Frusciante,0.99
8,Music,I Could Have Lied,Anthony Kiedis/Chad Smith/Flea/John Frusciante,0.99
8,Music,I Don't Know,"B. Daisley, O. Osbourne & R. Rhoads",0.99
1,Music,I Don't Know,"O. Osbourne, R. Daisley, R. Rhoads",0.0
8,Music,I Don't Know,"O. Osbourne, R. Daisley, R. Rhoads",0.0
1,Music,I Don't Know,"B. Daisley, O. Osbourne & R. Rhoads",0.99
1,Music,I Don't Know What To Do With Myself,,0.0
8,Music,I Don't Know What To Do With Myself,,0.0
8,Music,I Don't Live Today,Jimi Hendrix,0.0
1,Music,I Don't Live Today,Jimi Hendrix,0.0
1,Music,I Don't Wanna Be Kissed (By Anyone But You),"H. Spina, J. Elliott",0.99
8,Music,I Don't Wanna Be Kissed (By Anyone But You),"H. Spina, J. Elliott",0.99
8,Music,I Don't Wanna Be Kissed (By Anyone But You) (Alternate Take),"H. Spina, J. Elliott",0.0
1,Music,I Don't Wanna Be Kissed (By Anyone But You) (Alternate Take),"H. Spina, J. Elliott",0.0
8,Music,I Feel Free,Bruce/Clapton,0.0
1,Music,I Feel Free,Bruce/Clapton,0.0
1,Music,I Feel Good (I Got You) - Sossego,James Brown/Tim Maia,0.99
8,Music,I Feel Good (I Got You) - Sossego,James Brown/Tim Maia,0.99
1,Music,I Fought The Law,Sonny Curtis,0.0
8,Music,I Fought The Law,Sonny Curtis,0.0
8,Music,I Fucking Hate You,Sully Erna,0.99
1,Music,I Fucking Hate You,Sully Erna,0.99
1,Music,I Get A Kick Out Of You,cole porter,0.99
8,Music,I Get A Kick Out Of You,cole porter,0.99
8,Music,I Go Wild,Jagger/Richards,0.0
1,Music,I Go Wild,Jagger/Richards,0.0
8,Music,I Got You (I Feel Good),James Brown,0.0
1,Music,I Got You (I Feel Good),James Brown,0.0
8,Music,I Guess You're Right,"""Darius """"Take One"""" Minwalla/Jon Auer/Ken Stringfellow/Matt Harris""",0.0
1,Music,I Guess You're Right,"""Darius """"Take One"""" Minwalla/Jon Auer/Ken Stringfellow/Matt Harris""",0.0
8,Music,I Heard It Through The Grapevine,Whitfield-Strong,0.0
1,Music,I Heard It Through The Grapevine,Whitfield-Strong,0.0
1,Music,I Heard Love Is Blind,,0.99
8,Music,I Heard Love Is Blind,,0.99
8,Music,I Ka Barra (Your Work),Habib Koité,0.0
1,Music,I Ka Barra (Your Work),Habib Koité,0.0
8,Music,I Know Somethin (Bout You),Jerry Cantrell,0.99
1,Music,I Know Somethin (Bout You),Jerry Cantrell,0.99
8,Music,I Like Dirt,Red Hot Chili Peppers,0.99
1,Music,I Like Dirt,Red Hot Chili Peppers,0.99
8,Music,I Looked At You,"Robby Krieger, Ray Manzarek, John Densmore, Jim Morrison",0.99
1,Music,I Looked At You,"Robby Krieger, Ray Manzarek, John Densmore, Jim Morrison",0.99
1,Music,I Need Love,Bolin/Coverdale,0.99
8,Music,I Need Love,Bolin/Coverdale,0.99
8,Music,I Put A Spell On You,Jay Hawkins,0.0
1,Music,I Put A Spell On You,Jay Hawkins,0.0
8,Music,I Remember California,Bill Berry-Peter Buck-Mike Mills-Michael Stipe,0.99
1,Music,I Remember California,Bill Berry-Peter Buck-Mike Mills-Michael Stipe,0.99
8,Music,I Shot The Sheriff,Marley,0.0
1,Music,I Shot The Sheriff,Marley,0.0
1,Music,I Stand Alone,Sully Erna,0.0
8,Music,I Stand Alone,Sully Erna,0.0
8,Music,I Still Haven't Found What I'm Looking For,U2,0.99
1,Music,I Still Haven't Found What I'm Looking For,U2,0.99
1,Music,I Still Haven't Found What I'm Looking for,"Bono/Clayton, Adam/Mullen Jr., Larry/The Edge",0.99
8,Music,I Still Haven't Found What I'm Looking for,"Bono/Clayton, Adam/Mullen Jr., Larry/The Edge",0.99
8,Music,I Still Love You,Paul Stanley,0.99
1,Music,I Still Love You,Paul Stanley,0.99
8,Music,I Want It All,Queen,0.99
1,Music,I Want It All,Queen,0.99
1,Music,I Want To Break Free,John Deacon,0.99
8,Music,I Want To Break Free,John Deacon,0.99
1,Music,I Was Made For Loving You,"Paul Stanley, Vincent Poncia, Desmond Child",0.99
8,Music,I Was Made For Loving You,"Paul Stanley, Vincent Poncia, Desmond Child",0.99
1,Music,I Will Follow,U2,0.0
8,Music,I Will Follow,U2,0.0
1,Music,I Wish It Would Rain,Barrett Strong/Norman Whitfield/Roger Penzabene,0.0
8,Music,I Wish It Would Rain,Barrett Strong/Norman Whitfield/Roger Penzabene,0.0
1,Music,I Would Do For You,,0.99
8,Music,I Would Do For You,,0.99
8,Music,I am the Highway,Audioslave/Chris Cornell,0.0
1,Music,I am the Highway,Audioslave/Chris Cornell,0.0
8,Music,I'm A Boy,Pete Townshend,0.99
1,Music,I'm A Boy,Pete Townshend,0.99
8,Music,I'm A Greedy Man Pt.1,Charles Bobbitt/James Brown,0.0
1,Music,I'm A Greedy Man Pt.1,Charles Bobbitt/James Brown,0.0
8,Music,I'm Coming Virginia,,0.0
1,Music,I'm Coming Virginia,,0.0
1,Music,I'm Going Slightly Mad,Queen,1.98
8,Music,I'm Going Slightly Mad,Queen,1.98
8,Music,I'm Gonna Crawl,"Jimmy Page, Robert Plant & John Paul Jones",1.98
1,Music,I'm Gonna Crawl,"Jimmy Page, Robert Plant & John Paul Jones",1.98
1,Music,I'm Losing You,,0.0
8,Music,I'm Losing You,,0.0
1,Music,I'm Real,Full Force/James Brown,0.99
8,Music,I'm Real,Full Force/James Brown,0.99
8,Music,I'm The One,"Edward Van Halen, Alex Van Halen, Michael Anthony and David Lee Roth",0.0
1,Music,I'm The One,"Edward Van Halen, Alex Van Halen, Michael Anthony and David Lee Roth",0.0
8,Music,I'm The Toughest,,0.0
1,Music,I'm The Toughest,,0.0
8,Music,I've Got You Under My Skin,cole porter,0.0
1,Music,I've Got You Under My Skin,cole porter,0.0
8,Music,Ice 9,,0.0
1,Music,Ice 9,,0.0
8,Music,Ice Cream Man,John Brim,0.0
1,Music,Ice Cream Man,John Brim,0.0
8,Music,Idolatrada,"Milton Nascimento, Fernando Brant",0.99
1,Music,Idolatrada,"Milton Nascimento, Fernando Brant",0.99
8,Music,If God Will Send His Angels,"Bono, The Edge, Adam Clayton, and Larry Mullen",0.99
1,Music,If God Will Send His Angels,"Bono, The Edge, Adam Clayton, and Larry Mullen",0.99
8,Music,"If I Like It, I Do It","Gelder, Nick van",0.0
1,Music,"If I Like It, I Do It","Gelder, Nick van",0.0
1,Music,If You Don't Know Me By Now,Kenny Gamble and Leon Huff,0.99
8,Music,If You Don't Know Me By Now,Kenny Gamble and Leon Huff,0.99
8,Music,If You Have To Ask,Anthony Kiedis/Chad Smith/Flea/John Frusciante,0.99
1,Music,If You Have To Ask,Anthony Kiedis/Chad Smith/Flea/John Frusciante,0.99
1,Music,If You Wear That Velvet Dress,"Bono, The Edge, Adam Clayton, and Larry Mullen",0.0
8,Music,If You Wear That Velvet Dress,"Bono, The Edge, Adam Clayton, and Larry Mullen",0.0
1,Music,Illegal I Song,"Dave Kushner, Duff, Matt Sorum, Scott Weiland & Slash",0.0
8,Music,Illegal I Song,"Dave Kushner, Duff, Matt Sorum, Scott Weiland & Slash",0.0
8,Music,Imagination,,0.0
1,Music,Imagination,,0.0
8,Music,Imagine,,0.99
1,Music,Imagine,,0.99
1,Music,Imagine,,0.99
8,Music,Imagine,,0.99
8,Music,Immigrant Song,"Jimmy Page, Robert Plant",0.99
1,Music,Immigrant Song,"Jimmy Page, Robert Plant",0.99
8,Music,Immigrant Song,Robert Plant,0.99
1,Music,Immigrant Song,Robert Plant,0.99
1,Music,Imperatriz,Guga/Marquinho Lessa/Tuninho Professor,0.0
8,Music,Imperatriz,Guga/Marquinho Lessa/Tuninho Professor,0.0
8,Music,Império Serrano,Arlindo Cruz/Carlos Sena/Elmo Caetano/Mauricao,0.0
1,Music,Império Serrano,Arlindo Cruz/Carlos Sena/Elmo Caetano/Mauricao,0.0
8,Music,In A Little While,"Adam Clayton, Bono, Larry Mullen, The Edge",0.0
1,Music,In A Little While,"Adam Clayton, Bono, Larry Mullen, The Edge",0.0
1,Music,In Bloom,Kurt Cobain,0.99
8,Music,In Bloom,Kurt Cobain,0.99
8,Music,In My Bed,Salaam Remi,0.0
1,Music,In My Bed,Salaam Remi,0.0
1,Music,In My Time Of Dying,John Bonham/John Paul Jones,0.0
8,Music,In My Time Of Dying,John Bonham/John Paul Jones,0.0
1,Music,In The Evening,"Jimmy Page, Robert Plant & John Paul Jones",1.98
8,Music,In The Evening,"Jimmy Page, Robert Plant & John Paul Jones",1.98
1,Music,In The Light,John Paul Jones/Robert Plant,0.0
8,Music,In The Light,John Paul Jones/Robert Plant,0.0
1,Music,In Time,Sylvester Stewart,0.0
8,Music,In Time,Sylvester Stewart,0.0
8,Music,In Your Honor,"Dave Grohl, Taylor Hawkins, Nate Mendel, Chris Shiflett",0.99
1,Music,In Your Honor,"Dave Grohl, Taylor Hawkins, Nate Mendel, Chris Shiflett",0.99
1,Music,Indifference,Dave Abbruzzese/Eddie Vedder/Jeff Ament/Mike McCready/Stone Gossard,0.0
8,Music,Indifference,Dave Abbruzzese/Eddie Vedder/Jeff Ament/Mike McCready/Stone Gossard,0.0
1,Music,Indios,Renato Russo,0.99
8,Music,Indios,Renato Russo,0.99
1,Music,Infeliz Natal,Rodolfo,0.99
8,Music,Infeliz Natal,Rodolfo,0.99
8,Music,Infinite Dreams,Steve Harris,0.0
1,Music,Infinite Dreams,Steve Harris,0.0
8,Music,Inject The Venom,"Angus Young, Malcolm Young, Brian Johnson",1.98
1,Music,Inject The Venom,"Angus Young, Malcolm Young, Brian Johnson",1.98
1,Music,Innocent Exile,Di´Anno/Harris,0.0
8,Music,Innocent Exile,Di´Anno/Harris,0.0
1,Music,Innuendo,Queen,0.99
8,Music,Innuendo,Queen,0.99
1,Music,Insensível,Sérgio Britto,0.99
8,Music,Insensível,Sérgio Britto,0.99
1,Music,Inside Job,Eddie Vedder & Mike McCready,0.99
8,Music,Inside Job,Eddie Vedder & Mike McCready,0.99
8,Music,Instant Karma,,0.99
1,Music,Instant Karma,,0.99
1,Music,Instinto Colectivo,,0.99
8,Music,Instinto Colectivo,,0.99
8,Music,Interlude Zumbi,Chico Science,0.99
1,Music,Interlude Zumbi,Chico Science,0.99
1,Music,Into The Fire,"Blackmore, Gillan, Glover, Lord, Paice",0.99
8,Music,Into The Fire,"Blackmore, Gillan, Glover, Lord, Paice",0.99
1,Music,Into The Light,David Coverdale,0.99
8,Music,Into The Light,David Coverdale,0.99
8,Music,Intoitus: Adorate Deum,Anonymous,0.0
1,Music,Intoitus: Adorate Deum,Anonymous,0.0
8,Music,Intro,Jagger/Richards,0.0
1,Music,Intro,,0.99
8,Music,Intro,Kurt Cobain,0.99
8,Music,Intro,,0.99
1,Music,Intro,Jagger/Richards,0.0
1,Music,Intro,Kurt Cobain,0.99
8,Music,Intro / Stronger Than Me,,0.99
1,Music,Intro / Stronger Than Me,,0.99
1,Music,Intro- Churchill S Speech,,0.0
8,Music,Intro- Churchill S Speech,,0.0
8,Music,Intro/ Low Down,,0.0
1,Music,Intro/ Low Down,,0.0
1,Music,Introdução (Live),,0.0
8,Music,Introdução (Live),,0.0
1,Music,Intruder,Alex Van Halen/David Lee Roth/Edward Van Halen/Michael Anthony,0.0
8,Music,Intruder,Alex Van Halen/David Lee Roth/Edward Van Halen/Michael Anthony,0.0
1,Music,Invaders,Steve Harris,0.99
8,Music,Invaders,Steve Harris,0.99
8,Music,Invisible Kid,Bob Rock/James Hetfield/Kirk Hammett/Lars Ulrich,0.99
1,Music,Invisible Kid,Bob Rock/James Hetfield/Kirk Hammett/Lars Ulrich,0.99
8,Music,Invisible Sun,G M Sumner,0.0
1,Music,Invisible Sun,G M Sumner,0.0
8,Music,Ipiranga 2001,,0.99
1,Music,Ipiranga 2001,,0.99
1,Music,Iron Maiden,Steve Harris,0.99
1,Music,Iron Maiden,Harris,0.0
1,Music,Iron Maiden,,0.0
8,Music,Iron Maiden,,0.0
8,Music,Iron Maiden,Steve Harris,0.99
1,Music,Iron Maiden,Steve Harris,0.99
1,Music,Iron Maiden,Steve Harris,0.99
8,Music,Iron Maiden,Harris,0.0
8,Music,Iron Maiden,Steve Harris,0.99
8,Music,Iron Maiden,Steve Harris,0.99
1,Music,Iron Man,"A. F. Iommi, W. Ward, T. Butler, J. Osbourne",0.99
8,Music,Iron Man,"A. F. Iommi, W. Ward, T. Butler, J. Osbourne",0.99
8,Music,Iron Man/Children of the Grave,,0.99
1,Music,Iron Man/Children of the Grave,,0.99
8,Music,Ironic,Alanis Morissette & Glenn Ballard,0.0
1,Music,Ironic,Alanis Morissette & Glenn Ballard,0.0
1,Music,Is This Love,Sykes,0.0
8,Music,Is This Love,Sykes,0.0
1,Music,Is This Love (Live),,1.98
8,Music,Is This Love (Live),,1.98
1,Music,Isolation,,0.0
8,Music,Isolation,,0.0
1,Music,It Ain't Like That,"Jerry Cantrell, Michael Starr, Sean Kinney",0.99
8,Music,It Ain't Like That,"Jerry Cantrell, Michael Starr, Sean Kinney",0.99
8,Music,It Ain't Over 'Til It's Over,Lenny Kravitz,0.0
1,Music,It Ain't Over 'Til It's Over,Lenny Kravitz,0.0
1,Music,It Came Out Of The Sky,J.C. Fogerty,0.0
8,Music,It Came Out Of The Sky,J.C. Fogerty,0.0
8,Music,It Doesn't Matter,Chet Catallo,0.99
1,Music,It Doesn't Matter,Chet Catallo,0.99
8,Music,It Was A Very Good Year,ervin drake,0.99
1,Music,It Was A Very Good Year,ervin drake,0.99
8,Music,It's A Bitter Pill To Swallow,"""Smokey Robinson/Warren """"Pete"""" Moore""",0.0
1,Music,It's A Bitter Pill To Swallow,"""Smokey Robinson/Warren """"Pete"""" Moore""",0.0
8,Music,It's A Hard Life,Freddie Mercury,0.99
1,Music,It's A Hard Life,Freddie Mercury,0.99
8,Music,It's A Man's Man's Man's World,Betty Newsome/James Brown,0.99
1,Music,It's A Man's Man's Man's World,Betty Newsome/James Brown,0.99
1,Music,It's Electric,Harris/Tatler,0.0
8,Music,It's Electric,Harris/Tatler,0.0
1,Music,It's Just A Thought,J.C. Fogerty,0.99
8,Music,It's Just A Thought,J.C. Fogerty,0.99
8,Music,It's Late,May,0.99
1,Music,It's Late,May,0.99
8,Music,It's Only Love,Jimmy and Vella Cameron,0.99
1,Music,It's Only Love,Jimmy and Vella Cameron,0.99
8,Music,It's So Easy,,0.99
1,Music,It's So Easy,,0.99
1,Music,It's The End Of The World As We Know It (And I Feel Fine),R.E.M.,0.99
8,Music,It's The End Of The World As We Know It (And I Feel Fine),R.E.M.,0.99
8,Music,It's Too Funky In Here,Brad Shapiro/George Jackson/Robert Miller/Walter Shaw,0.99
1,Music,It's Too Funky In Here,Brad Shapiro/George Jackson/Robert Miller/Walter Shaw,0.99
1,Music,It's a Mistake,,0.99
8,Music,It's a Mistake,,0.99
8,Music,Ito Okashi,"Brian Eno, Bono, Adam Clayton, The Edge & Larry Mullen Jnr.",0.99
1,Music,Ito Okashi,"Brian Eno, Bono, Adam Clayton, The Edge & Larry Mullen Jnr.",0.99
1,Music,J Squared,,1.98
8,Music,J Squared,,1.98
8,Music,J.A.R. (Jason Andrew Relva),Mike Dirnt -Words Green Day -Music,0.0
1,Music,J.A.R. (Jason Andrew Relva),Mike Dirnt -Words Green Day -Music,0.0
8,Music,Jacob's Ladder,Julian Crampton,0.99
1,Music,Jacob's Ladder,Julian Crampton,0.99
8,Music,Jaded,Billie Joe Armstrong -Words Green Day -Music,0.99
1,Music,Jaded,Billie Joe Armstrong -Words Green Day -Music,0.99
1,Music,Jah Seh No,,0.99
8,Music,Jah Seh No,,0.99
8,Music,Jailbait,Clarke/Kilmister/Taylor,0.99
1,Music,Jailbait,Clarke/Kilmister/Taylor,0.99
8,Music,Jamie's Cryin',"Edward Van Halen, Alex Van Halen, Michael Anthony and David Lee Roth",0.0
1,Music,Jamie's Cryin',"Edward Van Halen, Alex Van Halen, Michael Anthony and David Lee Roth",0.0
8,Music,Janie's Got A Gun,"Steven Tyler, Tom Hamilton",0.99
1,Music,Janie's Got A Gun,"Steven Tyler, Tom Hamilton",0.99
1,Music,Jealous Guy,,0.99
8,Music,Jealous Guy,,0.99
1,Music,Jean Pierre (Live),Miles Davis,0.99
8,Music,Jean Pierre (Live),Miles Davis,0.99
1,Music,Jeepers Creepers,,0.0
8,Music,Jeepers Creepers,,0.0
1,Music,Jeito Faceiro,,0.99
8,Music,Jeito Faceiro,,0.99
1,Music,Jeremy,Jeff Ament,0.0
8,Music,Jeremy,Jeff Ament,0.0
8,Music,Jeru,Miles Davis,0.99
1,Music,Jeru,Miles Davis,0.99
8,Music,Jerusalem,Roy Z,0.99
1,Music,Jerusalem,Roy Z,0.99
8,Music,Jesus Christ Pose,Ben Shepherd/Chris Cornell/Kim Thayil/Matt Cameron,0.99
1,Music,Jesus Christ Pose,Ben Shepherd/Chris Cornell/Kim Thayil/Matt Cameron,0.99
8,Music,Jesus Of Suburbia / City Of The Damned / I Don't Care / Dearly Beloved / Tales Of Another Broken Home,Billie Joe Armstrong/Green Day,0.99
1,Music,Jesus Of Suburbia / City Of The Damned / I Don't Care / Dearly Beloved / Tales Of Another Broken Home,Billie Joe Armstrong/Green Day,0.99
8,Music,Jewel of the Summertime,,0.0
1,Music,Jewel of the Summertime,,0.0
8,Music,Jingo,M.Babatunde Olantunji,0.0
1,Music,Jingo,M.Babatunde Olantunji,0.0
1,Music,Jizzlobber,,0.0
8,Music,Jizzlobber,,0.0
8,Music,Johnny B. Goode,Chuck Berry,0.0
1,Music,Johnny B. Goode,,0.0
8,Music,Johnny B. Goode,,0.0
1,Music,Johnny B. Goode,Chuck Berry,0.0
1,Music,Join Together,Pete Townshend,0.99
8,Music,Join Together,Pete Townshend,0.99
8,Music,Jorge Da Capadócia,Jorge Ben,0.99
1,Music,Jorge Da Capadócia,Jorge Ben,0.99
1,Music,Josephina,Van Halen,0.0
8,Music,Josephina,Van Halen,0.0
1,Music,Journey Into Sunlight,Jean Paul Maunick,0.0
8,Music,Journey Into Sunlight,Jean Paul Maunick,0.0
1,Music,Journey To Arnhemland,Toby Smith/Wallis Buchanan,0.99
8,Music,Journey To Arnhemland,Toby Smith/Wallis Buchanan,0.99
1,Music,Journeyman,Bruce Dickinson/David Murray/Steve Harris,0.0
8,Music,Journeyman,Bruce Dickinson/David Murray/Steve Harris,0.0
1,Music,Juazeiro,Humberto Teixeira/Luiz Gonzaga,0.99
8,Music,Juazeiro,Humberto Teixeira/Luiz Gonzaga,0.99
1,Music,Jubilee,Jeremy Wall,0.0
8,Music,Jubilee,Jeremy Wall,0.0
8,Music,Judas Be My Guide,Bruce Dickinson/David Murray,0.0
1,Music,Judas Be My Guide,Bruce Dickinson/David Murray,0.0
8,Music,Judgement Day,Vandenberg,0.0
1,Music,Judgement Day,Vandenberg,0.0
1,Music,Judgement Of Heaven,Steve Harris,1.98
8,Music,Judgement Of Heaven,Steve Harris,1.98
8,Music,Jump,"Edward Van Halen, Alex Van Halen, David Lee Roth",0.99
1,Music,Jump,"Edward Van Halen, Alex Van Halen, David Lee Roth",0.99
1,Music,Jump Around,E. Schrody/L. Muggerud,0.0
8,Music,Jump Around,E. Schrody/L. Muggerud,0.0
1,Music,Jump Around (Pete Rock Remix),E. Schrody/L. Muggerud,0.0
8,Music,Jump Around (Pete Rock Remix),E. Schrody/L. Muggerud,0.0
1,Music,Jump In The Fire,"James Hetfield, Lars Ulrich, Dave Mustaine",0.99
8,Music,Jump In The Fire,"James Hetfield, Lars Ulrich, Dave Mustaine",0.99
8,Music,Jungle Drums,,0.99
1,Music,Jungle Drums,,0.99
8,Music,"Jupiter, the Bringer of Jollity",Gustav Holst,0.99
1,Music,"Jupiter, the Bringer of Jollity",Gustav Holst,0.99
8,Music,Just A Man,"Mike Bordin, Billy Gould, Mike Patton",0.0
1,Music,Just A Man,"Mike Bordin, Billy Gould, Mike Patton",0.0
1,Music,Just Ain't Good Enough,,0.99
8,Music,Just Ain't Good Enough,,0.99
8,Music,Just Another Story,Toby Smith,0.0
1,Music,Just Another Story,Toby Smith,0.0
1,Music,Just Friends,,0.99
8,Music,Just Friends,,0.99
8,Music,Juventude Transviada (Ao Vivo),,0.0
1,Music,Juventude Transviada (Ao Vivo),,0.0
1,Music,Já Foi,Mônica Marianno,0.99
1,Music,Já Foi,Bino Farias/Da Gama/Lazão/Toni Garrido,0.99
8,Music,Já Foi,Mônica Marianno,0.99
8,Music,Já Foi,Bino Farias/Da Gama/Lazão/Toni Garrido,0.99
8,Music,Já!!!,,0.0
1,Music,Já!!!,,0.0
1,Music,KKK Bitch,,0.99
8,Music,KKK Bitch,,0.99
1,Music,"Karelia Suite, Op.11: 2. Ballade (Tempo Di Menuetto)",Jean Sibelius,0.99
8,Music,"Karelia Suite, Op.11: 2. Ballade (Tempo Di Menuetto)",Jean Sibelius,0.99
1,Music,Kashmir,John Bonham,0.0
8,Music,Kashmir,John Bonham,0.0
8,Music,Kayleigh,"Kelly, Mosley, Rothery, Trewaves",0.0
1,Music,Kayleigh,"Kelly, Mosley, Rothery, Trewaves",0.0
1,Music,Keep It To Myself (Aka Keep It To Yourself),Sonny Boy Williamson [I],0.0
8,Music,Keep It To Myself (Aka Keep It To Yourself),Sonny Boy Williamson [I],0.0
1,Music,Kickstart My Heart,Nikki Sixx,0.99
8,Music,Kickstart My Heart,Nikki Sixx,0.99
8,Music,Killer Queen,"Mercury, Freddie",0.0
1,Music,Killer Queen,"Mercury, Freddie",0.0
8,Music,Killers,Paul Di'Anno/Steve Harris,0.0
1,Music,Killers,Paul Di'Anno/Steve Harris,0.0
1,Music,Killers,Steve Harris,0.0
8,Music,Killers,Steve Harris,0.0
8,Music,Killing Birds,Chris Cornell,0.0
1,Music,Killing Birds,Chris Cornell,0.0
8,Music,Killing Floor,Adrian Smith,0.99
1,Music,Killing Floor,Adrian Smith,0.99
8,Music,Killing Time,Sweet Savage,0.0
1,Music,Killing Time,Sweet Savage,0.0
1,Music,Kindergarten,,0.99
8,Music,Kindergarten,,0.99
8,Music,King For A Day,"Mike Bordin, Billy Gould, Mike Patton, Trey Spruance",0.99
1,Music,King For A Day,"Mike Bordin, Billy Gould, Mike Patton, Trey Spruance",0.99
8,Music,King For A Day,Jay Kay/Toby Smith,0.99
1,Music,King For A Day,Jay Kay/Toby Smith,0.99
8,Music,King In Crimson,Roy Z,0.99
1,Music,King In Crimson,Roy Z,0.99
8,Music,King Nothing,"James Hetfield, Lars Ulrich, Kirk Hammett",0.99
1,Music,King Nothing,"James Hetfield, Lars Ulrich, Kirk Hammett",0.99
8,Music,King Of Dreams,"Blackmore, Glover, Turner",0.99
1,Music,King Of Dreams,"Blackmore, Glover, Turner",0.99
1,Music,King Of Pain,G M Sumner,0.99
8,Music,King Of Pain,G M Sumner,0.99
1,Music,Kingston Town,,0.0
8,Music,Kingston Town,,0.0
1,Music,Kir Royal,Mônica Marianno,0.0
8,Music,Kir Royal,Mônica Marianno,0.0
8,Music,Kite,"Adam Clayton, Bono, Larry Mullen, The Edge",0.0
1,Music,Kite,"Adam Clayton, Bono, Larry Mullen, The Edge",0.0
1,Music,Knockin On Heavens Door,Clapton/Dylan,0.99
8,Music,Knockin On Heavens Door,Clapton/Dylan,0.99
8,Music,Knockin' On Heaven's Door,Bob Dylan,0.0
1,Music,Knockin' On Heaven's Door,Bob Dylan,0.0
8,Music,Knocking At Your Back Door,"Richie Blackmore, Ian Gillian, Roger Glover",0.99
1,Music,Knocking At Your Back Door,"Richie Blackmore, Ian Gillian, Roger Glover",0.99
8,Music,Know Your Rights,The Clash,0.99
1,Music,Know Your Rights,The Clash,0.99
8,Music,Koyaanisqatsi,Philip Glass,0.0
1,Music,Koyaanisqatsi,Philip Glass,0.0
1,Music,L'Arc En Ciel De Miles,Kevin Robinson/Richard Bull,1.98
8,Music,L'Arc En Ciel De Miles,Kevin Robinson/Richard Bull,1.98
1,Music,L'Avventura,Renato Russo,1.98
8,Music,L'Avventura,Renato Russo,1.98
8,Music,"L'orfeo, Act 3, Sinfonia (Orchestra)",Claudio Monteverdi,0.0
1,Music,"L'orfeo, Act 3, Sinfonia (Orchestra)",Claudio Monteverdi,0.0
1,Music,L.A. Is My Lady,alan bergman/marilyn bergman/peggy lipton jones/quincy jones,0.0
8,Music,L.A. Is My Lady,alan bergman/marilyn bergman/peggy lipton jones/quincy jones,0.0
1,Music,La Bella Luna,Herbert Vianna,0.99
8,Music,La Bella Luna,Herbert Vianna,0.99
1,Music,La Puesta Del Sol,E.Weiss,0.99
8,Music,La Puesta Del Sol,E.Weiss,0.99
8,Music,La Villa Strangiato,Geddy Lee And Alex Lifeson/Geddy Lee And Neil Peart/Rush,0.0
1,Music,La Villa Strangiato,Geddy Lee And Alex Lifeson/Geddy Lee And Neil Peart/Rush,0.0
1,Music,Lady Double Dealer,D.Coverdale/R.Blackmore/Ritchie Blackmore,0.0
1,Music,Lady Double Dealer,Coverdale,0.0
8,Music,Lady Double Dealer,Coverdale,0.0
8,Music,Lady Double Dealer,D.Coverdale/R.Blackmore/Ritchie Blackmore,0.0
8,Music,Lady Luck,Cook/Coverdale,0.0
1,Music,Lady Luck,Cook/Coverdale,0.0
1,Music,Laguna Sunrise,"Tony Iommi, Bill Ward, Geezer Butler, Ozzy Osbourne",0.99
8,Music,Laguna Sunrise,"Tony Iommi, Bill Ward, Geezer Butler, Ozzy Osbourne",0.99
8,Music,Lament,J.J. Johnson,0.99
1,Music,Lament,J.J. Johnson,0.99
8,Music,"Lamentations of Jeremiah, First Set \ Incipit Lamentatio",Thomas Tallis,0.0
1,Music,"Lamentations of Jeremiah, First Set \ Incipit Lamentatio",Thomas Tallis,0.0
8,Music,Lamento De Carnaval,,1.98
1,Music,Lamento De Carnaval,,1.98
1,Music,Lamento Sertanejo,Dominguinhos/Gilberto Gil,0.99
8,Music,Lamento Sertanejo,Dominguinhos/Gilberto Gil,0.99
8,Music,Land Of Sunshine,,0.0
1,Music,Land Of Sunshine,,0.0
8,Music,Landslide,Stevie Nicks,0.0
1,Music,Landslide,Stevie Nicks,0.0
8,Music,Lanterna Dos Afogados,,0.0
8,Music,Lanterna Dos Afogados,,0.99
1,Music,Lanterna Dos Afogados,,0.0
1,Music,Lanterna Dos Afogados,,0.99
1,Music,Last Caress/Green Hell,Danzig,0.99
8,Music,Last Caress/Green Hell,Danzig,0.99
1,Music,Last Chance,C. Cester/C. Muncey,0.0
8,Music,Last Chance,C. Cester/C. Muncey,0.0
1,Music,Last Cup Of Sorrow,Bill Gould/Mike Patton,1.98
8,Music,Last Cup Of Sorrow,Bill Gould/Mike Patton,1.98
1,Music,Last Night On Earth,"Bono, The Edge, Adam Clayton, and Larry Mullen",0.99
8,Music,Last Night On Earth,"Bono, The Edge, Adam Clayton, and Larry Mullen",0.99
8,Music,Latinha de Cerveja,Adriano Bernandes/Edmar Neves,0.0
1,Music,Latinha de Cerveja,Adriano Bernandes/Edmar Neves,0.0
1,Music,Lavadeira,"Do Vale, Valverde/Gal Oliveira/Luciano Pinto",0.99
8,Music,Lavadeira,"Do Vale, Valverde/Gal Oliveira/Luciano Pinto",0.99
1,Music,Lavender,"Kelly, Mosley, Rothery, Trewaves",0.0
8,Music,Lavender,"Kelly, Mosley, Rothery, Trewaves",0.0
1,Music,Lay Down Sally,Clapton/Levy,1.98
8,Music,Lay Down Sally,Clapton/Levy,1.98
1,Music,Layla,"Eric Clapton, Jim Gordon",0.99
8,Music,Layla,"Eric Clapton, Jim Gordon",0.99
8,Music,Layla,Clapton/Gordon,0.99
1,Music,Layla,Clapton/Gordon,0.99
1,Music,Lazy,Ian Gillan/Ian Paice/Jon Lord/Ritchie Blckmore/Roger Glover,0.0
8,Music,Lazy,Ian Gillan/Ian Paice/Jon Lord/Ritchie Blckmore/Roger Glover,0.0
1,Music,Lazy Gun,C. Cester/N. Cester,0.99
8,Music,Lazy Gun,C. Cester/N. Cester,0.99
1,Music,Le Sacre Du Printemps: I.iv. Spring Rounds,Igor Stravinsky,0.0
8,Music,Le Sacre Du Printemps: I.iv. Spring Rounds,Igor Stravinsky,0.0
8,Music,Leandro De Itaquera 2001,,0.99
1,Music,Leandro De Itaquera 2001,,0.99
8,Music,Leash,Dave Abbruzzese/Eddie Vedder/Jeff Ament/Mike McCready/Stone Gossard,0.99
1,Music,Leash,Dave Abbruzzese/Eddie Vedder/Jeff Ament/Mike McCready/Stone Gossard,0.99
1,Music,Leave,Bill Berry-Peter Buck-Mike Mills-Michael Stipe,0.99
8,Music,Leave,Bill Berry-Peter Buck-Mike Mills-Michael Stipe,0.99
8,Music,Leave My Girl Alone,Buddy Guy,0.99
8,Music,Leave My Girl Alone,B. Guy,0.99
1,Music,Leave My Girl Alone,B. Guy,0.99
1,Music,Leave My Girl Alone,Buddy Guy,0.99
1,Music,Leave Us Leap,,0.0
8,Music,Leave Us Leap,,0.0
8,Music,Leila,Renato Russo,0.99
1,Music,Leila,Renato Russo,0.99
1,Music,Leila (Venha Ser Feliz),Milton Nascimento,0.0
8,Music,Leila (Venha Ser Feliz),Milton Nascimento,0.0
8,Music,Lemon,U2; Bono,0.99
1,Music,Lemon,U2; Bono,0.99
8,Music,Lemon Drop,,1.98
1,Music,Lemon Drop,,1.98
8,Music,Leper Messiah,C.Burton,1.98
1,Music,Leper Messiah,C.Burton,1.98
1,Music,Let It Grow,Clapton,0.99
8,Music,Let It Grow,Clapton,0.99
8,Music,Let Love Rule,Lenny Kravitz,0.0
1,Music,Let Love Rule,Lenny Kravitz,0.0
1,Music,Let Me Love You Baby,Willie Dixon,0.99
8,Music,Let Me Love You Baby,Willie Dixon,0.99
1,Music,Let Me Love You Baby,Willie Dixon,0.99
8,Music,Let Me Love You Baby,Willie Dixon,0.99
8,Music,Let Me Off Uptown,,0.99
1,Music,Let Me Off Uptown,,0.99
8,Music,Let There Be Rock,AC/DC,0.0
1,Music,Let There Be Rock,AC/DC,0.0
8,Music,Let's Get It Up,"Angus Young, Malcolm Young, Brian Johnson",0.0
1,Music,Let's Get It Up,"Angus Young, Malcolm Young, Brian Johnson",0.0
1,Music,Let's Get Rocked,,0.0
8,Music,Let's Get Rocked,,0.0
8,Music,Let's See Action,Pete Townshend,0.99
1,Music,Let's See Action,Pete Townshend,0.99
8,Music,Let's Spend The Night Together,Jagger/Richards,0.0
1,Music,Let's Spend The Night Together,Jagger/Richards,0.0
1,Music,Letterbomb,Green Day,0.99
8,Music,Letterbomb,Green Day,0.99
1,Music,Levada do Amor (Ailoviu),Luiz Wanderley/Paulo Levi,0.99
8,Music,Levada do Amor (Ailoviu),Luiz Wanderley/Paulo Levi,0.99
1,Music,Lick It Up,roger glover,0.99
8,Music,Lick It Up,roger glover,0.99
1,Music,Lickin',Chris Robinson/Rich Robinson,0.0
8,Music,Lickin',Chris Robinson/Rich Robinson,0.0
8,Music,Life During Wartime,Chris Frantz/David Byrne/Jerry Harrison/Tina Weymouth,0.99
1,Music,Life During Wartime,Chris Frantz/David Byrne/Jerry Harrison/Tina Weymouth,0.99
1,Music,Life Goes On,E. Schrody/R. Medrano,0.0
8,Music,Life Goes On,E. Schrody/R. Medrano,0.0
1,Music,Life Line,The Tea Party,0.99
8,Music,Life Line,The Tea Party,0.99
1,Music,Life Wasted,Stone Gossard,0.0
8,Music,Life Wasted,Stone Gossard,0.0
8,Music,Light My Fire,"Robby Krieger, Ray Manzarek, John Densmore, Jim Morrison",0.0
1,Music,Light My Fire,"Robby Krieger, Ray Manzarek, John Densmore, Jim Morrison",0.0
8,Music,Light My Way,Audioslave/Chris Cornell,0.0
1,Music,Light My Way,Audioslave/Chris Cornell,0.0
8,Music,Light Years,Toby Smith,1.98
1,Music,Light Years,Toby Smith,1.98
8,Music,Lightning Strikes Twice,David Murray/Steve Harris,0.99
1,Music,Lightning Strikes Twice,David Murray/Steve Harris,0.99
1,Music,Ligia,,0.99
8,Music,Ligia,,0.99
1,Music,Like A Bird,,0.0
8,Music,Like A Bird,,0.0
1,Music,Like A Song...,U2,0.99
8,Music,Like A Song...,U2,0.99
1,Music,Like a Stone,Audioslave/Chris Cornell,0.99
8,Music,Like a Stone,Audioslave/Chris Cornell,0.99
8,Music,Lil' Evil,,0.99
1,Music,Lil' Evil,,0.99
1,Music,Lilás,,0.99
8,Music,Lilás,,0.99
8,Music,Lindo Lago Do Amor,Gonzaga Jr.,0.99
1,Music,Lindo Lago Do Amor,Gonzaga Jr.,0.99
8,Music,Linha Do Equador,,1.98
1,Music,Linha Do Equador,Caetano Veloso - Djavan,0.99
8,Music,Linha Do Equador,Caetano Veloso - Djavan,0.99
1,Music,Linha Do Equador,,1.98
8,Music,Linha Do Horizonte,Vários,0.99
1,Music,Linha Do Horizonte,Vários,0.99
8,Music,Linha de Passe (João Bosco),,0.0
1,Music,Linha de Passe (João Bosco),,0.0
8,Music,Lithium,Kurt Cobain,0.0
1,Music,Lithium,Kurt Cobain,0.0
1,Music,Lithium,Kurt Cobain,0.0
8,Music,Lithium,Kurt Cobain,0.0
1,Music,Little Church (Live),Miles Davis,0.0
8,Music,Little Church (Live),Miles Davis,0.0
1,Music,Little Dreamer,"Edward Van Halen, Alex Van Halen, Michael Anthony and David Lee Roth",0.0
8,Music,Little Dreamer,"Edward Van Halen, Alex Van Halen, Michael Anthony and David Lee Roth",0.0
1,Music,Little Guitars,Alex Van Halen/David Lee Roth/Edward Van Halen/Michael Anthony,0.99
8,Music,Little Guitars,Alex Van Halen/David Lee Roth/Edward Van Halen/Michael Anthony,0.99
8,Music,Little Guitars (Intro),Alex Van Halen/David Lee Roth/Edward Van Halen/Michael Anthony,0.99
1,Music,Little Guitars (Intro),Alex Van Halen/David Lee Roth/Edward Van Halen/Michael Anthony,0.99
1,Music,Little Linda,Jeremy Wall,0.99
8,Music,Little Linda,Jeremy Wall,0.99
1,Music,Live To Win,Clarke/Kilmister/Taylor,0.99
8,Music,Live To Win,Clarke/Kilmister/Taylor,0.99
1,Music,Live With Me,Jagger/Richards,0.0
8,Music,Live With Me,Jagger/Richards,0.0
8,Music,Live and Let Die,,0.99
1,Music,Live and Let Die,,0.99
1,Music,Livin' On The Edge,"Steven Tyler, Joe Perry, Mark Hudson",0.99
8,Music,Livin' On The Edge,"Steven Tyler, Joe Perry, Mark Hudson",0.99
1,Music,Living After Midnight,,0.0
8,Music,Living After Midnight,,0.0
1,Music,Living In America,Charlie Midnight/Dan Hartman,0.99
8,Music,Living In America,Charlie Midnight/Dan Hartman,0.99
1,Music,Living Loving Maid (She's Just A Woman),"Jimmy Page, Robert Plant",1.98
8,Music,Living Loving Maid (She's Just A Woman),"Jimmy Page, Robert Plant",1.98
8,Music,Living On Love,Bossi/David Coverdale/Earl Slick,1.98
1,Music,Living On Love,Bossi/David Coverdale/Earl Slick,1.98
8,Music,Living Wreck,"Blackmore, Gillan, Glover, Lord, Paice",0.0
1,Music,Living Wreck,"Blackmore, Gillan, Glover, Lord, Paice",0.0
8,Music,Livre Pra Viver,,0.99
1,Music,Livre Pra Viver,,0.99
8,Music,Lixo Do Mangue,,1.98
1,Music,Lixo Do Mangue,,1.98
1,Music,Locomotive,Slash/W. Axl Rose,0.0
8,Music,Locomotive,Slash/W. Axl Rose,0.0
1,Music,Lodi,J. C. Fogerty,0.99
8,Music,Lodi,J. C. Fogerty,0.99
8,Music,London Calling,Joe Strummer/Mick Jones,0.0
1,Music,London Calling,Joe Strummer/Mick Jones,0.0
1,Music,Lonely As You,Foo Fighters,0.0
8,Music,Lonely As You,Foo Fighters,0.0
1,Music,Lonely Stranger,Eric Clapton,1.98
8,Music,Lonely Stranger,Eric Clapton,1.98
1,Music,Long As I Can See The Light,J. C. Fogerty,0.99
8,Music,Long As I Can See The Light,J. C. Fogerty,0.99
1,Music,Long Tall Sally,"""Enotris Johnson/Little Richard/Robert """"Bumps"""" Blackwell""",0.99
8,Music,Long Tall Sally,"""Enotris Johnson/Little Richard/Robert """"Bumps"""" Blackwell""",0.99
8,Music,Longe Do Meu Lado,Renato Russo - Marcelo Bonfá,0.0
1,Music,Longe Do Meu Lado,Renato Russo - Marcelo Bonfá,0.0
8,Music,Longview,Billie Joe Armstrong -Words Green Day -Music,0.99
1,Music,Longview,Billie Joe Armstrong -Words Green Day -Music,0.99
1,Music,Look For The Truth,Blaze Bayley/Janick Gers/Steve Harris,0.0
8,Music,Look For The Truth,Blaze Bayley/Janick Gers/Steve Harris,0.0
1,Music,Look What You've Done,N. Cester,0.0
8,Music,Look What You've Done,N. Cester,0.0
1,Music,Lookin' For A Reason,J.C. Fogerty,0.0
8,Music,Lookin' For A Reason,J.C. Fogerty,0.0
8,Music,Lookin' Out My Back Door,J. C. Fogerty,0.0
1,Music,Lookin' Out My Back Door,J. C. Fogerty,0.0
1,Music,Looking For Love,Sykes,0.99
8,Music,Looking For Love,Sykes,0.99
8,Music,Looks That Kill,Nikki Sixx,0.0
1,Music,Looks That Kill,Nikki Sixx,0.0
8,Music,Loosen My Strings,"Ian Gillan, Roger Glover, Jon Lord, Steve Morse, Ian Paice",0.0
1,Music,Loosen My Strings,"Ian Gillan, Roger Glover, Jon Lord, Steve Morse, Ian Paice",0.0
1,Music,Lord Of The Flies,Janick Gers/Steve Harris,0.99
8,Music,Lord Of The Flies,Janick Gers/Steve Harris,0.99
8,Music,Lord of Light,,0.99
1,Music,Lord of Light,,0.99
8,Music,Lords Of The Backstage,"Kelly, Mosley, Rothery, Trewaves",0.0
1,Music,Lords Of The Backstage,"Kelly, Mosley, Rothery, Trewaves",0.0
8,Music,Lords of Karma,J. Satriani,0.99
1,Music,Lords of Karma,J. Satriani,0.99
8,Music,Los Pretos,Samuel Rosa,0.0
1,Music,Los Pretos,Samuel Rosa,0.0
8,Music,Losfer Words,Steve Harris,0.99
1,Music,Losfer Words,Steve Harris,0.99
1,Music,Losing My Religion,Bill Berry/Michael Stipe/Mike Mills/Peter Buck,0.99
8,Music,Losing My Religion,Bill Berry/Michael Stipe/Mike Mills/Peter Buck,0.99
1,Music,Lost My Better Half,,0.0
8,Music,Lost My Better Half,,0.0
1,Music,Lost in Hollywood,"Tankian, Serj",0.99
8,Music,Lost in Hollywood,"Tankian, Serj",0.99
8,Music,Loud Love,Chris Cornell,0.99
1,Music,Loud Love,Chris Cornell,0.99
1,Music,Lounge Act,Kurt Cobain,0.0
8,Music,Lounge Act,Kurt Cobain,0.0
1,Music,Lourinha Bombril,Bahiano/Diego Blanco/Herbert Vianna,0.0
8,Music,Lourinha Bombril,Bahiano/Diego Blanco/Herbert Vianna,0.0
1,Music,Love,,0.99
8,Music,Love,,0.99
8,Music,Love Ain't No Stranger,Galley,0.0
1,Music,Love Ain't No Stranger,Galley,0.0
1,Music,Love And Marriage,jimmy van heusen/sammy cahn,0.0
8,Music,Love And Marriage,jimmy van heusen/sammy cahn,0.0
8,Music,Love And Peace Or Else,"Adam Clayton, Bono, Larry Mullen & The Edge",0.99
1,Music,Love And Peace Or Else,"Adam Clayton, Bono, Larry Mullen & The Edge",0.99
1,Music,Love Bites,,0.0
8,Music,Love Bites,,0.0
1,Music,Love Boat Captain,Eddie Vedder,0.0
8,Music,Love Boat Captain,Eddie Vedder,0.0
8,Music,Love Child,Bolin/Coverdale,0.99
1,Music,Love Child,Bolin/Coverdale,0.99
1,Music,Love Comes,"""Darius """"Take One"""" Minwalla/Jon Auer/Ken Stringfellow/Matt Harris""",0.99
8,Music,Love Comes,"""Darius """"Take One"""" Minwalla/Jon Auer/Ken Stringfellow/Matt Harris""",0.99
1,Music,Love Comes Tumbling,U2,0.0
8,Music,Love Comes Tumbling,U2,0.0
8,Music,Love Conquers All,"Blackmore, Glover, Turner",0.99
1,Music,Love Conquers All,"Blackmore, Glover, Turner",0.99
1,Music,Love Don't Mean a Thing,D.Coverdale/G.Hughes/Glenn Hughes/I.Paice/Ian Paice/J.Lord/John Lord/R.Blackmore/Ritchie Blackmore,0.99
8,Music,Love Don't Mean a Thing,D.Coverdale/G.Hughes/Glenn Hughes/I.Paice/Ian Paice/J.Lord/John Lord/R.Blackmore/Ritchie Blackmore,0.99
1,Music,Love Gun,Paul Stanley,0.99
8,Music,Love Gun,Paul Stanley,0.99
1,Music,Love In An Elevator,"Steven Tyler, Joe Perry",0.99
8,Music,Love In An Elevator,"Steven Tyler, Joe Perry",0.99
8,Music,Love Is Blind,David Coverdale/Earl Slick,0.0
1,Music,Love Is Blind,David Coverdale/Earl Slick,0.0
8,Music,Love Is Blindness,U2,0.99
1,Music,Love Is Blindness,U2,0.99
8,Music,Love Is Strong,Jagger/Richards,0.99
1,Music,Love Is Strong,Jagger/Richards,0.99
8,Music,Love Is The Colour,R. Carless,0.0
1,Music,Love Is The Colour,R. Carless,0.0
8,Music,Love Is a Losing Game,,0.0
1,Music,Love Is a Losing Game,,0.0
8,Music,Love Me Darlin',C. Burnett,0.0
1,Music,Love Me Darlin',C. Burnett,0.0
8,Music,Love Me Like A Reptile,Clarke/Kilmister/Taylor,0.0
1,Music,Love Me Like A Reptile,Clarke/Kilmister/Taylor,0.0
8,Music,Love Of My Life,Carlos Santana & Dave Matthews,0.99
1,Music,Love Of My Life,Carlos Santana & Dave Matthews,0.99
8,Music,Love Or Confusion,Jimi Hendrix,0.0
1,Music,Love Or Confusion,Jimi Hendrix,0.0
1,Music,Love Removal Machine,,0.99
8,Music,Love Removal Machine,,0.99
8,Music,Love Rescue Me,"Bono/Clayton, Adam/Dylan, Bob/Mullen Jr., Larry/The Edge",0.99
1,Music,Love Rescue Me,"Bono/Clayton, Adam/Dylan, Bob/Mullen Jr., Larry/The Edge",0.99
8,Music,"Love, Hate, Love","Jerry Cantrell, Layne Staley",0.0
1,Music,"Love, Hate, Love","Jerry Cantrell, Layne Staley",0.0
1,Music,Loverman,Cave,0.0
8,Music,Loverman,Cave,0.0
8,Music,Loves Been Good To Me,rod mckuen,0.0
1,Music,Loves Been Good To Me,rod mckuen,0.0
8,Music,Loving The Alien,"Dave Kushner, Duff, Matt Sorum, Scott Weiland & Slash",0.0
1,Music,Loving The Alien,"Dave Kushner, Duff, Matt Sorum, Scott Weiland & Slash",0.0
1,Music,Loving You Is Sweeter Than Ever,Ivy Hunter/Stevie Wonder,0.0
8,Music,Loving You Is Sweeter Than Ever,Ivy Hunter/Stevie Wonder,0.0
1,Music,Loving You Sunday Morning,,0.99
8,Music,Loving You Sunday Morning,,0.99
1,Music,Low,Bill Berry/Michael Stipe/Mike Mills/Peter Buck,0.99
8,Music,Low,Bill Berry/Michael Stipe/Mike Mills/Peter Buck,0.99
1,Music,Low,Foo Fighters,0.0
8,Music,Low,Foo Fighters,0.0
1,Music,Low Desert,Bill Berry-Peter Buck-Mike Mills-Michael Stipe,0.0
8,Music,Low Desert,Bill Berry-Peter Buck-Mike Mills-Michael Stipe,0.0
8,Music,Low Man's Lyric,"Hetfield, Ulrich",0.99
1,Music,Low Man's Lyric,"Hetfield, Ulrich",0.99
8,Music,Lua de Ogum,Ratinho/Zeca Pagodinho,0.0
1,Music,Lua de Ogum,Ratinho/Zeca Pagodinho,0.0
8,Music,Lucky 13,Billy Corgan,0.99
1,Music,Lucky 13,Billy Corgan,0.99
1,Music,Lugar Nenhum,Arnaldo Antunes/Charles Gavin/Marcelo Fromer/Sérgio Britto/Toni Bellotto,1.98
8,Music,Lugar Nenhum,Arnaldo Antunes/Charles Gavin/Marcelo Fromer/Sérgio Britto/Toni Bellotto,1.98
1,Music,Luis Inacio (300 Picaretas),Herbert Vianna,0.99
8,Music,Luis Inacio (300 Picaretas),Herbert Vianna,0.99
8,Music,Luminous Times (Hold On To Love),Brian Eno/U2,0.0
1,Music,Luminous Times (Hold On To Love),Brian Eno/U2,0.0
1,Music,Lá Vem O Sol (Here Comes The Sun),,0.0
8,Music,Lá Vem O Sol (Here Comes The Sun),,0.0
1,Music,MFC,Eddie Vedder,0.99
8,Music,MFC,Eddie Vedder,0.99
8,Music,Machine Men,Adrian Smith,0.99
1,Music,Machine Men,Adrian Smith,0.99
8,Music,Mack The Knife,bert brecht/kurt weill/marc blitzstein,0.99
1,Music,Mack The Knife,bert brecht/kurt weill/marc blitzstein,0.99
8,Music,Macy's Day Parade,Billie Joe Armstrong -Words Green Day -Music,0.99
1,Music,Macy's Day Parade,Billie Joe Armstrong -Words Green Day -Music,0.99
8,Music,Macô,Chico Science,0.0
1,Music,Macô,Chico Science,0.0
8,Music,Madagáscar Olodum,,0.0
1,Music,Madagáscar Olodum,,0.0
8,Music,Madalena,,0.99
1,Music,Madalena,,0.99
8,Music,Madama Butterfly: Un Bel Dì Vedremo,Giacomo Puccini,0.0
1,Music,Madama Butterfly: Un Bel Dì Vedremo,Giacomo Puccini,0.0
1,Music,Magamalabares,Carlinhos Brown,0.0
8,Music,Magamalabares,Carlinhos Brown,0.0
8,Music,Magic Bus,Pete Townshend,0.99
1,Music,Magic Bus,Pete Townshend,0.99
1,Music,Magnetic Ocean,Patrick Claher/Richard Bull,0.99
8,Music,Magnetic Ocean,Patrick Claher/Richard Bull,0.99
1,Music,Make It Funky Pt.1,Charles Bobbitt/James Brown,0.0
8,Music,Make It Funky Pt.1,Charles Bobbitt/James Brown,0.0
1,Music,Make Love Like A Man,,0.0
8,Music,Make Love Like A Man,,0.0
8,Music,Make Me Believe,Sully Erna,0.99
1,Music,Make Me Believe,Sully Erna,0.99
8,Music,Malandragem,,0.0
1,Music,Malandragem,,0.0
8,Music,Malpractice,,0.99
1,Music,Malpractice,,0.99
8,Music,Malted Milk,Robert Johnson,0.0
1,Music,Malted Milk,Robert Johnson,0.0
8,Music,Maluco Beleza,,0.99
1,Music,Maluco Beleza,,0.99
8,Music,Mama Africa,,0.99
1,Music,Mama Africa,,0.99
8,Music,Mama Said,"James Hetfield, Lars Ulrich",0.99
1,Music,Mama Said,"James Hetfield, Lars Ulrich",0.99
8,Music,"Mama, I'm Coming Home","L. Kilmister, O. Osbourne & Z. Wylde",1.98
1,Music,"Mama, I'm Coming Home","L. Kilmister, O. Osbourne & Z. Wylde",1.98
1,Music,Man In The Box,"Jerry Cantrell, Layne Staley",0.0
8,Music,Man In The Box,"Jerry Cantrell, Layne Staley",0.0
8,Music,Man On The Edge,Blaze Bayley/Janick Gers,0.99
1,Music,Man On The Edge,Blaze Bayley/Janick Gers,0.99
1,Music,Man Or Animal,"Cornell, Commerford, Morello, Wilk",0.0
8,Music,Man Or Animal,"Cornell, Commerford, Morello, Wilk",0.0
8,Music,Man With The Woman Head,Don Van Vliet,0.99
1,Music,Man With The Woman Head,Don Van Vliet,0.99
1,Music,Mangueira,Bizuca/Clóvis Pê/Gilson Bernini/Marelo D'Aguia,0.99
8,Music,Mangueira,Bizuca/Clóvis Pê/Gilson Bernini/Marelo D'Aguia,0.99
1,Music,Manguetown,Chico Science,0.99
8,Music,Manguetown,Chico Science/Dengue/Lúcio Maia,0.99
1,Music,Manguetown,Chico Science/Dengue/Lúcio Maia,0.99
8,Music,Manguetown,Chico Science,0.99
1,Music,Manic Depression,Jimi Hendrix,0.0
8,Music,Manic Depression,Jimi Hendrix,0.0
8,Music,Manifest Destiny,Toby Smith,0.99
1,Music,Manifest Destiny,Toby Smith,0.99
8,Music,Manuel,,0.99
1,Music,Manuel,,0.99
8,Music,Maquinarama,Chico Amaral/Samuel Rosa,0.99
1,Music,Maquinarama,Chico Amaral/Samuel Rosa,0.99
8,Music,Maracatu Atômico,Chico Science,0.99
1,Music,Maracatu Atômico,Chico Science,0.99
1,Music,Maracatu Atômico [Atomic Version],Chico Science,0.0
8,Music,Maracatu Atômico [Atomic Version],Chico Science,0.0
8,Music,Maracatu Atômico [Ragga Mix],Chico Science,0.0
1,Music,Maracatu Atômico [Ragga Mix],Chico Science,0.0
8,Music,Maracatu Atômico [Trip Hop],Chico Science,0.99
1,Music,Maracatu Atômico [Trip Hop],Chico Science,0.99
8,Music,Maracatu De Tiro Certeiro,,0.99
1,Music,Maracatu De Tiro Certeiro,,0.99
1,Music,Maraçá,Carlinhos Brown,0.0
8,Music,Maraçá,Carlinhos Brown,0.0
8,Music,Maria,Billie Joe Armstrong -Words Green Day -Music,0.99
1,Music,Maria,Billie Joe Armstrong -Words Green Day -Music,0.99
8,Music,Maria Fumaça,Luiz Carlos/Oberdan,0.99
1,Music,Maria Fumaça,Luiz Carlos/Oberdan,0.99
8,Music,Maria Maria,"W. Jean, J. Duplessis, Carlos Santana, K. Perazzo & R. Rekow",0.99
1,Music,Maria Maria,"W. Jean, J. Duplessis, Carlos Santana, K. Perazzo & R. Rekow",0.99
1,Music,Maria Rosa,,0.99
8,Music,Maria Rosa,,0.99
8,Music,"Maria, Maria","Milton Nascimento, Fernando Brant",0.99
1,Music,"Maria, Maria","Milton Nascimento, Fernando Brant",0.99
1,Music,Marina (Dorival Caymmi),,0.0
8,Music,Marina (Dorival Caymmi),,0.0
8,Music,Marker In The Sand,Mike McCready,0.0
1,Music,Marker In The Sand,Mike McCready,0.0
8,Music,Marquis In Spades,Billy Corgan,0.0
1,Music,Marquis In Spades,Billy Corgan,0.0
8,Music,Marvin,Titãs,0.99
1,Music,Marvin,Titãs,0.99
1,Music,Mary Jane,Alanis Morissette & Glenn Ballard,0.0
8,Music,Mary Jane,Alanis Morissette & Glenn Ballard,0.0
1,Music,Mas Que Nada,Jorge Ben,0.99
8,Music,Mas Que Nada,Jorge Ben,0.99
8,Music,Master Of Puppets,K.Hammett,0.99
1,Music,Master Of Puppets,Apocalyptica,0.99
1,Music,Master Of Puppets,K.Hammett,0.99
8,Music,Master Of Puppets,Apocalyptica,0.99
8,Music,Mata Virgem,,0.0
1,Music,Mata Virgem,,0.0
8,Music,Mateus Enter,Chico Science,0.99
1,Music,Mateus Enter,Chico Science,0.99
1,Music,May This Be Love,Jimi Hendrix,0.99
8,Music,May This Be Love,Jimi Hendrix,0.99
8,Music,Maybe I'm A Leo,Ian Gillan/Ian Paice/Jon Lord/Ritchie Blckmore/Roger Glover,1.98
1,Music,Maybe I'm A Leo,Ian Gillan/Ian Paice/Jon Lord/Ritchie Blckmore/Roger Glover,1.98
8,Music,Me & Mr. Jones,,0.99
1,Music,Me & Mr. Jones,,0.99
8,Music,Me Deixas Louca,,0.99
1,Music,Me Deixas Louca,,0.99
8,Music,Me In Honey,Bill Berry/Michael Stipe/Mike Mills/Peter Buck,0.99
1,Music,Me In Honey,Bill Berry/Michael Stipe/Mike Mills/Peter Buck,0.99
8,Music,Me Liga,,0.99
1,Music,Me Liga,,0.99
8,Music,Me Wise Magic,"Edward Van Halen, Alex Van Halen, Michael Anthony,/Edward Van Halen, Alex Van Halen, Michael Anthony, David Lee Roth",0.0
1,Music,Me Wise Magic,"Edward Van Halen, Alex Van Halen, Michael Anthony,/Edward Van Halen, Alex Van Halen, Michael Anthony, David Lee Roth",0.0
1,Music,Mean Disposition,Jagger/Richards,0.99
8,Music,Mean Disposition,Jagger/Richards,0.99
8,Music,Meditação,Tom Jobim - Newton Mendoça,1.98
1,Music,Meditação,Tom Jobim - Newton Mendoça,1.98
1,Music,Medo De Escuro,,0.99
8,Music,Medo De Escuro,,0.99
1,Music,Meia-Lua Inteira,,0.0
8,Music,Meia-Lua Inteira,,0.0
1,Music,Mel,Caetano Veloso - Waly Salomão,1.98
8,Music,Mel,Caetano Veloso - Waly Salomão,1.98
1,Music,Mellowship Slinky In B Major,Anthony Kiedis/Chad Smith/Flea/John Frusciante,0.99
8,Music,Mellowship Slinky In B Major,Anthony Kiedis/Chad Smith/Flea/John Frusciante,0.99
1,Music,Melô Do Marinheiro,,0.0
8,Music,Melô Do Marinheiro,,0.0
1,Music,Memory Motel,Jagger/Richards,0.0
8,Music,Memory Motel,Jagger/Richards,0.0
8,Music,Menestrel Das Alagoas,"Milton Nascimento, Fernando Brant",1.98
1,Music,Menestrel Das Alagoas,"Milton Nascimento, Fernando Brant",1.98
8,Music,Menina Bonita,Alexandre Brazil/Pedro Luis/Rodrigo Cabelo,0.0
1,Music,Menina Bonita,Alexandre Brazil/Pedro Luis/Rodrigo Cabelo,0.0
8,Music,Menina Sarará,,0.0
1,Music,Menina Sarará,,0.0
8,Music,Menino De Rua,,1.98
1,Music,Menino De Rua,,1.98
8,Music,Menino Do Rio,,0.99
1,Music,Menino Do Rio,,0.99
8,Music,Menino do Rio,Caetano Veloso,0.0
1,Music,Menino do Rio,Caetano Veloso,0.0
1,Music,Meninos E Meninas,Dado Villa-Lobos/Marcelo Bonfá,0.99
8,Music,Meninos E Meninas,Dado Villa-Lobos/Marcelo Bonfá,0.99
8,Music,Mensagem,Bino Farias/Da Gama/Lazão/Rás Bernardo,0.0
1,Music,Mensagem,Bino Farias/Da Gama/Lazão/Rás Bernardo,0.0
8,Music,Mensagen De Amor (2000),Herbert Vianna,1.98
1,Music,Mensagen De Amor (2000),Herbert Vianna,1.98
8,Music,Mercyful Fate,Diamond/Shermann,0.0
1,Music,Mercyful Fate,Diamond/Shermann,0.0
1,Music,Merry Christmas,Rodolfo,0.0
8,Music,Merry Christmas,Rodolfo,0.0
8,Music,Message in a Bottle,G M Sumner,0.0
1,Music,Message in a Bottle,G M Sumner,0.0
8,Music,Message in a Bottle (new classic rock mix),G M Sumner,0.99
1,Music,Message in a Bottle (new classic rock mix),G M Sumner,0.99
8,Music,Metal Meltdown,,0.99
1,Music,Metal Meltdown,,0.99
8,Music,Metal Militia,"James Hetfield, Lars Ulrich, Dave Mustaine",0.99
1,Music,Metal Militia,"James Hetfield, Lars Ulrich, Dave Mustaine",0.99
1,Music,"Metopes, Op. 29: Calypso",Karol Szymanowski,0.99
8,Music,"Metopes, Op. 29: Calypso",Karol Szymanowski,0.99
8,Music,Metrô. Linha 743,,0.99
1,Music,Metrô. Linha 743,,0.99
1,Music,Meu Bem-Querer,,0.0
8,Music,Meu Bem-Querer,,0.0
8,Music,Meu Caro Amigo,,1.98
1,Music,Meu Caro Amigo,,1.98
8,Music,Meu Erro,,1.98
1,Music,Meu Erro,Herbert Vianna,0.0
8,Music,Meu Erro,Herbert Vianna,0.0
1,Music,Meu Erro,,1.98
1,Music,Meu Guarda-Chuva,,0.99
8,Music,Meu Guarda-Chuva,,0.99
8,Music,Meu Mundo Fica Completo (Com Você),,0.99
1,Music,Meu Mundo Fica Completo (Com Você),,0.99
8,Music,Meu Pranto Rolou,,0.0
1,Music,Meu Pranto Rolou,,0.0
1,Music,Meu Refrigerador Não Funciona,Arnaldo Baptista - Rita Lee - Sérgio Dias,0.99
8,Music,Meu Refrigerador Não Funciona,Arnaldo Baptista - Rita Lee - Sérgio Dias,0.99
8,Music,Miami,"Bono, The Edge, Adam Clayton, and Larry Mullen",1.98
1,Music,Miami,"Bono, The Edge, Adam Clayton, and Larry Mullen",1.98
8,Music,Midget,,0.0
1,Music,Midget,,0.0
8,Music,Midlife Crisis,,1.98
1,Music,Midlife Crisis,,1.98
1,Music,Midnight,J. Satriani,0.99
8,Music,Midnight,"Anthony Kiedis, Flea, John Frusciante, and Chad Smith",0.0
8,Music,Midnight,,0.0
1,Music,Midnight,"Anthony Kiedis, Flea, John Frusciante, and Chad Smith",0.0
1,Music,Midnight,,0.0
8,Music,Midnight,J. Satriani,0.99
1,Music,Midnight Blue,David Coverdale/Earl Slick,0.0
8,Music,Midnight Blue,David Coverdale/Earl Slick,0.0
8,Music,Midnight Cowboy,,0.99
1,Music,Midnight Cowboy,,0.99
8,Music,Midnight From The Inside Out,Chris Robinson/Rich Robinson,1.98
1,Music,Midnight From The Inside Out,Chris Robinson/Rich Robinson,1.98
8,Music,Migra,"R. Taha, Carlos Santana & T. Lindsay",0.0
1,Music,Migra,"R. Taha, Carlos Santana & T. Lindsay",0.0
8,Music,Mil Pedaços,Renato Russo,0.0
1,Music,Mil Pedaços,Renato Russo,0.0
1,Music,Miles Ahead,"Miles Davis, Gil Evans",0.0
8,Music,Miles Ahead,"Miles Davis, Gil Evans",0.0
1,Music,Miles Runs The Voodoo Down,Miles Davis,0.0
8,Music,Miles Runs The Voodoo Down,Miles Davis,0.0
8,Music,Milk It,Kurt Cobain,0.0
1,Music,Milk It,Kurt Cobain,0.0
8,Music,Millenium,Maxton Gig Beesley Jnr.,0.99
1,Music,Millenium,Maxton Gig Beesley Jnr.,0.99
8,Music,Minas,"Milton Nascimento, Caetano Veloso",0.0
1,Music,Minas,"Milton Nascimento, Caetano Veloso",0.0
1,Music,Minha Fé,Murilão,0.0
8,Music,Minha Fé,Murilão,0.0
8,Music,Minha Gata,,0.0
1,Music,Minha Gata,,0.0
1,Music,Minha Historia,,0.99
8,Music,Minha Historia,,0.99
1,Music,Minha Namorada,,0.99
8,Music,Minha Namorada,,0.99
8,Music,Minor Thing,"Anthony Kiedis, Flea, John Frusciante, and Chad Smith",0.0
1,Music,Minor Thing,"Anthony Kiedis, Flea, John Frusciante, and Chad Smith",0.0
8,Music,Minority,Billie Joe Armstrong -Words Green Day -Music,0.99
1,Music,Minority,Billie Joe Armstrong -Words Green Day -Music,0.99
8,Music,Miracle,"Dave Grohl, Taylor Hawkins, Nate Mendel, Chris Shiflett/FOO FIGHTERS",0.0
1,Music,Miracle,"Dave Grohl, Taylor Hawkins, Nate Mendel, Chris Shiflett/FOO FIGHTERS",0.0
1,Music,Miracle Drug,"Adam Clayton, Bono, Larry Mullen & The Edge",0.0
8,Music,Miracle Drug,"Adam Clayton, Bono, Larry Mullen & The Edge",0.0
1,Music,Miracle To Me,Chris Robinson/Rich Robinson,0.99
8,Music,Miracle To Me,Chris Robinson/Rich Robinson,0.99
1,Music,Mis Penas Lloraba Yo (Ao Vivo) Soy Gitano (Tangos),,1.98
8,Music,Mis Penas Lloraba Yo (Ao Vivo) Soy Gitano (Tangos),,1.98
8,Music,"Miserere mei, Deus",Gregorio Allegri,0.0
1,Music,"Miserere mei, Deus",Gregorio Allegri,0.0
8,Music,Miss Sarajevo,"Brian Eno, Bono, Adam Clayton, The Edge & Larry Mullen Jnr.",0.99
1,Music,Miss Sarajevo,"Brian Eno, Bono, Adam Clayton, The Edge & Larry Mullen Jnr.",0.99
1,Music,Missa Papae Marcelli: Kyrie,Giovanni Pierluigi da Palestrina,0.0
8,Music,Missa Papae Marcelli: Kyrie,Giovanni Pierluigi da Palestrina,0.0
1,Music,Mistreated,Coverdale,0.0
8,Music,Mistreated,Coverdale,0.0
8,Music,Mistreated (Alternate Version),Blackmore/Coverdale,0.0
1,Music,Mistreated (Alternate Version),Blackmore/Coverdale,0.0
1,Music,Misty Mountain Hop,"Jimmy Page, Robert Plant, John Paul Jones",0.99
8,Music,Misty Mountain Hop,"Jimmy Page, Robert Plant, John Paul Jones",0.99
1,Music,Mistério da Raça,Luiz Melodia/Ricardo Augusto,0.99
8,Music,Mistério da Raça,Luiz Melodia/Ricardo Augusto,0.99
1,Music,Miséria,"Arnaldo Antunes/Britto, SergioMiklos, Paulo",0.0
8,Music,Miséria,"Arnaldo Antunes/Britto, SergioMiklos, Paulo",0.0
1,Music,Moby Dick,John Bonham/John Paul Jones,0.0
8,Music,Moby Dick,"John Bonham, John Paul Jones, Jimmy Page",0.99
1,Music,Moby Dick,"John Bonham, John Paul Jones, Jimmy Page",0.99
8,Music,Moby Dick,John Bonham/John Paul Jones,0.0
1,Music,Mocidade,"Domenil/J. Brito/Joaozinho/Rap, Marcelo Do",0.0
8,Music,Mocidade,"Domenil/J. Brito/Joaozinho/Rap, Marcelo Do",0.0
1,Music,Mocidade Alegre 2001,,0.0
8,Music,Mocidade Alegre 2001,,0.0
1,Music,Mofo,"Bono, The Edge, Adam Clayton, and Larry Mullen",0.99
8,Music,Mofo,"Bono, The Edge, Adam Clayton, and Larry Mullen",0.99
1,Music,Molina,J.C. Fogerty,0.99
8,Music,Molina,J.C. Fogerty,0.99
1,Music,Momentos Que Marcam,Vários,0.99
8,Music,Momentos Que Marcam,Vários,0.99
1,Music,Momma's Gotta Die Tonight,,0.0
8,Music,Momma's Gotta Die Tonight,,0.0
8,Music,Money,"Berry Gordy, Jr./Janie Bradford",0.99
1,Music,Money,"Berry Gordy, Jr./Janie Bradford",0.99
8,Music,Money,Waters,0.0
1,Music,Money,Waters,0.0
8,Music,Money's Too Tight To Mention,John and William Valentine,0.0
1,Music,Money's Too Tight To Mention,John and William Valentine,0.0
1,Music,Monkey Wrench,"Dave, Taylor, Nate, Chris",0.99
8,Music,Monkey Wrench,"Dave, Taylor, Nate, Chris",0.99
1,Music,Montsegur,Bruce Dickinson/Janick Gers/Steve Harris,0.0
8,Music,Montsegur,Bruce Dickinson/Janick Gers/Steve Harris,0.0
8,Music,Moon Is Up,Jagger/Richards,0.99
1,Music,Moon Is Up,Jagger/Richards,0.99
8,Music,Moon River,henry mancini/johnny mercer,0.0
1,Music,Moon River,henry mancini/johnny mercer,0.0
8,Music,Moon germs,Billy Cobham,0.99
1,Music,Moon germs,Billy Cobham,0.99
8,Music,Moonchild,Adrian Smith; Bruce Dickinson,1.98
1,Music,Moonchild,Adrian Smith; Bruce Dickinson,1.98
1,Music,Morena De Angola,,1.98
8,Music,Morena De Angola,,1.98
1,Music,Morning Dance,Jay Beckenstein,0.0
8,Music,Morning Dance,Jay Beckenstein,0.0
8,Music,Morning Glory,J. Kay/Jay Kay,0.99
1,Music,Morning Glory,J. Kay/Jay Kay,0.99
8,Music,Morro Da Casa Verde 2001,,0.99
1,Music,Morro Da Casa Verde 2001,,0.99
8,Music,Most High,"Jimmy Page, Robert Plant, Charlie Jones, Michael Lee",0.99
1,Music,Most High,"Jimmy Page, Robert Plant, Charlie Jones, Michael Lee",0.99
1,Music,Moth,,0.99
8,Music,Moth,,0.99
1,Music,Mother,,0.0
8,Music,Mother,,0.0
8,Music,Mother Russia,Steve Harris,0.0
1,Music,Mother Russia,Steve Harris,0.0
1,Music,Mother's Little Helper,Jagger/Richards,0.0
8,Music,Mother's Little Helper,Jagger/Richards,0.0
8,Music,Motorbreath,James Hetfield,1.98
1,Music,Motorbreath,James Hetfield,1.98
8,Music,Motéis,,0.0
1,Music,Motéis,,0.0
8,Music,Mouth To Mouth,Bill Gould/Jon Hudson/Mike Bordin/Mike Patton,0.99
1,Music,Mouth To Mouth,Bill Gould/Jon Hudson/Mike Bordin/Mike Patton,0.99
1,Music,Move On,C. Cester/N. Cester,0.0
8,Music,Move On,C. Cester/N. Cester,0.0
1,Music,Mr Funk Samba,Vários,0.0
8,Music,Mr Funk Samba,Vários,0.0
1,Music,Mr. Brownstone,,0.99
8,Music,Mr. Brownstone,,0.99
1,Music,Mr. Cab Driver,Lenny Kravitz,1.98
8,Music,Mr. Cab Driver,Lenny Kravitz,1.98
1,Music,Mr. Crowley,"O. Osbourne, R. Daisley, R. Rhoads",0.99
8,Music,Mr. Crowley,"O. Osbourne, R. Daisley, R. Rhoads",0.99
1,Music,Mr. Moon,Stuard Zender/Toby Smith,0.0
8,Music,Mr. Moon,Stuard Zender/Toby Smith,0.0
1,Music,Muffin Man,Frank Zappa,0.0
8,Music,Muffin Man,Frank Zappa,0.0
8,Music,Muita Bobeira,Luciana Souza,0.99
1,Music,Muita Bobeira,Luciana Souza,0.99
8,Music,"Muita Estrela, Pouca Constelação",,0.0
1,Music,"Muita Estrela, Pouca Constelação",,0.0
8,Music,Mulher Carioca,,0.0
1,Music,Mulher Carioca,,0.0
8,Music,Mun-Ra,,0.0
1,Music,Mun-Ra,,0.0
8,Music,Mundaréu,,0.99
1,Music,Mundaréu,,0.99
1,Music,Murders In The Rue Morgue,Steve Harris,0.99
1,Music,Murders In The Rue Morgue,Steve Harris,0.0
8,Music,Murders In The Rue Morgue,Steve Harris,0.99
8,Music,Murders In The Rue Morgue,Steve Harris,0.0
1,Music,Music Of The Wind,"Smith, Toby",0.0
8,Music,Music Of The Wind,"Smith, Toby",0.0
8,Music,"Music for the Royal Fireworks, HWV351 (1749): La Réjouissance",George Frideric Handel,0.0
1,Music,"Music for the Royal Fireworks, HWV351 (1749): La Réjouissance",George Frideric Handel,0.0
1,Music,Muçulmano,"Leão, Rodrigo F./Samuel Rosa",0.99
8,Music,Muçulmano,"Leão, Rodrigo F./Samuel Rosa",0.99
8,Music,My Baby Left Me,J.C. Fogerty,0.0
1,Music,My Baby Left Me,J.C. Fogerty,0.0
1,Music,My Bridges Burn,Billy Duffy/Ian Astbury,0.0
8,Music,My Bridges Burn,Billy Duffy/Ian Astbury,0.0
8,Music,My Brother,,0.0
1,Music,My Brother,,0.0
1,Music,My Friend Of Misery,"James Hetfield, Lars Ulrich and Jason Newsted",0.99
8,Music,My Friend Of Misery,"James Hetfield, Lars Ulrich and Jason Newsted",0.99
8,Music,My Funny Valentine (Live),Miles Davis,0.0
1,Music,My Funny Valentine (Live),Miles Davis,0.0
8,Music,My Generation,John Entwistle/Pete Townshend,0.0
1,Music,My Generation,John Entwistle/Pete Townshend,0.0
1,Music,My Hero,"Dave, Taylor, Nate, Chris",0.99
8,Music,My Hero,"Dave, Taylor, Nate, Chris",0.99
8,Music,My Kind Of Town,jimmy van heusen/sammy cahn,0.99
1,Music,My Kind Of Town,jimmy van heusen/sammy cahn,0.99
8,Music,My Love,Jauperi/Zeu Góes,0.99
1,Music,My Love,Jauperi/Zeu Góes,0.99
1,Music,My Lovely Man,Anthony Kiedis/Chad Smith/Flea/John Frusciante,0.0
8,Music,My Lovely Man,Anthony Kiedis/Chad Smith/Flea/John Frusciante,0.0
8,Music,My Melancholy Blues,Mercury,0.99
1,Music,My Melancholy Blues,Mercury,0.99
8,Music,My Michelle,,0.0
1,Music,My Michelle,,0.0
8,Music,My Mistake,Billy Corgan,0.99
1,Music,My Mistake,Billy Corgan,0.99
1,Music,My Poor Brain,"Dave, Taylor, Nate, Chris",0.0
8,Music,My Poor Brain,"Dave, Taylor, Nate, Chris",0.0
1,Music,My Ship,"Ira Gershwin, Kurt Weill",0.99
8,Music,My Ship,"Ira Gershwin, Kurt Weill",0.99
8,Music,My Time After Awhile,Robert Geddins/Ron Badger/Sheldon Feinberg,0.99
1,Music,My Time After Awhile,Robert Geddins/Ron Badger/Sheldon Feinberg,0.99
8,Music,My Way,claude françois/gilles thibault/jacques revaux/paul anka,0.0
1,Music,My Way,claude françois/gilles thibault/jacques revaux/paul anka,0.0
1,Music,My World,W. Axl Rose,0.0
8,Music,My World,Bob Rock/James Hetfield/Kirk Hammett/Lars Ulrich,0.99
8,Music,My World,W. Axl Rose,0.0
1,Music,My World,Bob Rock/James Hetfield/Kirk Hammett/Lars Ulrich,0.99
1,Music,Mysterious Ways,U2,0.0
8,Music,Mysterious Ways,U2,0.0
8,Music,Mystic Man,,0.0
1,Music,Mystic Man,,0.0
1,Music,Mágica,,0.0
8,Music,Mágica,,0.0
8,Music,Mãe Terra,,0.99
1,Music,Mãe Terra,,0.99
1,Music,Mão Na Cabeça,,0.0
8,Music,Mão Na Cabeça,,0.0
1,Music,Música Ambiente,Renato Russo,0.0
8,Music,Música Ambiente,Renato Russo,0.0
1,Music,Música De Trabalho,Renato Russo,0.99
8,Music,Música De Trabalho,Renato Russo,0.99
1,Music,Música No Ar,Tim Maia,1.98
8,Music,Música No Ar,Tim Maia,1.98
8,Music,Música Urbana 2,,0.99
1,Music,Música Urbana 2,,0.99
1,Music,N.I.B.,,0.0
1,Music,N.I.B.,,0.99
8,Music,N.I.B.,,0.99
8,Music,N.I.B.,,0.0
8,Music,Na Cadência Do Samba,,0.0
1,Music,Na Cadência Do Samba,,0.0
1,Music,Na Frente Da TV,Bino/Da Gama/Lazao/Ras Bernardo,0.99
8,Music,Na Frente Da TV,Bino/Da Gama/Lazao/Ras Bernardo,0.99
1,Music,Na Ladeira,,0.0
8,Music,Na Ladeira,,0.0
1,Music,Naked In Front Of The Computer,Mike Patton,0.99
8,Music,Naked In Front Of The Computer,Mike Patton,0.99
1,Music,Naked In The Rain,Anthony Kiedis/Chad Smith/Flea/John Frusciante,0.99
8,Music,Naked In The Rain,Anthony Kiedis/Chad Smith/Flea/John Frusciante,0.99
8,Music,Naked Sunday,D. DeLeo/Kretz/R. DeLeo/Weiland,0.0
1,Music,Naked Sunday,D. DeLeo/Kretz/R. DeLeo/Weiland,0.0
8,Music,Naquele Dia,João Suplicy,0.0
1,Music,Naquele Dia,João Suplicy,0.0
1,Music,Nasty Piece Of Work,jon lord/roger glover,0.0
8,Music,Nasty Piece Of Work,jon lord/roger glover,0.0
8,Music,Natália,Renato Russo,0.0
1,Music,Natália,Renato Russo,0.0
8,Music,Navegar Impreciso,Herbert Vianna,0.99
1,Music,Navegar Impreciso,Herbert Vianna,0.99
1,Music,Near Wild Heaven,Bill Berry/Michael Stipe/Mike Mills/Peter Buck,0.0
8,Music,Near Wild Heaven,Bill Berry/Michael Stipe/Mike Mills/Peter Buck,0.0
8,Music,Nebulosa Do Amor,Herbert Vianna,1.98
1,Music,Nebulosa Do Amor,Herbert Vianna,1.98
1,Music,Nefertiti,Miles Davis,0.99
8,Music,Nefertiti,Miles Davis,0.99
8,Music,Nega Do Cabelo Duro,,1.98
1,Music,Nega Do Cabelo Duro,,1.98
1,Music,Negative Creep,Kurt Cobain,0.0
8,Music,Negative Creep,Kurt Cobain,0.0
1,Music,Negócio É,,0.0
8,Music,Negócio É,,0.0
1,Music,Nem 5 Minutos Guardados,Titãs,0.99
8,Music,Nem 5 Minutos Guardados,Titãs,0.99
1,Music,Nem Um Dia,Djavan,0.99
8,Music,Nem Um Dia,Djavan,0.99
8,Music,Nene 2001,,0.0
1,Music,Nene 2001,,0.0
8,Music,Nervosa,,0.99
1,Music,Nervosa,,0.99
8,Music,Never Before,Ian Gillan/Ian Paice/Jon Lord/Ritchie Blckmore/Roger Glover,0.0
1,Music,Never Before,Ian Gillan/Ian Paice/Jon Lord/Ritchie Blckmore/Roger Glover,0.0
8,Music,Never Say Die,,0.99
1,Music,Never Say Die,,0.99
1,Music,New Faces,Jagger/Richards,0.0
8,Music,New Faces,Jagger/Richards,0.0
8,Music,New Frontier,Adrian Smith/Bruce Dickinson/Nicko McBrain,0.0
1,Music,New Frontier,Adrian Smith/Bruce Dickinson/Nicko McBrain,0.0
8,Music,New Love,Tim Maia,0.99
1,Music,New Love,Tim Maia,0.99
1,Music,New Rhumba,Miles Davis,0.0
8,Music,New Rhumba,Miles Davis,0.0
8,Music,New Rhumba,A. Jamal,0.0
1,Music,New Rhumba,A. Jamal,0.0
1,Music,New Test Leper,Bill Berry-Peter Buck-Mike Mills-Michael Stipe,0.99
8,Music,New Test Leper,Bill Berry-Peter Buck-Mike Mills-Michael Stipe,0.99
1,Music,New Way Home,"Dave, Taylor, Nate, Chris",0.0
8,Music,New Way Home,"Dave, Taylor, Nate, Chris",0.0
1,Music,New Year's Day,U2,0.99
1,Music,New Year's Day,U2,0.99
8,Music,New Year's Day,U2,0.99
8,Music,New Year's Day,U2,0.99
1,Music,New York,"Adam Clayton, Bono, Larry Mullen, The Edge",0.99
8,Music,New York,"Adam Clayton, Bono, Larry Mullen, The Edge",0.99
8,Music,"New York, New York",fred ebb/john kander,0.99
1,Music,"New York, New York",fred ebb/john kander,0.99
8,Music,Neworld,Van Halen,0.99
1,Music,Neworld,Van Halen,0.99
8,Music,Nice Guys Finish Last,Billie Joe Armstrong -Words Green Day -Music,1.98
1,Music,Nice Guys Finish Last,Billie Joe Armstrong -Words Green Day -Music,1.98
1,Music,Nico,Billy Duffy/Ian Astbury,0.99
8,Music,Nico,Billy Duffy/Ian Astbury,0.99
1,Music,Night Flight,John Paul Jones/Robert Plant,0.99
8,Music,Night Flight,John Paul Jones/Robert Plant,0.99
1,Music,Night Of The Long Knives,"Angus Young, Malcolm Young, Brian Johnson",0.99
8,Music,Night Of The Long Knives,"Angus Young, Malcolm Young, Brian Johnson",0.99
1,Music,Night Time Is The Right Time,J.C. Fogerty,0.99
8,Music,Night Time Is The Right Time,J.C. Fogerty,0.99
1,Music,Night Train,Jimmy Forrest/Lewis C. Simpkins/Oscar Washington,0.99
8,Music,Night Train,Jimmy Forrest/Lewis C. Simpkins/Oscar Washington,0.99
1,Music,Nightrain,,0.0
8,Music,Nightrain,,0.0
8,Music,No Bone Movies,"O. Osbourne, R. Daisley, R. Rhoads",0.0
1,Music,No Bone Movies,"O. Osbourne, R. Daisley, R. Rhoads",0.0
1,Music,No Clima,Mônica Marianno,0.0
8,Music,No Clima,Mônica Marianno,0.0
8,Music,No Fundo Do Quintal Da Escola,,0.99
1,Music,No Fundo Do Quintal Da Escola,,0.99
1,Music,No Futuro,João Suplicy,0.99
8,Music,No Futuro,João Suplicy,0.99
8,Music,No Good Without You,"""William """"Mickey"""" Stevenson""",0.0
1,Music,No Good Without You,"""William """"Mickey"""" Stevenson""",0.0
8,Music,No Memory,Dean Deleo,0.99
1,Music,No Memory,Dean Deleo,0.99
1,Music,No More Lies,Steve Harris,0.0
8,Music,No More Lies,Steve Harris,0.0
1,Music,No More Tears,"J. Purdell, M. Inez, O. Osbourne, R. Castillo & Z. Wylde",0.99
8,Music,No More Tears,"J. Purdell, M. Inez, O. Osbourne, R. Castillo & Z. Wylde",0.99
1,Music,No More Tears,,0.0
8,Music,No More Tears,,0.0
1,Music,No No No,"Ritchie Blackmore, Ian Gillan, Roger Glover, Jon Lord, Ian Paice",1.98
8,Music,No No No,"Ritchie Blackmore, Ian Gillan, Roger Glover, Jon Lord, Ian Paice",1.98
8,Music,No One Came,"Ritchie Blackmore, Ian Gillan, Roger Glover, Jon Lord, Ian Paice",0.99
1,Music,No One Came,"Ritchie Blackmore, Ian Gillan, Roger Glover, Jon Lord, Ian Paice",0.99
8,Music,No One Like You,,0.0
1,Music,No One Like You,,0.0
8,Music,No Prayer For The Dying,Steve Harris,0.99
1,Music,No Prayer For The Dying,Steve Harris,0.99
8,Music,No Quarter,John Paul Jones,0.99
1,Music,No Quarter,John Paul Jones/Robert Plant,0.99
1,Music,No Quarter,John Paul Jones,0.99
8,Music,No Quarter,John Paul Jones/Robert Plant,0.99
1,Music,No Remorse,"James Hetfield, Lars Ulrich",0.0
8,Music,No Remorse,"James Hetfield, Lars Ulrich",0.0
8,Music,No Sign of Yesterday,,0.0
1,Music,No Sign of Yesterday,,0.0
1,Music,No Such Thing,Chris Cornell,0.0
8,Music,No Such Thing,Chris Cornell,0.0
1,Music,No Way Back,"Dave Grohl, Taylor Hawkins, Nate Mendel, Chris Shiflett",0.99
8,Music,No Way Back,"Dave Grohl, Taylor Hawkins, Nate Mendel, Chris Shiflett",0.99
1,Music,Nobody Knows You When You're Down & Out,Jimmy Cox,0.99
8,Music,Nobody Knows You When You're Down & Out,Jimmy Cox,0.99
1,Music,Nobody Told Me,,0.0
8,Music,Nobody Told Me,,0.0
1,Music,Nobody's Fault But Mine,Jimmy Page/Robert Plant,0.0
8,Music,Nobody's Fault But Mine,Jimmy Page/Robert Plant,0.0
8,Music,Nobody's Home,"Richie Blackmore, Ian Gillian, Roger Glover, Jon Lord, Ian Paice",0.99
1,Music,Nobody's Home,"Richie Blackmore, Ian Gillian, Roger Glover, Jon Lord, Ian Paice",0.99
1,Music,Noite Do Prazer,,0.0
8,Music,Noite Do Prazer,,0.0
1,Music,Noite Negra,Mônica Marianno,0.0
8,Music,Noite Negra,Mônica Marianno,0.0
8,Music,Norwegian Wood,"John Lennon, Paul McCartney",1.98
1,Music,Norwegian Wood,"John Lennon, Paul McCartney",1.98
8,Music,Nos Bailes Da Vida,"Milton Nascimento, Fernando Brant",0.0
1,Music,Nos Bailes Da Vida,"Milton Nascimento, Fernando Brant",0.0
1,Music,Nossa Gente (Avisa Là),,1.98
8,Music,Nossa Gente (Avisa Là),,1.98
8,Music,Nosso Adeus,,0.99
1,Music,Nosso Adeus,,0.99
1,Music,Not The Doctor,Alanis Morissette & Glenn Ballard,1.98
8,Music,Not The Doctor,Alanis Morissette & Glenn Ballard,1.98
8,Music,Nothin' To Lose,Gene Simmons,0.99
1,Music,Nothin' To Lose,Gene Simmons,0.99
1,Music,Nothing But Love,,0.0
8,Music,Nothing But Love,,0.0
8,Music,Nothing Else Matters,Ulrich,1.98
1,Music,Nothing Else Matters,Ulrich,1.98
1,Music,Nothing Left to Say But Goodbye,,0.0
8,Music,Nothing Left to Say But Goodbye,,0.0
1,Music,Nothing To Say,Chris Cornell/Kim Thayil,0.99
8,Music,Nothing To Say,Chris Cornell/Kim Thayil,0.99
1,Music,Nothingman,Jeff Ament & Eddie Vedder,0.99
8,Music,Nothingman,Jeff Ament & Eddie Vedder,0.99
1,Music,November Rain,,0.0
8,Music,November Rain,,0.0
1,Music,Now I'm Here,"May, Brian",0.0
8,Music,Now I'm Here,"May, Brian",0.0
8,Music,Now Sports,,0.0
1,Music,Now Sports,,0.0
1,Music,Now You're Gone,Vandenberg,0.99
8,Music,Now You're Gone,Vandenberg,0.99
1,Music,Now's The Time,Miles Davis,0.0
8,Music,Now's The Time,Miles Davis,0.0
8,Music,Numb,"U2; Edge, The",0.99
1,Music,Numb,"U2; Edge, The",0.99
8,Music,Não Deixe O Samba Morrer - Cassia Eller e Alcione,,0.0
1,Music,Não Deixe O Samba Morrer - Cassia Eller e Alcione,,0.0
1,Music,Não Dá Mais Pra Segurar (Explode Coração),,0.99
8,Music,Não Dá Mais Pra Segurar (Explode Coração),,0.99
1,Music,Não Quero Dinheiro,,1.98
8,Music,Não Quero Dinheiro,,1.98
8,Music,Não Sei O Que Eu Quero Da Vida,,0.99
1,Music,Não Sei O Que Eu Quero Da Vida,,0.99
8,Music,Não Sou Mais Disso,Jorge Aragão/Zeca Pagodinho,0.0
1,Music,Não Sou Mais Disso,Jorge Aragão/Zeca Pagodinho,0.0
8,Music,Não Vou Ficar,Tim Maia,0.99
1,Music,Não Vou Ficar,Tim Maia,0.99
8,Music,Não Vou Lutar,Titãs,0.99
1,Music,Não Vou Lutar,Titãs,0.99
1,Music,Não Vou Me Adaptar,Arnaldo Antunes,0.0
8,Music,Não Vou Me Adaptar,Arnaldo Antunes,0.0
8,Music,Nós (Ao Vivo),,0.0
1,Music,Nós (Ao Vivo),,0.0
1,Music,O Amor Daqui De Casa,Gilberto Gil,0.0
8,Music,O Amor Daqui De Casa,Gilberto Gil,0.0
1,Music,O Amor Nao Sabe Esperar,Herbert Vianna,0.99
8,Music,O Amor Nao Sabe Esperar,Herbert Vianna,0.99
8,Music,O Beco,,0.99
1,Music,O Beco,,0.99
8,Music,O Bicho Tá Pregando,,0.99
1,Music,O Bicho Tá Pregando,,0.99
1,Music,O Boto (Bôto),,0.99
8,Music,O Boto (Bôto),,0.99
1,Music,O Braço Da Minha Guitarra,,0.99
8,Music,O Braço Da Minha Guitarra,,0.99
8,Music,O Bêbado e a Equilibrista,,0.0
1,Music,O Bêbado e a Equilibrista,,0.0
8,Music,O Cidadão Do Mundo,Chico Science,0.99
1,Music,O Cidadão Do Mundo,Chico Science,0.99
8,Music,O Descobridor Dos Sete Mares,Gilson Mendonça/Michel,0.99
8,Music,O Descobridor Dos Sete Mares,,0.0
1,Music,O Descobridor Dos Sete Mares,,0.0
1,Music,O Descobridor Dos Sete Mares,Gilson Mendonça/Michel,0.99
1,Music,O Dia Em Que A Terra Parou,,0.99
8,Music,O Dia Em Que A Terra Parou,,0.99
1,Music,O Encontro De Isaac Asimov Com Santos Dumont No Céu,Chico Science,0.0
8,Music,O Encontro De Isaac Asimov Com Santos Dumont No Céu,Chico Science,0.0
1,Music,O Erê,Bernardo Vilhena/Bino/Da Gama/Lazao/Toni Garrido,0.0
8,Music,O Erê,Bernardo Vilhena/Bino/Da Gama/Lazao/Toni Garrido,0.0
8,Music,O Erê,Bernardo Vilhena/Bino Farias/Da Gama/Lazão/Toni Garrido,0.0
1,Music,O Erê,Bernardo Vilhena/Bino Farias/Da Gama/Lazão/Toni Garrido,0.0
8,Music,O Estrangeiro,,0.0
1,Music,O Estrangeiro,,0.0
1,Music,O Leaozinho,,0.99
8,Music,O Leaozinho,,0.99
1,Music,O Livro Dos Dias,Renato Russo,0.99
8,Music,O Livro Dos Dias,Renato Russo,0.99
8,Music,O Mestre-Sala dos Mares,,0.0
1,Music,O Mestre-Sala dos Mares,,0.0
1,Music,O Misterio do Samba,,0.0
8,Music,O Misterio do Samba,,0.0
1,Music,O Pulso,Titãs,1.98
8,Music,O Pulso,Titãs,1.98
1,Music,O Que Me Importa,,0.99
8,Music,O Que Me Importa,,0.99
8,Music,O Que Será (À Flor Da Terra),,0.99
1,Music,O Que Será (À Flor Da Terra),,0.99
1,Music,O Que Vai Em Meu Coração,Mônica Marianno,0.99
8,Music,O Que Vai Em Meu Coração,Mônica Marianno,0.99
1,Music,O Que É O Que É ?,,0.0
8,Music,O Que É O Que É ?,,0.0
1,Music,O Segredo Do Universo,,0.0
8,Music,O Segredo Do Universo,,0.0
8,Music,O Segundo Sol,,0.0
1,Music,O Segundo Sol,,0.0
1,Music,O Trem Da Juventude,Herbert Vianna,0.99
8,Music,O Trem Da Juventude,Herbert Vianna,0.99
8,Music,O Velho E Aflor,,0.0
1,Music,O Velho E Aflor,,0.0
8,Music,O Xote Das Meninas,Caetano Veloso e Gilberto Gil,0.99
1,Music,O Xote Das Meninas,Caetano Veloso e Gilberto Gil,0.99
1,Music,O Último Romântico (Ao Vivo),,0.99
8,Music,O Último Romântico (Ao Vivo),,0.99
1,Music,OAM's Blues,Aaron Goldberg,0.0
8,Music,OAM's Blues,Aaron Goldberg,0.0
1,Music,Oceano,Djavan,0.99
8,Music,Oceano,Djavan,0.99
8,Music,Oceans,Jeff Ament/Stone Gossard,0.99
1,Music,Oceans,Jeff Ament/Stone Gossard,0.99
8,Music,October Song,Matt Rowe & Stefan Skarbek,0.0
1,Music,October Song,Matt Rowe & Stefan Skarbek,0.0
8,Music,Odara,Caetano Veloso,0.99
1,Music,Odara,Caetano Veloso,0.99
1,Music,Of Wolf And Man,"James Hetfield, Lars Ulrich and Kirk Hammett",0.99
8,Music,Of Wolf And Man,"James Hetfield, Lars Ulrich and Kirk Hammett",0.99
1,Music,Off He Goes,Eddie Vedder,0.99
8,Music,Off He Goes,Eddie Vedder,0.99
1,Music,"Oh, My Love",,0.99
8,Music,"Oh, My Love",,0.99
8,Music,"Oi, La",,0.0
1,Music,"Oi, La",,0.0
1,Music,Old Love,"Eric Clapton, Robert Cray",0.99
8,Music,Old Love,"Eric Clapton, Robert Cray",0.99
1,Music,Old School Hollywood,"Dolmayan, John/Malakian, Daron/Odadjian, Shavo",0.0
8,Music,Old School Hollywood,"Dolmayan, John/Malakian, Daron/Odadjian, Shavo",0.0
8,Music,Olhos Coloridos (Com Sandra De Sá),,0.0
1,Music,Olhos Coloridos (Com Sandra De Sá),,0.0
1,Music,Olodum - Alegria Geral,,0.0
8,Music,Olodum - Alegria Geral,,0.0
1,Music,Olodum - Smile (Instrumental),,0.99
8,Music,Olodum - Smile (Instrumental),,0.99
1,Music,"Olodum, A Banda Do Pelô",,0.0
8,Music,"Olodum, A Banda Do Pelô",,0.0
1,Music,On A Plain,Kurt Cobain,0.99
8,Music,On A Plain,Kurt Cobain,0.99
8,Music,On Fire,"Edward Van Halen, Alex Van Halen, Michael Anthony and David Lee Roth",0.99
1,Music,On Fire,"Edward Van Halen, Alex Van Halen, Michael Anthony and David Lee Roth",0.99
8,Music,On Mercury,"Anthony Kiedis, Flea, John Frusciante, and Chad Smith",0.99
1,Music,On Mercury,"Anthony Kiedis, Flea, John Frusciante, and Chad Smith",0.99
1,Music,On The Mend,"Dave Grohl, Taylor Hawkins, Nate Mendel, Chris Shiflett/FOO FIGHTERS",0.0
8,Music,On The Mend,"Dave Grohl, Taylor Hawkins, Nate Mendel, Chris Shiflett/FOO FIGHTERS",0.0
1,Music,On The Run,"Gilmour, Waters",0.0
8,Music,On The Run,"Gilmour, Waters",0.0
8,Music,On the Beautiful Blue Danube,Johann Strauss II,0.0
1,Music,On the Beautiful Blue Danube,Johann Strauss II,0.0
8,Music,Once,Stone Gossard,0.0
1,Music,Once,Van Halen,0.0
8,Music,Once,Van Halen,0.0
1,Music,Once,Stone Gossard,0.0
1,Music,Onde Anda Você,,1.98
8,Music,Onde Anda Você,,1.98
8,Music,Onde Você Mora?,Marisa Monte/Nando Reis,0.99
1,Music,Onde Você Mora?,Marisa Monte/Nando Reis,0.99
8,Music,Onde Você Mora?,Marisa Monte/Nando Reis,0.99
1,Music,Onde Você Mora?,Marisa Monte/Nando Reis,0.99
1,Music,One,U2,0.99
8,Music,One,James Hetfield & Lars Ulrich,0.0
8,Music,One,U2,0.99
1,Music,One,James Hetfield & Lars Ulrich,0.0
1,Music,One For The Road,E. Schrody/L. Dimant/L. Muggerud,0.99
8,Music,One For The Road,E. Schrody/L. Dimant/L. Muggerud,0.99
8,Music,One I Want,Van Halen,0.99
1,Music,One I Want,Van Halen,0.99
1,Music,One Man's Meat,roger glover,0.99
8,Music,One Man's Meat,roger glover,0.99
8,Music,One Minute Warning,"Brian Eno, Bono, Adam Clayton, The Edge & Larry Mullen Jnr.",0.0
1,Music,One Minute Warning,"Brian Eno, Bono, Adam Clayton, The Edge & Larry Mullen Jnr.",0.0
8,Music,One Step Beyond,Karsh Kale,0.0
1,Music,One Step Beyond,Karsh Kale,0.0
1,Music,One Step Closer,"Adam Clayton, Bono, Larry Mullen & The Edge",0.99
8,Music,One Step Closer,"Adam Clayton, Bono, Larry Mullen & The Edge",0.99
1,Music,One Vision,Queen,0.0
8,Music,One Vision,Queen,0.0
1,Music,One and the Same,,0.0
8,Music,One and the Same,,0.0
1,Music,Onibusfobia,,0.99
8,Music,Onibusfobia,,0.99
1,Music,Only A Dream In Rio,Vários,0.99
8,Music,Only A Dream In Rio,Vários,0.99
8,Music,Only the Good Die Young,Bruce Dickinson; Harris,0.99
1,Music,Only the Good Die Young,Bruce Dickinson; Harris,0.99
8,Music,Opachorô (Live),,0.99
1,Music,Opachorô (Live),,0.99
8,Music,Oprah,,0.0
1,Music,Oprah,,0.0
1,Music,Opus No.1,,0.99
8,Music,Opus No.1,,0.99
8,Music,Orange Crush,Bill Berry-Peter Buck-Mike Mills-Michael Stipe,0.0
1,Music,Orange Crush,Bill Berry-Peter Buck-Mike Mills-Michael Stipe,0.0
1,Music,Oração,,0.0
8,Music,Oração,,0.0
8,Music,Original Fire,,0.0
1,Music,Original Fire,,0.0
8,Music,Original Of The Species,"Adam Clayton, Bono, Larry Mullen & The Edge",0.99
1,Music,Original Of The Species,"Adam Clayton, Bono, Larry Mullen & The Edge",0.99
1,Music,Orion,K.Hammett,0.99
8,Music,Orion,K.Hammett,0.99
1,Music,Os Alquimistas Estão Chegando,,0.99
8,Music,Os Alquimistas Estão Chegando,,0.99
8,Music,Os Cegos Do Castelo,Titãs,0.99
1,Music,Os Cegos Do Castelo,Titãs,0.99
1,Music,Os Exilados,Samuel Rosa,0.99
8,Music,Os Exilados,Samuel Rosa,0.99
8,Music,Otay,"John Scofield, Robert Aries, Milton Chambers and Gary Grainger",0.99
1,Music,Otay,"John Scofield, Robert Aries, Milton Chambers and Gary Grainger",0.99
1,Music,Otherside,Red Hot Chili Peppers,0.0
8,Music,Otherside,Red Hot Chili Peppers,0.0
8,Music,Out Of Control,Jagger/Richards,0.0
1,Music,Out Of Control,Jagger/Richards,0.0
8,Music,Out Of Exile,"Cornell, Commerford, Morello, Wilk",0.0
1,Music,Out Of Exile,"Cornell, Commerford, Morello, Wilk",0.0
1,Music,Out Of Sight,Ted Wright,0.99
8,Music,Out Of Sight,Ted Wright,0.99
8,Music,Out Of Tears,Jagger/Richards,0.99
1,Music,Out Of Tears,Jagger/Richards,0.99
8,Music,Out Of The Silent Planet,Bruce Dickinson/Janick Gers/Steve Harris,0.0
1,Music,Out Of The Silent Planet,Bruce Dickinson/Janick Gers/Steve Harris,0.0
1,Music,Out On The Tiles,"Jimmy Page, Robert Plant, John Bonham",0.99
8,Music,Out On The Tiles,"Jimmy Page, Robert Plant, John Bonham",0.99
1,Music,Out Ta Get Me,,0.99
8,Music,Out Ta Get Me,,0.99
1,Music,Out of the Shadows,,0.0
8,Music,Out of the Shadows,,0.0
1,Music,Outbreak,Jim Beard & Jon Herington,0.99
8,Music,Outbreak,Jim Beard & Jon Herington,0.99
1,Music,Outra Vez,,0.0
8,Music,Outra Vez,,0.0
1,Music,Outshined,Chris Cornell,0.99
8,Music,Outshined,Chris Cornell,0.99
1,Music,Over Again,Tim Maia,0.0
8,Music,Over Again,Tim Maia,0.0
1,Music,Over And Out,"Dave Grohl, Taylor Hawkins, Nate Mendel, Chris Shiflett/FOO FIGHTERS",0.99
8,Music,Over And Out,"Dave Grohl, Taylor Hawkins, Nate Mendel, Chris Shiflett/FOO FIGHTERS",0.99
8,Music,Over The Hills And Far Away,Jimmy Page/Jimmy Page & Robert Plant/Robert Plant,0.99
1,Music,Over The Hills And Far Away,Jimmy Page/Jimmy Page & Robert Plant/Robert Plant,0.99
8,Music,Overdose,AC/DC,1.98
1,Music,Overdose,AC/DC,1.98
1,Music,Overdrive,Foo Fighters,0.99
8,Music,Overdrive,Foo Fighters,0.99
1,Music,Overkill,,0.0
8,Music,Overkill,,0.0
1,Music,Overkill,Clarke/Kilmister/Tayler,0.0
8,Music,Overkill,Clarke/Kilmister/Tayler,0.0
1,Music,Overtime,,0.99
8,Music,Overtime,,0.99
8,Music,Ozone Baby,"Jimmy Page, Robert Plant",0.99
1,Music,Ozone Baby,"Jimmy Page, Robert Plant",0.99
1,Music,P.S.Apareça,,0.0
8,Music,P.S.Apareça,,0.0
1,Music,Padre Cícero,,0.99
8,Music,Padre Cícero,,0.99
8,Music,Paga Pau,,0.0
1,Music,Paga Pau,,0.0
1,Music,Pagan Baby,J.C. Fogerty,0.99
8,Music,Pagan Baby,J.C. Fogerty,0.99
8,Music,Paint It Black,Jagger/Richards,0.99
1,Music,Paint It Black,Keith Richards/Mick Jagger,0.99
8,Music,Paint It Black,Keith Richards/Mick Jagger,0.99
1,Music,Paint It Black,Jagger/Richards,0.99
8,Music,Pais E Filhos,Dado Villa-Lobos/Marcelo Bonfá,0.99
1,Music,Pais E Filhos,Dado Villa-Lobos/Marcelo Bonfá,0.99
8,Music,Paisagem Na Janela,"Lô Borges, Fernando Brant",0.99
1,Music,Paisagem Na Janela,"Lô Borges, Fernando Brant",0.99
1,Music,Palavras,Titãs,0.99
8,Music,Palavras,Titãs,0.99
1,Music,Palavras Ao Vento,,0.99
8,Music,Palavras Ao Vento,,0.99
8,Music,Palco,Gilberto Gil,0.99
1,Music,Palco,Gilberto Gil,0.99
8,Music,Palco (Live),,0.0
1,Music,Palco (Live),,0.0
8,Music,Palhas Do Coqueiro,Rodolfo,0.0
1,Music,Palhas Do Coqueiro,Rodolfo,0.0
1,Music,Panama,"Edward Van Halen, Alex Van Halen, David Lee Roth",0.99
8,Music,Panama,"Edward Van Halen, Alex Van Halen, David Lee Roth",0.99
8,Music,Panis Et Circenses,Caetano Veloso - Gilberto Gil,0.0
1,Music,Panis Et Circenses,Caetano Veloso e Gilberto Gil,0.99
8,Music,Panis Et Circenses,Caetano Veloso e Gilberto Gil,0.99
1,Music,Panis Et Circenses,Caetano Veloso - Gilberto Gil,0.0
1,Music,Papa's Got A Brand New Bag Pt.1,James Brown,0.99
8,Music,Papa's Got A Brand New Bag Pt.1,James Brown,0.99
8,Music,Papeau Nuky Doe,Rodolfo,0.99
1,Music,Papeau Nuky Doe,Rodolfo,0.99
8,Music,Papel Principal,Almir Guineto/Dedé Paraiso/Luverci Ernesto,0.0
1,Music,Papel Principal,Almir Guineto/Dedé Paraiso/Luverci Ernesto,0.0
8,Music,Papelão,João Suplicy,0.99
1,Music,Papelão,João Suplicy,0.99
8,Music,Para Lennon E McCartney,"Lô Borges, Márcio Borges, Fernando Brant",0.99
1,Music,Para Lennon E McCartney,"Lô Borges, Márcio Borges, Fernando Brant",0.99
8,Music,Parabolicamará,Gilberto Gil,0.99
1,Music,Parabolicamará,Gilberto Gil,0.99
8,Music,Parachutes,Stone Gossard,0.0
1,Music,Parachutes,Stone Gossard,0.0
1,Music,Paradise City,,0.99
8,Music,Paradise City,,0.99
1,Music,Parallel Universe,Red Hot Chili Peppers,0.99
8,Music,Parallel Universe,Red Hot Chili Peppers,0.99
1,Music,Paranoid,,0.0
8,Music,Paranoid,"A. F. Iommi, W. Ward, T. Butler, J. Osbourne",0.99
1,Music,Paranoid,"A. F. Iommi, W. Ward, T. Butler, J. Osbourne",0.99
8,Music,Paranoid,,0.0
8,Music,Paris On Mine,Jon Herington,0.0
1,Music,Paris On Mine,Jon Herington,0.0
1,Music,"Partita in E Major, BWV 1006A: I. Prelude",Johann Sebastian Bach,0.99
8,Music,"Partita in E Major, BWV 1006A: I. Prelude",Johann Sebastian Bach,0.99
8,Music,Paschendale,Adrian Smith/Steve Harris,0.0
1,Music,Paschendale,Adrian Smith/Steve Harris,0.0
8,Music,Paths Of Glory,Bill Gould/Jon Hudson/Mike Bordin/Mike Patton/Roddy Bottum,0.99
1,Music,Paths Of Glory,Bill Gould/Jon Hudson/Mike Bordin/Mike Patton/Roddy Bottum,0.99
1,Music,Pau-De-Arara,"""Guio De Morais E Seus """"Parentes""""/Luiz Gonzaga""",0.99
8,Music,Pau-De-Arara,"""Guio De Morais E Seus """"Parentes""""/Luiz Gonzaga""",0.99
8,Music,Paula E Bebeto,"Milton Nascimento, Caetano Veloso",0.0
1,Music,Paula E Bebeto,"Milton Nascimento, Caetano Veloso",0.0
8,Music,"Pavan, Lachrimae Antiquae",John Dowland,0.0
1,Music,"Pavan, Lachrimae Antiquae",John Dowland,0.0
8,Music,Payin' Them Dues Blues,,0.0
1,Music,Payin' Them Dues Blues,,0.0
1,Music,País Tropical,,0.0
8,Music,País Tropical,,0.0
1,Music,Peace On Earth,"Adam Clayton, Bono, Larry Mullen, The Edge",1.98
8,Music,Peace On Earth,"Adam Clayton, Bono, Larry Mullen, The Edge",1.98
8,Music,"Peer Gynt Suite No.1, Op.46: 1. Morning Mood",Edvard Grieg,0.99
1,Music,"Peer Gynt Suite No.1, Op.46: 1. Morning Mood",Edvard Grieg,0.99
8,Music,Pela Internet (Live),,0.99
1,Music,Pela Internet (Live),,0.99
1,Music,Pela Luz Dos Olhos Teus,,0.0
8,Music,Pela Luz Dos Olhos Teus,,0.0
8,Music,Pela Luz dos Olhos Teus (Miúcha e Tom Jobim),,1.98
1,Music,Pela Luz dos Olhos Teus (Miúcha e Tom Jobim),,1.98
8,Music,Pensamento,Bino Farias/Da Gamma/Lazão/Rás Bernard,0.99
1,Music,Pensamento,Bino Farias/Da Gamma/Lazão/Rás Bernard,0.99
1,Music,Pensamento,Bino/Da Gama/Ras Bernardo,0.0
8,Music,Pensamento,Bino/Da Gama/Ras Bernardo,0.0
1,Music,Pererê,Augusto Conceição/Chiclete Com Banana,0.0
8,Music,Pererê,Augusto Conceição/Chiclete Com Banana,0.0
1,Music,Perfect,Billy Corgan,0.0
8,Music,Perfect,Billy Corgan,0.0
1,Music,Perfect,Alanis Morissette & Glenn Ballard,0.0
8,Music,Perfect,Alanis Morissette & Glenn Ballard,0.0
1,Music,Perfect Circle,R.E.M.,0.99
8,Music,Perfect Circle,R.E.M.,0.99
1,Music,Perfect Crime,,1.98
8,Music,Perfect Crime,,1.98
8,Music,Perfect Strangers,"Richie Blackmore, Ian Gillian, Roger Glover",0.0
1,Music,Perfect Strangers,"Richie Blackmore, Ian Gillian, Roger Glover",0.0
8,Music,Perfeição,Dado Villa-Lobos/Marcelo Bonfá,0.0
1,Music,Perfeição,Dado Villa-Lobos/Marcelo Bonfá,0.0
1,Music,Perola Negra 2001,,0.0
8,Music,Perola Negra 2001,,0.0
8,Music,Perplexo,,0.99
1,Music,Perplexo,,0.99
8,Music,Persuasion,Carlos Santana,0.99
1,Music,Persuasion,Carlos Santana,0.99
8,Music,Pescador de Ilusões,Macelo Yuka/O Rappa,0.0
1,Music,Pescador de Ilusões,Macelo Yuka/O Rappa,0.0
8,Music,Petits Machins (Little Stuff),Miles Davis,0.0
1,Music,Petits Machins (Little Stuff),Miles Davis,0.0
1,Music,Phantom Lord,"James Hetfield, Lars Ulrich, Dave Mustaine",1.98
8,Music,Phantom Lord,"James Hetfield, Lars Ulrich, Dave Mustaine",1.98
1,Music,Phantom Of The Opera,Steve Harris,0.99
1,Music,Phantom Of The Opera,Steve Harris,0.0
8,Music,Phantom Of The Opera,Steve Harris,0.0
8,Music,Phantom Of The Opera,Steve Harris,0.99
1,Music,Phoney Smile Fake Hellos,,0.0
8,Music,Phoney Smile Fake Hellos,,0.0
1,Music,Photograph,,0.0
8,Music,Photograph,,0.0
1,Music,Pick Myself Up,,0.99
8,Music,Pick Myself Up,,0.99
1,Music,Pictures Of Home,Ian Gillan/Ian Paice/Jon Lord/Ritchie Blckmore/Roger Glover,0.99
8,Music,Pictures Of Home,Ian Gillan/Ian Paice/Jon Lord/Ritchie Blckmore/Roger Glover,0.99
1,Music,Pictures Of Lily,Pete Townshend,0.99
8,Music,Pictures Of Lily,Pete Townshend,0.99
8,Music,Piece Of Pie,R. DeLeo/Weiland,1.98
1,Music,Piece Of Pie,R. DeLeo/Weiland,1.98
8,Music,Pinball Wizard,John Entwistle/Pete Townshend,0.99
1,Music,Pinball Wizard,John Entwistle/Pete Townshend,0.99
8,Music,Pini Di Roma (Pinien Von Rom) \ I Pini Della Via Appia,,0.99
1,Music,Pini Di Roma (Pinien Von Rom) \ I Pini Della Via Appia,,0.99
1,Music,Plan B,"Dean Brown, Dennis Chambers & Jim Beard",0.0
8,Music,Plan B,"Dean Brown, Dennis Chambers & Jim Beard",0.0
8,Music,Planet Home,Jay Kay/Toby Smith,0.99
1,Music,Planet Home,Jay Kay/Toby Smith,0.99
8,Music,Plaster Caster,Gene Simmons,0.99
1,Music,Plaster Caster,Gene Simmons,1.98
8,Music,Plaster Caster,Gene Simmons,1.98
1,Music,Plaster Caster,Gene Simmons,0.99
1,Music,Play The Game,"Mercury, Freddie",0.0
8,Music,Play The Game,"Mercury, Freddie",0.0
8,Music,Play With Fire,Nanker Phelge,0.0
1,Music,Play With Fire,Nanker Phelge,0.0
1,Music,Playtime,,0.99
8,Music,Playtime,,0.99
1,Music,Please,"Bono, The Edge, Adam Clayton, and Larry Mullen",0.0
8,Music,Please,"Bono, The Edge, Adam Clayton, and Larry Mullen",0.0
1,Music,Please Don't Touch,Heath/Robinson,0.99
8,Music,Please Don't Touch,Heath/Robinson,0.99
8,Music,Please Mr. Postman,Brian Holland/Freddie Gorman/Georgia Dobbins/Robert Bateman/William Garrett,0.0
1,Music,Please Mr. Postman,Brian Holland/Freddie Gorman/Georgia Dobbins/Robert Bateman/William Garrett,0.0
8,Music,Please Please Please,James Brown/Johnny Terry,0.0
1,Music,Please Please Please,James Brown/Johnny Terry,0.0
8,Music,Please Read The Letter,"Jimmy Page, Robert Plant, Charlie Jones, Michael Lee",0.0
1,Music,Please Read The Letter,"Jimmy Page, Robert Plant, Charlie Jones, Michael Lee",0.0
1,Music,Plot 180,"Brian Eno, Bono, Adam Clayton, The Edge & Larry Mullen Jnr.",1.98
8,Music,Plot 180,"Brian Eno, Bono, Adam Clayton, The Edge & Larry Mullen Jnr.",1.98
8,Music,Plush,R. DeLeo/Weiland,0.99
1,Music,Plush,R. DeLeo/Weiland,0.99
1,Music,Poconé,Samuel Rosa,0.0
8,Music,Poconé,Samuel Rosa,0.0
8,Music,Pode Parar,Jorge Vercilo/Jota Maranhao,0.0
1,Music,Pode Parar,Jorge Vercilo/Jota Maranhao,0.0
8,Music,Podes Crer,Bino Farias/Da Gama/Lazão/Toni Garrido,0.99
1,Music,Podes Crer,Bino Farias/Da Gama/Lazão/Toni Garrido,0.99
8,Music,Podres Poderes,,0.99
1,Music,Podres Poderes,,0.99
8,Music,Poeira,,0.99
1,Music,Poeira,,0.99
1,Music,Poison Eye,Chris Cornell,0.0
8,Music,Poison Eye,Chris Cornell,0.0
1,Music,Polly,Kurt Cobain,0.99
8,Music,Polly,Kurt Cobain,0.99
8,Music,Polly,Kurt Cobain,0.99
1,Music,Polly,Kurt Cobain,0.99
1,Music,Polícia (Vinheta),Titãs,0.99
8,Music,Polícia (Vinheta),Titãs,0.99
1,Music,Ponta de Areia,"Milton Nascimento, Fernando Brant",0.99
8,Music,Ponta de Areia,"Milton Nascimento, Fernando Brant",0.99
1,Music,Ponto De Interrogação,,0.99
8,Music,Ponto De Interrogação,,0.99
1,Music,Poofter's Froth Wyoming Plans Ahead,Frank Zappa,0.0
8,Music,Poofter's Froth Wyoming Plans Ahead,Frank Zappa,0.0
8,Music,Poor Tom,Jimmy Page/Robert Plant,0.99
1,Music,Poor Tom,Jimmy Page/Robert Plant,0.99
8,Music,Poor Twisted Me,"James Hetfield, Lars Ulrich",0.99
1,Music,Poor Twisted Me,"James Hetfield, Lars Ulrich",0.99
1,Music,Pop Song 89,Bill Berry-Peter Buck-Mike Mills-Michael Stipe,0.0
8,Music,Pop Song 89,Bill Berry-Peter Buck-Mike Mills-Michael Stipe,0.0
8,Music,Poprocks And Coke,Billie Joe Armstrong -Words Green Day -Music,0.99
1,Music,Poprocks And Coke,Billie Joe Armstrong -Words Green Day -Music,0.99
8,Music,Por Causa De Você,,1.98
1,Music,Por Causa De Você,,1.98
1,Music,Por Merecer,João Suplicy,0.0
8,Music,Por Merecer,João Suplicy,0.0
8,Music,Por Que Será,,0.99
1,Music,Por Que Será,,0.99
1,Music,Por Você,Vários,0.0
8,Music,Por Você,Vários,0.0
8,Music,Porcelain,Anthony Kiedis/Chad Smith/Flea/John Frusciante,0.99
1,Music,Porcelain,Anthony Kiedis/Chad Smith/Flea/John Frusciante,0.99
1,Music,Porch,Eddie Vedder,0.99
8,Music,Porch,Eddie Vedder,0.99
8,Music,Portela,Flavio Bororo/Paulo Apparicio/Wagner Alves/Zeca Sereno,0.0
1,Music,Portela,Flavio Bororo/Paulo Apparicio/Wagner Alves/Zeca Sereno,0.0
8,Music,Portia,Miles Davis,0.0
1,Music,Portia,Miles Davis,0.0
1,Music,Posso Até Me Apaixonar,Dudu Nobre,0.0
8,Music,Posso Até Me Apaixonar,Dudu Nobre,0.0
8,Music,"Posso Perder Minha Mulher, Minha Mãe, Desde Que Eu Tenha O Rock And Roll",Arnaldo Baptista - Rita Lee - Arnolpho Lima Filho,0.99
1,Music,"Posso Perder Minha Mulher, Minha Mãe, Desde Que Eu Tenha O Rock And Roll",Arnaldo Baptista - Rita Lee - Arnolpho Lima Filho,0.99
8,Music,Pot-Pourri N.º 2,,0.99
1,Music,Pot-Pourri N.º 2,,0.99
1,Music,Pot-Pourri N.º 4,,0.99
8,Music,Pot-Pourri N.º 4,,0.99
8,Music,Pot-Pourri N.º 5,,0.99
1,Music,Pot-Pourri N.º 5,,0.99
1,Music,Poundcake,"Edward Van Halen, Alex Van Halen, Michael Anthony,/Edward Van Halen, Alex Van Halen, Michael Anthony, Sammy Hagar",0.0
8,Music,Poundcake,"Edward Van Halen, Alex Van Halen, Michael Anthony,/Edward Van Halen, Alex Van Halen, Michael Anthony, Sammy Hagar",0.0
1,Music,Pour Some Sugar On Me,,0.99
8,Music,Pour Some Sugar On Me,,0.99
1,Music,Power to the People,,0.0
8,Music,Power to the People,,0.0
1,Music,Powerslave,Dickinson,0.99
1,Music,Powerslave,,0.99
8,Music,Powerslave,Dickinson,0.99
8,Music,Powerslave,,0.99
8,Music,Praiera,,0.0
1,Music,Praiera,,0.0
8,Music,Praise,Marvin Gaye,0.99
1,Music,Praise,Marvin Gaye,0.99
1,Music,Prazer E Fé,,0.0
8,Music,Prazer E Fé,,0.0
8,Music,Preciso Apender a Viver Só (Maysa),,0.99
1,Music,Preciso Apender a Viver Só (Maysa),,0.99
8,Music,Preciso Aprender A Ser Só,,0.0
1,Music,Preciso Aprender A Ser Só,,0.0
8,Music,Preciso Ser Amado,,0.0
1,Music,Preciso Ser Amado,,0.0
8,Music,Prenda Minha,Tradicional,0.99
1,Music,Prenda Minha,Tradicional,0.99
8,Music,Pretinha,,0.0
1,Music,Pretinha,,0.0
1,Music,Preto Damião,Chico Amaral/Samuel Rosa,0.0
8,Music,Preto Damião,Chico Amaral/Samuel Rosa,0.0
8,Music,Pretty Baby,Willie Dixon,0.0
1,Music,Pretty Baby,Willie Dixon,0.0
1,Music,Pretty Noose,Chris Cornell,1.98
8,Music,Pretty Noose,Chris Cornell,1.98
1,Music,Pretty Persuasion,R.E.M.,0.99
8,Music,Pretty Persuasion,R.E.M.,0.99
8,Music,Pretty Tied Up,Izzy Stradlin',0.99
1,Music,Pretty Tied Up,Izzy Stradlin',0.99
8,Music,Pride (In The Name Of Love),"Bono/Clayton, Adam/Mullen Jr., Larry/The Edge",1.98
1,Music,Pride (In The Name Of Love),U2,0.0
8,Music,Pride (In The Name Of Love),U2,0.0
1,Music,Pride (In The Name Of Love),"Bono/Clayton, Adam/Mullen Jr., Larry/The Edge",1.98
8,Music,Primal Scream,Mick Mars/Nikki Sixx/Tommy Lee/Vince Neil,0.99
1,Music,Primal Scream,Mick Mars/Nikki Sixx/Tommy Lee/Vince Neil,0.99
1,Music,Primary,Van Halen,0.99
8,Music,Primary,Van Halen,0.99
8,Music,Primavera,Genival Cassiano/Silvio Rochael,0.99
1,Music,Primavera,Genival Cassiano/Silvio Rochael,0.99
1,Music,Primavera,KC Porter & JB Eckl,0.99
8,Music,Primavera,KC Porter & JB Eckl,0.99
8,Music,Prince Charming,"Hetfield, Ulrich",0.99
1,Music,Prince Charming,"Hetfield, Ulrich",0.99
8,Music,Princess of the Dawn,Deaffy & R.A. Smith-Diesel,0.99
1,Music,Princess of the Dawn,Deaffy & R.A. Smith-Diesel,0.99
8,Music,Principiando/Decolagem,,0.99
1,Music,Principiando/Decolagem,,0.99
1,Music,Pristina,Bill Gould/Mike Patton,0.99
8,Music,Pristina,Bill Gould/Mike Patton,0.99
1,Music,Problem Child,AC/DC,0.99
8,Music,Problem Child,AC/DC,0.99
8,Music,Prodigal Son,Steve Harris,0.0
1,Music,Prodigal Son,Steve Harris,0.0
8,Music,"Prometheus Overture, Op. 43",Ludwig van Beethoven,0.99
1,Music,"Prometheus Overture, Op. 43",Ludwig van Beethoven,0.99
1,Music,Promises,Clapton/F.eldman/Linn,1.98
8,Music,Promises,Clapton/F.eldman/Linn,1.98
8,Music,Prostituta,,0.0
1,Music,Prostituta,,0.0
8,Music,Protesto Do Olodum (Ao Vivo),,0.99
1,Music,Protesto Do Olodum (Ao Vivo),,0.99
1,Music,Proud Mary,J. C. Fogerty,0.99
8,Music,Proud Mary,J. C. Fogerty,0.99
1,Music,Prowler,Steve Harris,0.99
1,Music,Prowler,Steve Harris,0.99
8,Music,Prowler,Steve Harris,0.99
8,Music,Prowler,Steve Harris,0.99
1,Music,Prá Dizer Adeus,Titãs,0.99
8,Music,Prá Dizer Adeus,Titãs,0.99
1,Music,Pseudo Silk Kimono,"Kelly, Mosley, Rothery, Trewaves",0.99
8,Music,Pseudo Silk Kimono,"Kelly, Mosley, Rothery, Trewaves",0.99
1,Music,Psychopomp,The Tea Party,0.99
1,Music,Psychopomp,The Tea Party,0.0
8,Music,Psychopomp,The Tea Party,0.99
8,Music,Psychopomp,The Tea Party,0.0
1,Music,Public Enema Number One,Bruce Dickinson/David Murray,0.0
8,Music,Public Enema Number One,Bruce Dickinson/David Murray,0.0
1,Music,Pulse,The Tea Party,0.0
8,Music,Pulse,The Tea Party,0.0
1,Music,Pura Elegancia,João Suplicy,0.0
8,Music,Pura Elegancia,João Suplicy,0.0
1,Music,Purgatory,Steve Harris,0.99
8,Music,Purgatory,Steve Harris,0.99
1,Music,Purify,Bob Rock/James Hetfield/Kirk Hammett/Lars Ulrich,0.0
8,Music,Purify,Bob Rock/James Hetfield/Kirk Hammett/Lars Ulrich,0.0
1,Music,Purple Haze,Jimi Hendrix,0.0
8,Music,Purple Haze,Jimi Hendrix,0.0
8,Music,Purple Stain,Red Hot Chili Peppers,0.0
1,Music,Purple Stain,Red Hot Chili Peppers,0.0
1,Music,Pushin Forward Back,,0.0
8,Music,Pushin Forward Back,,0.0
1,Music,Put On Your Shit Kickers,E. Schrody/L. Muggerud,0.0
8,Music,Put On Your Shit Kickers,E. Schrody/L. Muggerud,0.0
8,Music,Put The Finger On You,"Angus Young, Malcolm Young, Brian Johnson",0.99
1,Music,Put The Finger On You,"Angus Young, Malcolm Young, Brian Johnson",0.99
1,Music,Put You Down,Jerry Cantrell,0.0
8,Music,Put You Down,Jerry Cantrell,0.0
8,Music,Put Your Head Out,E. Schrody/L. Freese/L. Muggerud,0.99
1,Music,Put Your Head Out,E. Schrody/L. Freese/L. Muggerud,0.99
8,Music,Put Your Lights On,E. Shrody,0.99
1,Music,Put Your Lights On,E. Shrody,0.99
1,Music,Puteiro Em João Pessoa,Rodolfo,0.99
8,Music,Puteiro Em João Pessoa,Rodolfo,0.99
8,Music,Pétala,,0.0
1,Music,Pétala,,0.0
8,Music,Quadrant,Billy Cobham,0.0
1,Music,Quadrant,Billy Cobham,0.0
1,Music,Qualquer Coisa,,0.0
8,Music,Qualquer Coisa,,0.0
1,Music,Quando Você Voltar,Renato Russo,0.99
8,Music,Quando Você Voltar,Renato Russo,0.99
8,Music,Quanta (Live),,0.99
1,Music,Quanta (Live),,0.99
8,Music,Quase Um Segundo,,0.99
1,Music,Quase Um Segundo,,0.99
1,Music,Que Luz É Essa,,1.98
8,Music,Que Luz É Essa,,1.98
8,Music,Que Maravilha,,0.0
1,Music,Que Maravilha,,0.0
8,Music,Que País É Este,Renato Russo,0.0
8,Music,Que País É Este,Renato Russo,0.0
1,Music,Que País É Este,Renato Russo,0.0
1,Music,Que País É Este,Renato Russo,0.0
1,Music,Queimando Tudo,,0.0
8,Music,Queimando Tudo,,0.0
1,Music,Queixa,,0.99
8,Music,Queixa,,0.99
8,Music,Quem Mata A Mulher Mata O Melhor,,0.99
1,Music,Quem Mata A Mulher Mata O Melhor,,0.99
1,Music,Quem Me Cobrou?,,0.0
8,Music,Quem Me Cobrou?,,0.0
1,Music,Querem Meu Sangue,Titãs,0.99
8,Music,Querem Meu Sangue,Titãs,0.99
1,Music,Quest For Fire,Steve Harris,0.0
8,Music,Quest For Fire,Steve Harris,0.0
1,Music,Question!,"Tankian, Serj",1.98
8,Music,Question!,"Tankian, Serj",1.98
8,Music,Qui Nem Jiló,Humberto Teixeira/Luiz Gonzaga,0.0
1,Music,Qui Nem Jiló,Humberto Teixeira/Luiz Gonzaga,0.0
8,Music,Quilombo Groove [Instrumental],Chico Science,0.0
1,Music,Quilombo Groove [Instrumental],Chico Science,0.0
8,Music,"Quintet for Horn, Violin, 2 Violas, and Cello in E Flat Major, K. 407/386c: III. Allegro",Wolfgang Amadeus Mozart,0.0
1,Music,"Quintet for Horn, Violin, 2 Violas, and Cello in E Flat Major, K. 407/386c: III. Allegro",Wolfgang Amadeus Mozart,0.0
8,Music,RV,,0.99
1,Music,RV,,0.99
1,Music,Radio Free Aurope,R.E.M.,0.99
8,Music,Radio Free Aurope,R.E.M.,0.99
1,Music,Radio GA GA,Roger Taylor,0.99
8,Music,Radio GA GA,Roger Taylor,0.99
1,Music,Radio Song,C. Cester/C. Muncey/N. Cester,0.99
8,Music,Radio Song,Bill Berry/Michael Stipe/Mike Mills/Peter Buck,0.99
1,Music,Radio Song,Bill Berry/Michael Stipe/Mike Mills/Peter Buck,0.99
8,Music,Radio Song,C. Cester/C. Muncey/N. Cester,0.99
8,Music,Radio/Video,"Dolmayan, John/Malakian, Daron/Odadjian, Shavo",0.99
1,Music,Radio/Video,"Dolmayan, John/Malakian, Daron/Odadjian, Shavo",0.99
8,Music,Rag Doll,"Steven Tyler, Joe Perry, Jim Vallance, Holly Knight",0.99
1,Music,Rag Doll,"Steven Tyler, Joe Perry, Jim Vallance, Holly Knight",0.99
1,Music,Rain,,0.0
8,Music,Rain,,0.0
1,Music,Rain Song,Robert Plant,0.0
8,Music,Rain Song,Robert Plant,0.0
1,Music,Rainmaker,Bruce Dickinson/David Murray/Steve Harris,0.0
8,Music,Rainmaker,Bruce Dickinson/David Murray/Steve Harris,0.0
1,Music,Ram It Down,,0.99
8,Music,Ram It Down,,0.99
8,Music,Ramble On,"Jimmy Page, Robert Plant",1.98
1,Music,Ramble On,"Jimmy Page, Robert Plant",1.98
8,Music,Ramshackle Man,roger glover,0.99
1,Music,Ramshackle Man,roger glover,0.99
8,Music,Rapidamente,,0.0
1,Music,Rapidamente,,0.0
1,Music,Rappers Reais,,1.98
8,Music,Rappers Reais,,1.98
8,Music,Rasul,Jeremy Wall,0.99
1,Music,Rasul,Jeremy Wall,0.99
1,Music,Rats,Dave Abbruzzese/Eddie Vedder/Jeff Ament/Mike McCready/Stone Gossard,0.0
8,Music,Rats,Dave Abbruzzese/Eddie Vedder/Jeff Ament/Mike McCready/Stone Gossard,0.0
1,Music,Razor,"Dave Grohl, Taylor Hawkins, Nate Mendel, Chris Shiflett/FOO FIGHTERS",0.99
8,Music,Razor,"Dave Grohl, Taylor Hawkins, Nate Mendel, Chris Shiflett/FOO FIGHTERS",0.99
1,Music,Re-Align,Sully Erna,1.98
8,Music,Re-Align,Sully Erna,1.98
1,Music,Reach Down,,0.0
8,Music,Reach Down,,0.0
8,Music,Real Love,,0.0
1,Music,Real Love,Billy Corgan,1.98
1,Music,Real Love,,0.0
8,Music,Real Love,Billy Corgan,1.98
1,Music,Real Thing,"Jerry Cantrell, Layne Staley",0.99
8,Music,Real Thing,"Jerry Cantrell, Layne Staley",0.99
8,Music,Realce,Gilberto Gil,0.99
1,Music,Realce,Gilberto Gil,0.99
8,Music,Realidade Virtual,Bino Farias/Da Gama/Lazão/Toni Garrido,0.0
8,Music,Realidade Virtual,Bino/Da Gamma/Lazao/Toni Garrido,0.0
1,Music,Realidade Virtual,Bino/Da Gamma/Lazao/Toni Garrido,0.0
1,Music,Realidade Virtual,Bino Farias/Da Gama/Lazão/Toni Garrido,0.0
8,Music,Realword,Roy Z,0.99
1,Music,Realword,Roy Z,0.99
1,Music,Rearviewmirror,Dave Abbruzzese/Eddie Vedder/Jeff Ament/Mike McCready/Stone Gossard,0.0
8,Music,Rearviewmirror,Dave Abbruzzese/Eddie Vedder/Jeff Ament/Mike McCready/Stone Gossard,0.0
8,Music,Rebelião,Chico Amaral/Samuel Rosa,0.0
1,Music,Rebelião,Chico Amaral/Samuel Rosa,0.0
8,Music,Reboladeira,Cal Adan/Ferrugem/Julinho Carioca/Tríona Ní Dhomhnaill,0.0
1,Music,Reboladeira,Cal Adan/Ferrugem/Julinho Carioca/Tríona Ní Dhomhnaill,0.0
8,Music,Red House,Jimi Hendrix,0.99
1,Music,Red House,Jimi Hendrix,0.99
8,Music,Red Light,U2,1.98
1,Music,Red Light,U2,1.98
1,Music,Red Mosquito,Jeff Ament & Stone Gossard & Jack Irons & Mike McCready & Eddie Vedder,0.0
8,Music,Red Mosquito,Jeff Ament & Stone Gossard & Jack Irons & Mike McCready & Eddie Vedder,0.0
8,Music,Redundant,Billie Joe Armstrong -Words Green Day -Music,0.99
1,Music,Redundant,Billie Joe Armstrong -Words Green Day -Music,0.99
8,Music,Refavela (Live),,0.99
1,Music,Refavela (Live),,0.99
1,Music,Refazenda,Gilberto Gil,0.99
8,Music,Refazenda,Gilberto Gil,0.99
8,Music,Reggae Music,,0.0
1,Music,Reggae Music,,0.0
1,Music,Reggae Odoyá,,0.99
8,Music,Reggae Odoyá,,0.99
8,Music,Reggae Tchan,"Cal Adan/Del Rey, Tension/Edu Casanova",0.99
1,Music,Reggae Tchan,"Cal Adan/Del Rey, Tension/Edu Casanova",0.99
1,Music,Rehab,,1.98
8,Music,Rehab,,1.98
1,Music,Rehab (Hot Chip Remix),,0.99
8,Music,Rehab (Hot Chip Remix),,0.99
8,Music,Release,The Tea Party,0.99
1,Music,Release,The Tea Party,0.99
1,Music,Release,The Tea Party,1.98
1,Music,Release,Jeff Ament/Mike McCready/Stone Gossard,0.0
8,Music,Release,The Tea Party,1.98
8,Music,Release,Jeff Ament/Mike McCready/Stone Gossard,0.0
1,Music,Releasing The Demons,Sully Erna,0.0
8,Music,Releasing The Demons,Sully Erna,0.0
1,Music,Relvelation (Mother Earth),"O. Osbourne, R. Daisley, R. Rhoads",0.99
8,Music,Relvelation (Mother Earth),"O. Osbourne, R. Daisley, R. Rhoads",0.99
8,Music,Remedy,Chris Robinson/Rich Robinson,0.99
1,Music,Remedy,Chris Robinson/Rich Robinson,0.99
1,Music,Remember,Jimi Hendrix,0.0
8,Music,Remember,Jimi Hendrix,0.0
1,Music,Remember Tomorrow,Paul Di'Anno/Steve Harris,0.0
8,Music,Remember Tomorrow,Paul Di'Anno/Steve Harris,0.0
1,Music,Remember Tomorrow,Paul Di'Anno/Steve Harris,0.0
8,Music,Remember Tomorrow,Paul Di'Anno/Steve Harris,0.0
1,Music,Remote Control,Joe Strummer/Mick Jones,0.0
8,Music,Remote Control,Joe Strummer/Mick Jones,0.0
1,Music,Requebra,,0.0
8,Music,Requebra,,0.0
8,Music,"Requiem, Op.48: 4. Pie Jesu",Gabriel Fauré,0.99
1,Music,"Requiem, Op.48: 4. Pie Jesu",Gabriel Fauré,0.99
8,Music,Resolve,"Dave Grohl, Taylor Hawkins, Nate Mendel, Chris Shiflett",0.0
1,Music,Resolve,"Dave Grohl, Taylor Hawkins, Nate Mendel, Chris Shiflett",0.0
8,Music,Respectable,Jagger/Richards,0.99
1,Music,Respectable,Jagger/Richards,0.99
1,Music,Restless and Wild,"F. Baltes, R.A. Smith-Diesel, S. Kaufman, U. Dirkscneider & W. Hoffman",0.99
8,Music,Restless and Wild,"F. Baltes, R.A. Smith-Diesel, S. Kaufman, U. Dirkscneider & W. Hoffman",0.99
8,Music,Resurrection Joe,,0.0
1,Music,Resurrection Joe,,0.0
1,Music,Revelations,Dickinson,0.0
8,Music,Revelations,,0.0
1,Music,Revelations,Bruce Dickinson,0.0
1,Music,Revelations,,0.0
8,Music,Revelations,Dickinson,0.0
8,Music,Revelations,Bruce Dickinson,0.0
1,Music,Revenga,"Tankian, Serj",0.99
8,Music,Revenga,"Tankian, Serj",0.99
8,Music,Revolta Olodum,,1.98
1,Music,Revolta Olodum,,1.98
1,Music,Revolution,,0.0
8,Music,Revolution,,0.0
1,Music,Revolution 1993,"Smith, Toby",0.0
8,Music,Revolution 1993,"Smith, Toby",0.0
8,Music,Rhinocerous,Billy Corgan,0.99
1,Music,Rhinocerous,Billy Corgan,0.99
1,Music,Rhythm of Love,,0.0
8,Music,Rhythm of Love,,0.0
8,Music,Ricochet,"Mike Bordin, Billy Gould, Mike Patton",0.0
1,Music,Ricochet,"Mike Bordin, Billy Gould, Mike Patton",0.0
8,Music,Ride The Lightning,Metallica,0.99
1,Music,Ride The Lightning,Metallica,0.99
1,Music,Right Next Door to Hell,,0.99
8,Music,Right Next Door to Hell,,0.99
1,Music,Right Now,Van Halen,0.99
8,Music,Right Now,Van Halen,0.99
1,Music,Right On Time,Red Hot Chili Peppers,1.98
8,Music,Right On Time,Red Hot Chili Peppers,1.98
1,Music,Right Through You,Alanis Morissette & Glenn Ballard,0.99
8,Music,Right Through You,Alanis Morissette & Glenn Ballard,0.99
8,Music,Rime Of The Ancient Mariner,,0.0
1,Music,Rime Of The Ancient Mariner,,0.0
8,Music,Rime of the Ancient Mariner,Harris,0.99
1,Music,Rime of the Ancient Mariner,Harris,0.99
1,Music,Rindo À Toa,,0.0
8,Music,Rindo À Toa,,0.0
8,Music,Rios Pontes & Overdrives,,0.99
1,Music,Rios Pontes & Overdrives,,0.99
8,Music,Rise,Billy Duffy/Ian Astbury,0.0
1,Music,Rise,Billy Duffy/Ian Astbury,0.0
1,Music,Risoflora,,0.0
8,Music,Risoflora,,0.0
8,Music,Rita Lee,Arnaldo Baptista/Rita Lee/Sérgio Dias,0.99
1,Music,Rita Lee,Arnaldo Baptista/Rita Lee/Sérgio Dias,0.99
1,Music,River Song,David Coverdale,0.99
8,Music,River Song,David Coverdale,0.99
8,Music,Riviera Paradise,Stevie Ray Vaughan,0.99
1,Music,Riviera Paradise,Stevie Ray Vaughan,0.99
8,Music,Ro-Que-Se-Da-Ne,,0.99
1,Music,Ro-Que-Se-Da-Ne,,0.99
8,Music,Road Trippin',Red Hot Chili Peppers,0.99
1,Music,Road Trippin',Red Hot Chili Peppers,0.99
1,Music,Roadrunner,Bo Diddley,0.0
8,Music,Roadrunner,Bo Diddley,0.0
1,Music,Rock & Roll,"Jimmy Page, Robert Plant, John Paul Jones, John Bonham",0.99
8,Music,Rock & Roll,John Bonham/John Paul Jones/Robert Plant,0.99
8,Music,Rock & Roll,"Jimmy Page, Robert Plant, John Paul Jones, John Bonham",0.99
1,Music,Rock & Roll,John Bonham/John Paul Jones/Robert Plant,0.99
8,Music,Rock 'N' Roll Music,Chuck Berry,0.99
1,Music,Rock 'N' Roll Music,Chuck Berry,0.99
1,Music,Rock And Roll All Nite,"Paul Stanley, Gene Simmons",0.0
8,Music,Rock And Roll All Nite,"Paul Stanley, Gene Simmons",1.98
8,Music,Rock And Roll All Nite,"Paul Stanley, Gene Simmons",0.0
1,Music,Rock And Roll All Nite,"Paul Stanley, Gene Simmons",1.98
8,Music,Rock And Roll Is Dead,Lenny Kravitz,0.99
1,Music,Rock And Roll Is Dead,Lenny Kravitz,0.99
1,Music,Rock Bottom,"Paul Stanley, Ace Frehley",0.0
8,Music,Rock Bottom,"Paul Stanley, Ace Frehley",0.0
1,Music,Rock Das Aranhas (Ao Vivo) (Live),,0.99
8,Music,Rock Das Aranhas (Ao Vivo) (Live),,0.99
8,Music,Rock Me,,0.0
1,Music,Rock Me,,0.0
8,Music,Rock Of Ages,,0.99
1,Music,Rock Of Ages,,0.99
1,Music,Rock On,David Cook,0.99
8,Music,Rock On,David Cook,0.99
8,Music,Rock The Casbah,The Clash,0.99
1,Music,Rock The Casbah,The Clash,0.99
1,Music,Rock You Like a Hurricane,,0.0
8,Music,Rock You Like a Hurricane,,0.0
1,Music,Rocket,,0.0
8,Music,Rocket,,0.0
8,Music,Rocket Queen,,1.98
1,Music,Rocket Queen,,1.98
8,Music,Roll Call,Jim Beard,0.0
1,Music,Roll Call,Jim Beard,0.0
8,Music,Rollin' And Tumblin',McKinley Morgenfield (Muddy Waters),0.0
1,Music,Rollin' And Tumblin',McKinley Morgenfield (Muddy Waters),0.0
1,Music,Rollover D.J.,C. Cester/N. Cester,0.99
8,Music,Rollover D.J.,C. Cester/N. Cester,0.99
1,Music,Romance Ideal,,1.98
8,Music,Romance Ideal,,1.98
1,Music,Romaria,,0.99
8,Music,Romaria,,0.99
8,Music,Romaria (Renato Teixeira),,0.99
1,Music,Romaria (Renato Teixeira),,0.99
1,Music,Romeo et Juliette: No. 11 - Danse des Chevaliers,,0.99
8,Music,Romeo et Juliette: No. 11 - Danse des Chevaliers,,0.99
8,Music,Ronnie,"James Hetfield, Lars Ulrich",0.0
1,Music,Ronnie,"James Hetfield, Lars Ulrich",0.0
8,Music,Rosa's Cantina,"Ian Gillan, Roger Glover, Jon Lord, Steve Morse, Ian Paice",0.0
1,Music,Rosa's Cantina,"Ian Gillan, Roger Glover, Jon Lord, Steve Morse, Ian Paice",0.0
8,Music,Rosas De Ouro 2001,,0.0
1,Music,Rosas De Ouro 2001,,0.0
1,Music,Roxanne,G M Sumner,0.99
8,Music,Roxanne,G M Sumner,0.99
1,Music,Royal Orleans,John Bonham/John Paul Jones,0.0
8,Music,Royal Orleans,John Bonham/John Paul Jones,0.0
1,Music,Rubens,,0.0
8,Music,Rubens,,0.0
8,Music,Ruby Tuesday,Jagger/Richards,0.0
1,Music,Ruby Tuesday,Jagger/Richards,0.0
1,Music,Rugas,Augusto Garcez/Nelson Cavaquinho,0.0
8,Music,Rugas,Augusto Garcez/Nelson Cavaquinho,0.0
1,Music,Run Silent Run Deep,Bruce Dickinson/Steve Harris,1.98
8,Music,Run Silent Run Deep,Bruce Dickinson/Steve Harris,1.98
1,Music,Run Through The Jungle,J. C. Fogerty,0.99
8,Music,Run Through The Jungle,J. C. Fogerty,0.99
1,Music,Run To The Hills,,0.0
8,Music,Run To The Hills,,0.0
8,Music,Run To The Hills,Steve Harris,0.99
8,Music,Run To The Hills,Harris,0.99
1,Music,Run To The Hills,Harris,0.99
1,Music,Run To The Hills,Steve Harris,0.99
1,Music,Run To The Hilss,Steve Harris,0.99
8,Music,Run To The Hilss,Steve Harris,0.99
8,Music,Run to the Hills,Steve Harris,0.99
1,Music,Run to the Hills,Steve Harris,0.99
1,Music,Runnin' With The Devil,"Edward Van Halen, Alex Van Halen, Michael Anthony and David Lee Roth",0.0
1,Music,Runnin' With The Devil,"Edward Van Halen, Alex Van Halen, David Lee Roth, Michael Anthony",0.0
8,Music,Runnin' With The Devil,"Edward Van Halen, Alex Van Halen, Michael Anthony and David Lee Roth",0.0
8,Music,Runnin' With The Devil,"Edward Van Halen, Alex Van Halen, David Lee Roth, Michael Anthony",0.0
1,Music,Running Free,Paul Di'Anno/Steve Harris,0.0
1,Music,Running Free,,0.0
8,Music,Running Free,,0.0
8,Music,Running Free,Paul Di'Anno/Steve Harris,0.0
1,Music,Running Free,Harris/Di Anno,0.99
8,Music,Running Free,Harris/Di Anno,0.99
1,Music,Running Free,Paul Di'Anno/Steve Harris,0.0
8,Music,Running Free,Paul Di'Anno/Steve Harris,0.0
8,Music,Running On Faith,Jerry Lynn Williams,0.0
1,Music,Running On Faith,Jerry Lynn Williams,0.0
1,Music,Rusty Cage,Chris Cornell,0.99
8,Music,Rusty Cage,Chris Cornell,0.99
1,Music,Réu Confesso,Tim Maia,0.99
8,Music,Réu Confesso,Tim Maia,0.99
8,Music,"SCRIABIN: Prelude in B Major, Op. 11, No. 11",,0.0
1,Music,"SCRIABIN: Prelude in B Major, Op. 11, No. 11",,0.0
8,Music,SKA,,0.99
1,Music,SKA,,0.99
8,Music,"Sabbath, Bloody Sabbath",,0.99
1,Music,"Sabbath, Bloody Sabbath",,0.99
1,Music,Sabbra Cadabra,Black Sabbath,0.0
8,Music,Sabbra Cadabra,Black Sabbath,0.0
8,Music,Saber Amar,Herbert Vianna,1.98
1,Music,Saber Amar,Herbert Vianna,1.98
8,Music,Sad But True,Ulrich,0.0
8,Music,Sad But True,Apocalyptica,0.0
1,Music,Sad But True,Apocalyptica,0.0
1,Music,Sad But True,Ulrich,0.0
8,Music,Sad Statue,"Tankian, Serj",0.99
1,Music,Sad Statue,"Tankian, Serj",0.99
8,Music,Safe and Sound,Chris Cornell,0.99
1,Music,Safe and Sound,Chris Cornell,0.99
8,Music,Saint Of Me,Jagger/Richards,0.99
1,Music,Saint Of Me,Jagger/Richards,0.99
1,Music,Salgueiro,"Augusto/Craig Negoescu/Rocco Filho/Saara, Ze Carlos Da",0.0
8,Music,Salgueiro,"Augusto/Craig Negoescu/Rocco Filho/Saara, Ze Carlos Da",0.0
8,Music,Salustiano Song,,0.0
1,Music,Salustiano Song,,0.0
1,Music,Salutations,E. Schrody/L. Dimant,0.99
8,Music,Salutations,E. Schrody/L. Dimant,0.99
8,Music,Salve Nossa Senhora,Carlos Imperial/Edardo Araújo,0.99
1,Music,Salve Nossa Senhora,Carlos Imperial/Edardo Araújo,0.99
8,Music,Salve Simpatia,,0.99
1,Music,Salve Simpatia,,0.99
1,Music,Sam With The Showing Scalp Flat Top,Don Van Vliet,0.99
8,Music,Sam With The Showing Scalp Flat Top,Don Van Vliet,0.99
1,Music,Samba Da Bênção,,0.0
8,Music,Samba Da Bênção,,0.0
8,Music,Samba Da Volta,,0.99
1,Music,Samba Da Volta,,0.99
1,Music,Samba De Orly,,1.98
8,Music,Samba De Orly,,1.98
8,Music,Samba De Uma Nota Só (One Note Samba),,0.0
1,Music,Samba De Uma Nota Só (One Note Samba),,0.0
1,Music,Samba Do Jato,,0.99
8,Music,Samba Do Jato,,0.99
8,Music,Samba Do Lado,Chico Science,1.98
1,Music,Samba Do Lado,Chico Science,1.98
1,Music,Samba Em Prelúdio,,0.99
8,Music,Samba Em Prelúdio,,0.99
8,Music,Samba Makossa,,0.99
1,Music,Samba Makossa,,0.99
8,Music,Samba Pra Endrigo,,0.99
1,Music,Samba Pra Endrigo,,0.99
8,Music,Samba da Bençaco,Baden Powell/Vinicius de Moraes,0.99
1,Music,Samba da Bençaco,Baden Powell/Vinicius de Moraes,0.99
1,Music,Samba pras moças,Grazielle/Roque Ferreira,0.99
8,Music,Samba pras moças,Grazielle/Roque Ferreira,0.99
8,Music,Sambassim (dj patife remix),Alba Carvalho/Fernando Porto,0.0
1,Music,Sambassim (dj patife remix),Alba Carvalho/Fernando Porto,0.0
1,Music,Same Ol' Situation,Mick Mars/Nikki Sixx/Tommy Lee/Vince Neil,0.99
8,Music,Same Ol' Situation,Mick Mars/Nikki Sixx/Tommy Lee/Vince Neil,0.99
1,Music,Samidarish [Instrumental],Chico Science,0.0
8,Music,Samidarish [Instrumental],Chico Science,0.0
1,Music,Sampa,,0.0
8,Music,Sampa,,0.0
1,Music,Sampa,Gilberto Gil,0.99
8,Music,Sampa,Gilberto Gil,0.99
1,Music,Samurai,Djavan,0.0
8,Music,Samurai,Djavan,0.0
1,Music,San Francisco Bay Blues,Jesse Fuller,0.99
8,Music,San Francisco Bay Blues,Jesse Fuller,0.99
1,Music,Sanctuary,David Murray/Paul Di'Anno/Steve Harris,0.0
1,Music,Sanctuary,David Murray/Paul Di'Anno/Steve Harris,0.99
1,Music,Sanctuary,David Murray/Paul Di'Anno/Steve Harris,0.99
8,Music,Sanctuary,David Murray/Paul Di'Anno/Steve Harris,0.99
8,Music,Sanctuary,David Murray/Paul Di'Anno/Steve Harris,0.0
1,Music,Sanctuary,,0.99
8,Music,Sanctuary,David Murray/Paul Di'Anno/Steve Harris,0.99
8,Music,Sanctuary,,0.99
1,Music,Sangrando,Gonzaga Jr/Gonzaguinha,0.0
8,Music,Sangrando,Gonzaga Jr/Gonzaguinha,0.0
8,Music,Sangue De Bairro,Chico Science,0.99
1,Music,Sangue De Bairro,Chico Science,0.99
1,Music,Sangue Latino,,1.98
8,Music,Sangue Latino,,1.98
1,Music,Santa Clara Clareou,,0.99
8,Music,Santa Clara Clareou,,0.99
1,Music,Santana Jam,Carlos Santana,0.99
8,Music,Santana Jam,Carlos Santana,0.99
1,Music,Santo Antonio,Vários,0.99
8,Music,Santo Antonio,Vários,0.99
8,Music,Sao Lucas 2001,,0.0
1,Music,Sao Lucas 2001,,0.0
8,Music,Sapato 36,,0.99
1,Music,Sapato 36,,0.99
1,Music,Sapopemba e Maxambomba,Nei Lopes/Wilson Moreira,0.99
8,Music,Sapopemba e Maxambomba,Nei Lopes/Wilson Moreira,0.99
1,Music,Satch Boogie,,0.99
8,Music,Satch Boogie,,0.99
8,Music,Satisfaction,Jagger/Richards,0.0
1,Music,Satisfaction,Jagger/Richards,0.0
1,Music,Satisfação,,0.99
8,Music,Satisfação,,0.99
8,Music,Saturnine,Billy Corgan,1.98
1,Music,Saturnine,Billy Corgan,1.98
1,Music,Saudade Dos Aviões Da Panair (Conversando No Bar),"Milton Nascimento, Fernando Brant",0.99
8,Music,Saudade Dos Aviões Da Panair (Conversando No Bar),"Milton Nascimento, Fernando Brant",0.99
8,Music,Saudade Louca,Acyr Marques/Arlindo Cruz/Franco,0.0
1,Music,Saudade Louca,Acyr Marques/Arlindo Cruz/Franco,0.0
1,Music,Saudosa Maloca,,0.99
8,Music,Saudosa Maloca,,0.99
8,Music,Saudosismo,Caetano Veloso,0.99
1,Music,Saudosismo,Caetano Veloso,0.99
8,Music,Save Me,"May, Brian",0.99
1,Music,Save Me,"May, Brian",0.99
1,Music,Save Me (Remix),The Tea Party,0.0
8,Music,Save Me (Remix),The Tea Party,0.0
1,Music,Save The Children,Al Cleveland/Marvin Gaye/Renaldo Benson,1.98
8,Music,Save The Children,Al Cleveland/Marvin Gaye/Renaldo Benson,1.98
1,Music,Save You,Eddie Vedder/Jeff Ament/Matt Cameron/Mike McCready/Stone Gossard,0.0
8,Music,Save You,Eddie Vedder/Jeff Ament/Matt Cameron/Mike McCready/Stone Gossard,0.0
8,Music,Savior,Anthony Kiedis/Chad Smith/Flea/John Frusciante,0.0
1,Music,Savior,Anthony Kiedis/Chad Smith/Flea/John Frusciante,0.0
1,Music,Say Hello 2 Heaven,,0.99
8,Music,Say Hello 2 Heaven,,0.99
1,Music,"Say It Loud, I'm Black And I'm Proud Pt.1",Alfred Ellis/James Brown,0.99
8,Music,"Say It Loud, I'm Black And I'm Proud Pt.1",Alfred Ellis/James Brown,0.99
8,Music,Scam,Stuart Zender,0.0
1,Music,Scam,Stuart Zender,0.0
8,Music,Scar On the Sky,Chris Cornell,0.99
1,Music,Scar On the Sky,Chris Cornell,0.99
8,Music,Scar Tissue,Red Hot Chili Peppers,0.0
1,Music,Scar Tissue,Red Hot Chili Peppers,0.0
8,Music,Scentless Apprentice,Nirvana,0.99
1,Music,Scentless Apprentice,Nirvana,0.99
8,Music,"Scheherazade, Op. 35: I. The Sea and Sindbad's Ship",Nikolai Rimsky-Korsakov,1.98
1,Music,"Scheherazade, Op. 35: I. The Sea and Sindbad's Ship",Nikolai Rimsky-Korsakov,1.98
8,Music,School,Kurt Cobain,0.0
1,Music,School,Kurt Cobain,0.0
1,Music,Scratch-N-Sniff,Doyle Bramhall/Stevie Ray Vaughan,0.99
8,Music,Scratch-N-Sniff,Doyle Bramhall/Stevie Ray Vaughan,0.99
8,Music,Se Liga,,0.99
1,Music,Se Liga,,0.99
1,Music,Se Todos Fossem Iguais A Você (Instrumental),,0.0
8,Music,Se Todos Fossem Iguais A Você (Instrumental),,0.0
8,Music,Se Você Pensa,,0.0
1,Music,Se Você Pensa,,0.0
1,Music,Se...,,0.99
8,Music,Se...,,0.99
1,Music,Sea Of Sorrow,Jerry Cantrell,0.99
8,Music,Sea Of Sorrow,Jerry Cantrell,0.99
1,Music,Sea of Madness,Adrian Smith,0.99
8,Music,Sea of Madness,Adrian Smith,0.99
1,Music,Seconds,U2,0.99
8,Music,Seconds,U2,0.99
8,Music,Secrets,Alex Van Halen/David Lee Roth/Edward Van Halen/Michael Anthony,0.99
1,Music,Secrets,Alex Van Halen/David Lee Roth/Edward Van Halen/Michael Anthony,0.99
8,Music,Seduzir,Djavan,0.0
1,Music,Seduzir,Djavan,0.0
1,Music,See You,"Dave, Taylor, Nate, Chris",0.99
8,Music,See You,"Dave, Taylor, Nate, Chris",0.99
8,Music,See You Tonight,Gene Simmons,0.0
1,Music,See You Tonight,Gene Simmons,0.0
8,Music,Seek & Destroy,"James Hetfield, Lars Ulrich",0.99
1,Music,Seek & Destroy,"James Hetfield, Lars Ulrich",0.99
1,Music,Seek And You Shall Find,"""Ivy Hunter/William """"Mickey"""" Stevenson""",0.99
8,Music,Seek And You Shall Find,"""Ivy Hunter/William """"Mickey"""" Stevenson""",0.99
8,Music,Segue O Seco,Caetano Veloso e Gilberto Gil,0.99
1,Music,Segue O Seco,Caetano Veloso e Gilberto Gil,0.99
8,Music,Seis Da Tarde,,0.99
1,Music,Seis Da Tarde,,0.99
8,Music,Selassiê,,0.0
1,Music,Selassiê,,0.0
8,Music,Selvagem,,0.99
1,Music,Selvagem,Bi Ribeiro/Herbert Vianna/João Barone,1.98
8,Music,Selvagem,Bi Ribeiro/Herbert Vianna/João Barone,1.98
1,Music,Selvagem,,0.99
8,Music,Sem Essa de Malandro Agulha,Aldir Blanc/Jayme Vignoli,0.99
1,Music,Sem Essa de Malandro Agulha,Aldir Blanc/Jayme Vignoli,0.99
8,Music,Sem Sentido,,0.99
1,Music,Sem Sentido,,0.99
8,Music,Sem Terra,Samuel Rosa,0.0
1,Music,Sem Terra,Samuel Rosa,0.0
1,Music,Send Me an Angel,,0.0
8,Music,Send Me an Angel,,0.0
8,Music,Senhor Delegado/Eu Não Aguento,Antonio Lopes,0.0
1,Music,Senhor Delegado/Eu Não Aguento,Antonio Lopes,0.0
1,Music,Senhora E Senhor,Arnaldo Anutnes/Marcelo Fromer/Paulo Miklos,0.0
8,Music,Senhora E Senhor,Arnaldo Anutnes/Marcelo Fromer/Paulo Miklos,0.0
8,Music,Senta A Pua,,0.0
1,Music,Senta A Pua,,0.0
8,Music,Sereia,,0.99
1,Music,Sereia,,0.99
1,Music,Serenity,Sully Erna; Tony Rombola,0.0
8,Music,Serenity,Sully Erna; Tony Rombola,0.0
8,Music,Serrado,Djavan,0.0
1,Music,Serrado,Djavan,0.0
1,Music,Será,Dado Villa-Lobos/Marcelo Bonfá,0.99
8,Music,Será,Dado Villa-Lobos/Marcelo Bonfá,0.99
8,Music,Será Que Vai Chover?,,0.99
1,Music,Será Que Vai Chover?,,0.99
8,Music,Set It Off,Audioslave/Chris Cornell,0.99
1,Music,Set It Off,Audioslave/Chris Cornell,0.99
8,Music,Set Me Free,"Dave Kushner, Duff, Matt Sorum, Scott Weiland & Slash",0.0
1,Music,Set Me Free,"Dave Kushner, Duff, Matt Sorum, Scott Weiland & Slash",0.0
8,Music,Set The Ray To Jerry,Billy Corgan,0.0
1,Music,Set The Ray To Jerry,Billy Corgan,0.0
1,Music,Seu Balancê,Paulinho Rezende/Toninho Geraes,0.99
8,Music,Seu Balancê,Paulinho Rezende/Toninho Geraes,0.99
8,Music,Seus Amigos,,0.0
1,Music,Seus Amigos,,0.0
8,Music,Seven Seas Of Rhye,"Mercury, Freddie",0.99
1,Music,Seven Seas Of Rhye,"Mercury, Freddie",0.99
8,Music,Seventh Son of a Seventh Son,Steve Harris,0.99
1,Music,Seventh Son of a Seventh Son,Steve Harris,0.99
8,Music,Severed Hand,Eddie Vedder,0.99
1,Music,Severed Hand,Eddie Vedder,0.99
8,Music,Sex Type Thing,D. DeLeo/Kretz/Weiland,0.99
1,Music,Sex Type Thing,D. DeLeo/Kretz/Weiland,0.99
8,Music,Shadow on the Sun,Audioslave/Chris Cornell,0.0
1,Music,Shadow on the Sun,Audioslave/Chris Cornell,0.0
1,Music,Shakes and Ladders,,1.98
8,Music,Shakes and Ladders,,1.98
1,Music,Shamrocks And Shenanigans,E. Schrody/L. Dimant,0.0
8,Music,Shamrocks And Shenanigans,E. Schrody/L. Dimant,0.0
1,Music,Shamrocks And Shenanigans (Boom Shalock Lock Boom/Butch Vig Mix),E. Schrody/L. Dimant,0.0
8,Music,Shamrocks And Shenanigans (Boom Shalock Lock Boom/Butch Vig Mix),E. Schrody/L. Dimant,0.0
8,Music,Shape The Sky,Billy Duffy/Ian Astbury,0.0
1,Music,Shape The Sky,Billy Duffy/Ian Astbury,0.0
8,Music,Shape of Things to Come,,0.99
1,Music,Shape of Things to Come,,0.99
1,Music,She,Billie Joe Armstrong -Words Green Day -Music,0.99
1,Music,She,"Gene Simmons, S. Coronel",0.99
8,Music,She,Billie Joe Armstrong -Words Green Day -Music,0.99
8,Music,She,"Gene Simmons, S. Coronel",0.99
8,Music,She Give Me ...,David Coverdale,0.0
1,Music,She Give Me ...,David Coverdale,0.0
1,Music,She Loves Me Not,Bill Gould/Mike Bordin/Mike Patton,1.98
8,Music,She Loves Me Not,Bill Gould/Mike Bordin/Mike Patton,1.98
1,Music,She Sells Sanctuary,,0.0
8,Music,She Sells Sanctuary,,0.0
8,Music,She Suits Me To A Tee,Buddy Guy,0.0
1,Music,She Suits Me To A Tee,Buddy Guy,0.0
8,Music,She Talks To Angels,Chris Robinson/Rich Robinson,0.0
1,Music,She Talks To Angels,Chris Robinson/Rich Robinson,0.0
8,Music,She Wears Black,G Harvey/R Hope-Taylor,0.99
1,Music,She Wears Black,G Harvey/R Hope-Taylor,0.99
8,Music,She'll Never Be Your Man,Chris Cornell,0.0
1,Music,She'll Never Be Your Man,Chris Cornell,0.0
1,Music,She's A Rebel,Green Day,0.0
8,Music,She's A Rebel,Green Day,0.0
8,Music,Sheer Heart Attack,Taylor,0.99
1,Music,Sheer Heart Attack,Taylor,0.99
1,Music,Shining In The Light,"Jimmy Page, Robert Plant, Charlie Jones, Michael Lee",0.99
8,Music,Shining In The Light,"Jimmy Page, Robert Plant, Charlie Jones, Michael Lee",0.99
1,Music,Shiny Happy People,Bill Berry/Michael Stipe/Mike Mills/Peter Buck,0.99
8,Music,Shiny Happy People,Bill Berry/Michael Stipe/Mike Mills/Peter Buck,0.99
8,Music,Shock Me,Ace Frehley,1.98
1,Music,Shock Me,Ace Frehley,1.98
8,Music,Shoot Me Again,Bob Rock/James Hetfield/Kirk Hammett/Lars Ulrich,1.98
1,Music,Shoot Me Again,Bob Rock/James Hetfield/Kirk Hammett/Lars Ulrich,1.98
8,Music,Shoot You In The Back,Clarke/Kilmister/Taylor,0.0
1,Music,Shoot You In The Back,Clarke/Kilmister/Taylor,0.0
8,Music,Shotgun Blues,W. Axl Rose,0.99
1,Music,Shotgun Blues,W. Axl Rose,0.99
1,Music,Should I Stay Or Should I Go,The Clash,0.0
8,Music,Should I Stay Or Should I Go,The Clash,0.0
8,Music,Shout At The Devil,Nikki Sixx,0.99
1,Music,Shout At The Devil,Nikki Sixx,0.99
8,Music,Shout It Out Loud,"Paul Stanley, Gene Simmons, B. Ezrin",0.99
1,Music,Shout It Out Loud,"Paul Stanley, Gene Simmons, B. Ezrin",0.99
1,Music,Show Me How to Live,Audioslave/Chris Cornell,0.0
8,Music,Show Me How to Live,Audioslave/Chris Cornell,0.0
8,Music,Show Me How to Live (Live at the Quart Festival),,0.99
1,Music,Show Me How to Live (Live at the Quart Festival),,0.99
8,Music,Showcase,,0.99
1,Music,Showcase,,0.99
1,Music,Sick Again,Robert Plant,0.99
8,Music,Sick Again,Robert Plant,0.99
1,Music,Sign Of The Cross,Steve Harris,0.99
8,Music,Sign Of The Cross,Steve Harris,0.99
1,Music,Sign Of The Cross,Steve Harris,0.99
8,Music,Sign Of The Cross,Steve Harris,0.99
1,Music,Signe,Eric Clapton,0.99
8,Music,Signe,Eric Clapton,0.99
8,Music,Silence the Voices,Chris Cornell,0.0
1,Music,Silence the Voices,Chris Cornell,0.0
1,Music,Silver And Gold,"Bono/Clayton, Adam/Mullen Jr., Larry/The Edge",0.99
1,Music,Silver And Gold,Bono,0.0
8,Music,Silver And Gold,Bono,0.0
8,Music,Silver And Gold,"Bono/Clayton, Adam/Mullen Jr., Larry/The Edge",0.99
1,Music,Simples,Nelson Angelo,0.0
8,Music,Simples,Nelson Angelo,0.0
8,Music,Sin,R. DeLeo/Weiland,0.0
1,Music,Sin,R. DeLeo/Weiland,0.0
1,Music,Sina,Djavan,0.0
8,Music,Sina,Djavan,0.0
8,Music,Since I've Been Loving You,John Paul Jones/Robert Plant,0.99
1,Music,Since I've Been Loving You,John Paul Jones/Robert Plant,0.99
8,Music,Since I've Been Loving You,"Jimmy Page, Robert Plant, John Paul Jones",0.99
1,Music,Since I've Been Loving You,"Jimmy Page, Robert Plant, John Paul Jones",0.99
1,Music,Sincero Breu,C. A./C.A./Celso Alvim/Herbert Vianna/Mário Moura/Pedro Luís/Sidon Silva,0.99
8,Music,Sincero Breu,C. A./C.A./Celso Alvim/Herbert Vianna/Mário Moura/Pedro Luís/Sidon Silva,0.99
1,Music,Sing Joyfully,William Byrd,0.99
8,Music,Sing Joyfully,William Byrd,0.99
8,Music,Sir Psycho Sexy,Anthony Kiedis/Chad Smith/Flea/John Frusciante,0.99
1,Music,Sir Psycho Sexy,Anthony Kiedis/Chad Smith/Flea/John Frusciante,0.99
8,Music,Sister Awake,The Tea Party,0.99
1,Music,Sister Awake,The Tea Party,0.99
1,Music,Sister Morphine,Faithfull/Jagger/Richards,0.0
8,Music,Sister Morphine,Faithfull/Jagger/Richards,0.0
8,Music,Siva,Billy Corgan,0.0
1,Music,Siva,Billy Corgan,0.0
8,Music,Slave,David Coverdale/Earl Slick,0.99
1,Music,Slave,David Coverdale/Earl Slick,0.99
8,Music,Sleep On The Sidewalk,May,0.99
1,Music,Sleep On The Sidewalk,May,0.99
1,Music,Sleeping Village,,0.0
8,Music,Sleeping Village,,0.0
1,Music,Slide It In,Coverdale,0.0
8,Music,Slide It In,Coverdale,0.0
8,Music,Slither,"Dave Kushner, Duff, Matt Sorum, Scott Weiland & Slash",0.99
1,Music,Slither,"Dave Kushner, Duff, Matt Sorum, Scott Weiland & Slash",0.99
1,Music,Slither,"Hetfield, Ulrich, Hammett",0.99
8,Music,Slither,"Hetfield, Ulrich, Hammett",0.99
8,Music,Sliver,Kurt Cobain,0.0
1,Music,Sliver,Kurt Cobain,0.0
8,Music,Slow An' Easy,Moody,0.0
1,Music,Slow An' Easy,Moody,0.0
8,Music,Slow Dawn,Billy Corgan,0.0
1,Music,Slow Dawn,Billy Corgan,0.0
1,Music,Slow Down,Larry Williams,0.0
8,Music,Slow Down,Larry Williams,0.0
8,Music,Slowness,,0.99
1,Music,Slowness,,0.99
1,Music,Slug,"Brian Eno, Bono, Adam Clayton, The Edge & Larry Mullen Jnr.",0.99
8,Music,Slug,"Brian Eno, Bono, Adam Clayton, The Edge & Larry Mullen Jnr.",0.99
8,Music,Smaller And Smaller,,0.0
1,Music,Smaller And Smaller,,0.0
1,Music,Smells Like Teen Spirit,Nirvana,0.99
1,Music,Smells Like Teen Spirit,Kurt Cobain,0.99
8,Music,Smells Like Teen Spirit,Nirvana,0.99
8,Music,Smells Like Teen Spirit,Kurt Cobain,0.99
1,Music,Smells Like Teen Spirit (Ao Vivo),,0.99
8,Music,Smells Like Teen Spirit (Ao Vivo),,0.99
8,Music,Smoke On The Water,Ian Gillan/Ian Paice/Jon Lord/Ritchie Blckmore/Roger Glover,0.0
1,Music,Smoke On The Water,"Richie Blackmore, Ian Gillian, Roger Glover, Jon Lord, Ian Paice",0.0
1,Music,Smoke On The Water,Gillan/Glover/Lord/Paice,1.98
8,Music,Smoke On The Water,"Richie Blackmore, Ian Gillian, Roger Glover, Jon Lord, Ian Paice",0.0
8,Music,Smoke On The Water,Gillan/Glover/Lord/Paice,1.98
1,Music,Smoke On The Water,Ian Gillan/Ian Paice/Jon Lord/Ritchie Blckmore/Roger Glover,0.0
8,Music,Smoked Pork,,0.99
1,Music,Smoked Pork,,0.99
8,Music,Smokin' in The Boys Room,Cub Coda/Michael Lutz,0.99
1,Music,Smokin' in The Boys Room,Cub Coda/Michael Lutz,0.99
1,Music,Smooth,M. Itaal Shur & Rob Thomas,0.0
8,Music,Smooth,M. Itaal Shur & Rob Thomas,0.0
1,Music,Snoopy's search-Red baron,Billy Cobham,0.0
8,Music,Snoopy's search-Red baron,Billy Cobham,0.0
1,Music,Snowballed,"Angus Young, Malcolm Young, Brian Johnson",1.98
8,Music,Snowballed,"Angus Young, Malcolm Young, Brian Johnson",1.98
1,Music,Snowblind,"Tony Iommi, Bill Ward, Geezer Butler, Ozzy Osbourne",1.98
8,Music,Snowblind,,0.0
8,Music,Snowblind,,0.0
1,Music,Snowblind,,0.0
8,Music,Snowblind,"Tony Iommi, Bill Ward, Geezer Butler, Ozzy Osbourne",1.98
1,Music,Snowblind,,0.0
1,Music,So Beautiful,Mick Hucknall,0.99
8,Music,So Beautiful,Mick Hucknall,0.99
1,Music,So Central Rain,R.E.M.,1.98
8,Music,So Central Rain,R.E.M.,1.98
8,Music,So Cruel,U2,0.99
1,Music,So Cruel,U2,0.99
1,Music,"So Fast, So Numb",Bill Berry-Peter Buck-Mike Mills-Michael Stipe,0.99
8,Music,"So Fast, So Numb",Bill Berry-Peter Buck-Mike Mills-Michael Stipe,0.99
8,Music,So Fine,Duff McKagan,0.0
1,Music,So Fine,Duff McKagan,0.0
1,Music,So Por Amor,,0.99
8,Music,So Por Amor,,0.99
1,Music,So What,Culmer/Exalt,0.99
1,Music,So What,Miles Davis,0.99
8,Music,So What,Miles Davis,0.99
8,Music,So What,Culmer/Exalt,0.99
8,Music,Sobremesa,Chico Science,0.99
1,Music,Sobremesa,Chico Science,0.99
8,Music,Socorro,,0.99
1,Music,Socorro,,0.99
1,Music,Solar,"Milton Nascimento, Fernando Brant",0.0
8,Music,Solar,"Milton Nascimento, Fernando Brant",0.0
8,Music,Soldado Da Paz,Herbert Vianna,0.99
1,Music,Soldado Da Paz,Herbert Vianna,0.99
1,Music,Soldier Of Fortune,D.Coverdale/R.Blackmore/Ritchie Blackmore,0.0
8,Music,Soldier Of Fortune,D.Coverdale/R.Blackmore/Ritchie Blackmore,0.0
1,Music,Soldier Side - Intro,"Dolmayan, John/Malakian, Daron/Odadjian, Shavo",1.98
8,Music,Soldier Side - Intro,"Dolmayan, John/Malakian, Daron/Odadjian, Shavo",1.98
1,Music,Solitaire,roger glover,0.0
8,Music,Solitaire,roger glover,0.0
8,Music,Solo-Panhandler,Billy Cobham,0.99
1,Music,Solo-Panhandler,Billy Cobham,0.99
8,Music,Solomon HWV 67: The Arrival of the Queen of Sheba,George Frideric Handel,0.0
1,Music,Solomon HWV 67: The Arrival of the Queen of Sheba,George Frideric Handel,0.0
1,Music,Solução,,0.0
8,Music,Solução,,0.0
8,Music,Sombras Do Meu Destino,,0.0
1,Music,Sombras Do Meu Destino,,0.0
1,Music,Some Days Are Better Than Others,U2; Bono,0.0
8,Music,Some Days Are Better Than Others,U2; Bono,0.0
8,Music,Some Heads Are Gonna Roll,,0.0
1,Music,Some Heads Are Gonna Roll,,0.0
1,Music,Some Kind Of Monster,Bob Rock/James Hetfield/Kirk Hammett/Lars Ulrich,0.99
8,Music,Some Kind Of Monster,Bob Rock/James Hetfield/Kirk Hammett/Lars Ulrich,0.99
8,Music,Some Unholy War,,0.99
1,Music,Some Unholy War,,0.99
8,Music,Somebody Stole My Guitar,"Ian Gillan, Roger Glover, Jon Lord, Steve Morse, Ian Paice",0.0
1,Music,Somebody Stole My Guitar,"Ian Gillan, Roger Glover, Jon Lord, Steve Morse, Ian Paice",0.0
1,Music,Somebody To Love,"Mercury, Freddie",1.98
8,Music,Somebody To Love,"Mercury, Freddie",1.98
1,Music,Someday My Prince Will Come,Miles Davis,0.0
8,Music,Someday My Prince Will Come,Miles Davis,0.0
1,Music,Someday Never Comes,J. C. Fogerty,0.99
8,Music,Someday Never Comes,J. C. Fogerty,0.99
1,Music,Somedays,,0.0
8,Music,Somedays,,0.0
8,Music,Somethin' Else,Bob Cochran/Sharon Sheeley,0.0
1,Music,Somethin' Else,Bob Cochran/Sharon Sheeley,0.0
1,Music,Something For Nothing,Geddy Lee And Alex Lifeson/Geddy Lee And Neil Peart/Rush,0.0
8,Music,Something For Nothing,Geddy Lee And Alex Lifeson/Geddy Lee And Neil Peart/Rush,0.0
8,Music,Something Got Me Started,Mick Hucknall and Fritz McIntyre,0.0
1,Music,Something Got Me Started,Mick Hucknall and Fritz McIntyre,0.0
8,Music,Something In The Way,Kurt Cobain,0.0
1,Music,Something In The Way,Kurt Cobain,0.0
1,Music,Something Stupid,carson c. parks,0.0
8,Music,Something Stupid,carson c. parks,0.0
8,Music,Sometimes I Feel Like Screaming,"Ian Gillan, Roger Glover, Jon Lord, Steve Morse, Ian Paice",0.99
1,Music,Sometimes I Feel Like Screaming,"Ian Gillan, Roger Glover, Jon Lord, Steve Morse, Ian Paice",0.99
1,Music,Sometimes Salvation,Chris Robinson/Rich Robinson,0.99
8,Music,Sometimes Salvation,Chris Robinson/Rich Robinson,0.99
8,Music,Sometimes You Can't Make It On Your Own,"Adam Clayton, Bono, Larry Mullen & The Edge",0.0
1,Music,Sometimes You Can't Make It On Your Own,"Adam Clayton, Bono, Larry Mullen & The Edge",0.0
1,Music,Sonata for Solo Violin: IV: Presto,Béla Bartók,0.99
8,Music,Sonata for Solo Violin: IV: Presto,Béla Bartók,0.99
8,Music,Soneto Da Separacao,,0.0
1,Music,Soneto Da Separacao,,0.0
8,Music,Song For Lorraine,Jay Beckenstein,0.99
1,Music,Song For Lorraine,Jay Beckenstein,0.99
1,Music,Sonifera Ilha,Branco Mello/Carlos Barmack/Ciro Pessoa/Marcelo Fromer/Toni Belloto,0.99
8,Music,Sonifera Ilha,Branco Mello/Carlos Barmack/Ciro Pessoa/Marcelo Fromer/Toni Belloto,0.99
1,Music,Sons Of Freedom,"Jimmy Page, Robert Plant, Charlie Jones, Michael Lee",0.99
8,Music,Sons Of Freedom,"Jimmy Page, Robert Plant, Charlie Jones, Michael Lee",0.99
8,Music,Soon Forgotten,"Ian Gillan, Roger Glover, Jon Lord, Steve Morse, Ian Paice",0.0
1,Music,Soon Forgotten,"Ian Gillan, Roger Glover, Jon Lord, Steve Morse, Ian Paice",0.0
1,Music,Soot & Stars,Billy Corgan,0.99
8,Music,Soot & Stars,Billy Corgan,0.99
1,Music,Soul Education,Jay Kay/Toby Smith,0.99
8,Music,Soul Education,Jay Kay/Toby Smith,0.99
1,Music,Soul Kitchen,"Robby Krieger, Ray Manzarek, John Densmore, Jim Morrison",0.0
8,Music,Soul Kitchen,"Robby Krieger, Ray Manzarek, John Densmore, Jim Morrison",0.0
1,Music,Soul Parsifal,Renato Russo - Marisa Monte,0.99
8,Music,Soul Parsifal,Renato Russo - Marisa Monte,0.99
1,Music,Soul Power (Live),James Brown,0.0
8,Music,Soul Power (Live),James Brown,0.0
8,Music,Soul Sacrifice,Carlos Santana,0.0
1,Music,Soul Sacrifice,Carlos Santana,0.0
1,Music,Soul Singing,Chris Robinson/Rich Robinson,0.99
8,Music,Soul Singing,Chris Robinson/Rich Robinson,0.99
8,Music,Sound of a Gun,,0.99
1,Music,Sound of a Gun,,0.99
8,Music,South Bound Saurez,John Paul Jones & Robert Plant,0.0
1,Music,South Bound Saurez,John Paul Jones & Robert Plant,0.0
1,Music,Sozinho,Peninha,0.99
8,Music,Sozinho,Peninha,0.99
1,Music,Sozinho (Caêdrum 'n' Bass),,0.99
8,Music,Sozinho (Caêdrum 'n' Bass),,0.99
8,Music,Sozinho (Hitmakers Classic Mix),,0.99
1,Music,Sozinho (Hitmakers Classic Mix),,0.99
8,Music,Sozinho (Hitmakers Classic Radio Edit),,0.0
1,Music,Sozinho (Hitmakers Classic Radio Edit),,0.0
8,Music,Space Cowboy,J. Kay/Jay Kay,0.0
1,Music,Space Cowboy,J. Kay/Jay Kay,0.0
8,Music,Space Truckin',Blackmore/Gillan/Glover/Lord/Paice,0.0
1,Music,Space Truckin',Ian Gillan/Ian Paice/Jon Lord/Ritchie Blckmore/Roger Glover,0.99
1,Music,Space Truckin',Blackmore/Gillan/Glover/Lord/Paice,0.0
8,Music,Space Truckin',Ian Gillan/Ian Paice/Jon Lord/Ritchie Blckmore/Roger Glover,0.99
8,Music,Space Trucking,"Richie Blackmore, Ian Gillian, Roger Glover, Jon Lord, Ian Paice",0.0
1,Music,Space Trucking,"Richie Blackmore, Ian Gillian, Roger Glover, Jon Lord, Ian Paice",0.0
8,Music,Spanish Eyes,U2,0.99
1,Music,Spanish Eyes,U2,0.99
8,Music,Spank Thru,Kurt Cobain,0.99
1,Music,Spank Thru,Kurt Cobain,0.99
1,Music,Sparks Will Fly,Jagger/Richards,0.0
8,Music,Sparks Will Fly,Jagger/Richards,0.0
8,Music,Sparrow,Billy Corgan,0.0
1,Music,Sparrow,Billy Corgan,0.0
8,Music,Speak To Me/Breathe,"Mason/Waters, Gilmour, Wright",0.0
1,Music,Speak To Me/Breathe,"Mason/Waters, Gilmour, Wright",0.0
1,Music,Spectacle,"Dave Kushner, Duff, Matt Sorum, Scott Weiland & Slash",0.0
8,Music,Spectacle,"Dave Kushner, Duff, Matt Sorum, Scott Weiland & Slash",0.0
1,Music,Speed King,"Blackmore, Gillan, Glover, Lord, Paice",0.0
8,Music,Speed King,"Blackmore, Gillan, Glover, Lord, Paice",0.0
8,Music,Speed Of Light,Billy Duffy/Bob Rock/Ian Astbury,1.98
1,Music,Speed Of Light,Billy Duffy/Bob Rock/Ian Astbury,1.98
1,Music,Spellbound,"Angus Young, Malcolm Young, Brian Johnson",0.99
8,Music,Spellbound,"Angus Young, Malcolm Young, Brian Johnson",0.99
1,Music,Spirit Walker,,0.99
8,Music,Spirit Walker,,0.99
1,Music,Spirit's in the Material World,G M Sumner,0.0
8,Music,Spirit's in the Material World,G M Sumner,0.0
8,Music,Spoonman,Chris Cornell,0.99
1,Music,Spoonman,Chris Cornell,0.99
1,Music,Spread Your Wings,Deacon,0.99
8,Music,Spread Your Wings,Deacon,0.99
8,Music,Springsville,J. Carisi,0.0
1,Music,Springsville,J. Carisi,0.0
8,Music,Springsville (Alternate Take),J. Carisi,0.0
1,Music,Springsville (Alternate Take),J. Carisi,0.0
1,Music,Squeeze Box,Pete Townshend,0.99
8,Music,Squeeze Box,Pete Townshend,0.99
1,Music,St. Anger,Bob Rock/James Hetfield/Kirk Hammett/Lars Ulrich,0.0
8,Music,St. Anger,Bob Rock/James Hetfield/Kirk Hammett/Lars Ulrich,0.0
1,Music,St. Jimmy,Green Day,0.99
8,Music,St. Jimmy,Green Day,0.99
1,Music,St. Vitus Dance,"Tony Iommi, Bill Ward, Geezer Butler, Ozzy Osbourne",0.0
8,Music,St. Vitus Dance,"Tony Iommi, Bill Ward, Geezer Butler, Ozzy Osbourne",0.0
8,Music,Stairway To Heaven,"Jimmy Page, Robert Plant",0.99
1,Music,Stairway To Heaven,Robert Plant,0.99
1,Music,Stairway To Heaven,Robert Plant,0.99
8,Music,Stairway To Heaven,Robert Plant,0.99
8,Music,Stairway To Heaven,Robert Plant,0.99
1,Music,Stairway To Heaven,"Jimmy Page, Robert Plant",0.99
8,Music,Stand,Bill Berry-Peter Buck-Mike Mills-Michael Stipe,0.0
1,Music,Stand,Bill Berry-Peter Buck-Mike Mills-Michael Stipe,0.0
8,Music,Stand By My Woman,Henry Kirssch/Lenny Kravitz/S. Pasch A. Krizan,0.0
1,Music,Stand By My Woman,Henry Kirssch/Lenny Kravitz/S. Pasch A. Krizan,0.0
8,Music,Stand Inside Your Love,Billy Corgan,0.99
1,Music,Stand Inside Your Love,Billy Corgan,0.99
8,Music,Star A.D.,"Mike Bordin, Billy Gould, Mike Patton",0.99
1,Music,Star A.D.,"Mike Bordin, Billy Gould, Mike Patton",0.99
8,Music,Starburst,Jeremy Wall,1.98
1,Music,Starburst,Jeremy Wall,1.98
1,Music,Staring At The Sun,"Bono, The Edge, Adam Clayton, and Larry Mullen",0.99
8,Music,Staring At The Sun,"Bono, The Edge, Adam Clayton, and Larry Mullen",0.99
1,Music,Stars,Mick Hucknall,0.99
8,Music,Stars,Mick Hucknall,0.99
8,Music,"Stay (Faraway, So Close!)",U2; Bono,0.99
1,Music,"Stay (Faraway, So Close!)",U2; Bono,0.99
8,Music,Stay Away,Kurt Cobain,0.0
1,Music,Stay Away,Kurt Cobain,0.0
8,Music,Steal Away (The Night),"O. Osbourne, R. Daisley, R. Rhoads",0.0
1,Music,Steal Away (The Night),"O. Osbourne, R. Daisley, R. Rhoads",0.0
8,Music,Still,"Dave Grohl, Taylor Hawkins, Nate Mendel, Chris Shiflett/FOO FIGHTERS",0.99
1,Music,Still,"Dave Grohl, Taylor Hawkins, Nate Mendel, Chris Shiflett/FOO FIGHTERS",0.99
1,Music,Still Life,David Murray/Steve Harris,0.99
8,Music,Still Life,David Murray/Steve Harris,0.99
8,Music,Still Loving You,,0.99
1,Music,Still Loving You,,0.99
1,Music,Still Of The Night,Sykes,0.99
8,Music,Still Of The Night,Sykes,0.99
8,Music,Stillness In Time,Toby Smith,0.0
1,Music,Stillness In Time,Toby Smith,0.0
1,Music,Sting Me,Chris Robinson/Rich Robinson,0.99
8,Music,Sting Me,Chris Robinson/Rich Robinson,0.99
8,Music,Stir It Up (Live),,1.98
1,Music,Stir It Up (Live),,1.98
1,Music,Stone Cold Crazy,Deacon/May/Mercury/Taylor,1.98
8,Music,Stone Cold Crazy,Deacon/May/Mercury/Taylor,1.98
1,Music,Stone Crazy,Buddy Guy,0.99
8,Music,Stone Crazy,Buddy Guy,0.99
1,Music,Stone Dead Forever,Clarke/Kilmister/Tayler,0.0
8,Music,Stone Dead Forever,Clarke/Kilmister/Tayler,0.0
1,Music,Stone Free,Jimi Hendrix,0.99
8,Music,Stone Free,Jimi Hendrix,0.99
1,Music,Stormbringer,D.Coverdale/R.Blackmore/Ritchie Blackmore,0.99
8,Music,Stormbringer,D.Coverdale/R.Blackmore/Ritchie Blackmore,0.99
8,Music,Stormbringer,Coverdale,0.99
1,Music,Stormbringer,Coverdale,0.99
8,Music,Straight Out Of Line,Sully Erna,0.99
1,Music,Straight Out Of Line,Sully Erna,0.99
8,Music,Strange Brew,Clapton/Collins/Pappalardi,0.0
1,Music,Strange Brew,Clapton/Collins/Pappalardi,0.0
8,Music,Strange Kind Of Woman,"Ritchie Blackmore, Ian Gillan, Roger Glover, Jon Lord, Ian Paice",0.99
1,Music,Strange Kind Of Woman,"Ritchie Blackmore, Ian Gillan, Roger Glover, Jon Lord, Ian Paice",0.99
1,Music,Stranger in a Strange Land,Adrian Smith,0.99
8,Music,Stranger in a Strange Land,Adrian Smith,0.99
1,Music,Strangers In The Night,berthold kaempfert/charles singleton/eddie snyder,0.0
8,Music,Strangers In The Night,berthold kaempfert/charles singleton/eddie snyder,0.0
1,Music,Stratus,Billy Cobham,0.0
8,Music,Stratus,Billy Cobham,0.0
8,Music,Stripsearch,Jon Hudson/Mike Bordin/Mike Patton,0.99
1,Music,Stripsearch,Jon Hudson/Mike Bordin/Mike Patton,0.99
8,Music,Stronger Than Death,,0.0
1,Music,Stronger Than Death,,0.0
8,Music,Strutter,"Paul Stanley, Gene Simmons",0.99
1,Music,Strutter,"Paul Stanley, Gene Simmons",0.99
8,Music,Stuck In A Moment You Can't Get Out Of,"Adam Clayton, Bono, Larry Mullen, The Edge",0.0
1,Music,Stuck In A Moment You Can't Get Out Of,"Adam Clayton, Bono, Larry Mullen, The Edge",0.0
1,Music,Stuck With Me,Billie Joe Armstrong -Words Green Day -Music,0.99
8,Music,Stuck With Me,Billie Joe Armstrong -Words Green Day -Music,0.99
1,Music,Sua Impossivel Chance,Nando Reis,0.99
8,Music,Sua Impossivel Chance,Nando Reis,0.99
1,Music,Substitute,Pete Townshend,0.0
8,Music,Substitute,Pete Townshend,0.0
8,Music,Suck My Kiss,Anthony Kiedis/Chad Smith/Flea/John Frusciante,0.99
1,Music,Suck My Kiss,Anthony Kiedis/Chad Smith/Flea/John Frusciante,0.99
1,Music,Suck On The Jugular,Jagger/Richards,0.99
8,Music,Suck On The Jugular,Jagger/Richards,0.99
1,Music,Sucker Train Blues,"Dave Kushner, Duff, Matt Sorum, Scott Weiland & Slash",0.0
8,Music,Sucker Train Blues,"Dave Kushner, Duff, Matt Sorum, Scott Weiland & Slash",0.0
1,Music,Suicide Solution (With Guitar Solo),"O. Osbourne, R. Daisley, R. Rhoads",0.0
8,Music,Suicide Solution (With Guitar Solo),"O. Osbourne, R. Daisley, R. Rhoads",0.0
8,Music,"Suite No. 3 in D, BWV 1068: III. Gavotte I & II",Johann Sebastian Bach,1.98
1,Music,"Suite No. 3 in D, BWV 1068: III. Gavotte I & II",Johann Sebastian Bach,1.98
8,Music,"Suite for Solo Cello No. 1 in G Major, BWV 1007: I. Prélude",Johann Sebastian Bach,0.99
1,Music,"Suite for Solo Cello No. 1 in G Major, BWV 1007: I. Prélude",Johann Sebastian Bach,0.99
8,Music,Sul Da América,Samuel Rosa,0.0
1,Music,Sul Da América,Samuel Rosa,0.0
8,Music,Summer Love,hans bradtke/heinz meier/johnny mercer,0.99
1,Music,Summer Love,hans bradtke/heinz meier/johnny mercer,0.99
8,Music,Summertime,Miles Davis,0.0
1,Music,Summertime,Miles Davis,0.0
8,Music,Sun And Steel,Adrian Smith/Bruce Dickinson,0.0
1,Music,Sun And Steel,Adrian Smith/Bruce Dickinson,0.0
8,Music,Sun King,,1.98
1,Music,Sun King,,1.98
8,Music,Sunchild,Graham Harvey,0.0
1,Music,Sunchild,Graham Harvey,0.0
1,Music,Sunday Bloody Sunday,U2,1.98
1,Music,Sunday Bloody Sunday,U2,0.0
8,Music,Sunday Bloody Sunday,U2,1.98
8,Music,Sunday Bloody Sunday,U2,0.0
8,Music,Sunshine,Jerry Cantrell,0.0
1,Music,Sunshine,Jerry Cantrell,0.0
8,Music,Sunshine Of Your Love,Bruce/Clapton,1.98
1,Music,Sunshine Of Your Love,Bruce/Clapton,1.98
8,Music,Super Terrorizer,,0.99
1,Music,Super Terrorizer,,0.99
1,Music,Superhuman,"Dave Kushner, Duff, Matt Sorum, Scott Weiland & Slash",0.0
8,Music,Superhuman,"Dave Kushner, Duff, Matt Sorum, Scott Weiland & Slash",0.0
8,Music,Supernaut,"Tony Iommi, Bill Ward, Geezer Butler, Ozzy Osbourne",0.0
1,Music,Supernaut,"Tony Iommi, Bill Ward, Geezer Butler, Ozzy Osbourne",0.0
8,Music,Supersonic,Jay Kay,0.0
1,Music,Supersonic,Jay Kay,0.0
1,Music,Superstition,,0.0
8,Music,Superstition,,0.0
8,Music,Sure Know Something,"Paul Stanley, Vincent Poncia",1.98
8,Music,Sure Know Something,"Paul Stanley, Vincent Poncia",1.98
1,Music,Sure Know Something,"Paul Stanley, Vincent Poncia",1.98
1,Music,Sure Know Something,"Paul Stanley, Vincent Poncia",1.98
1,Music,Surfing with the Alien,,0.0
8,Music,Surfing with the Alien,,0.0
1,Music,Surprise! You're Dead!,Faith No More,0.99
8,Music,Surprise! You're Dead!,Faith No More,0.99
1,Music,Surrender,,1.98
1,Music,Surrender,U2,0.99
8,Music,Surrender,,1.98
8,Music,Surrender,U2,0.99
8,Music,Susie Q,Hawkins-Lewis-Broadwater,1.98
1,Music,Susie Q,Hawkins-Lewis-Broadwater,1.98
1,Music,"Suzie-Q, Pt. 2",J.C. Fogerty,0.99
8,Music,"Suzie-Q, Pt. 2",J.C. Fogerty,0.99
8,Music,Swedish Schnapps,,0.0
1,Music,Swedish Schnapps,,0.0
8,Music,Sweet Amber,Bob Rock/James Hetfield/Kirk Hammett/Lars Ulrich,0.0
1,Music,Sweet Amber,Bob Rock/James Hetfield/Kirk Hammett/Lars Ulrich,0.0
1,Music,Sweet Child O' Mine,,0.0
8,Music,Sweet Child O' Mine,,0.0
1,Music,Sweet Hitch-Hiker,J. C. Fogerty,1.98
8,Music,Sweet Hitch-Hiker,J. C. Fogerty,1.98
8,Music,Sweet Lady Luck,Vandenberg,0.99
1,Music,Sweet Lady Luck,Vandenberg,0.99
1,Music,Sweet Leaf,,0.0
8,Music,Sweet Leaf,,0.0
1,Music,Sweet Soul Sister,,0.99
8,Music,Sweet Soul Sister,,0.99
1,Music,Sweetest Thing,U2,0.99
1,Music,Sweetest Thing,U2 & Daragh O'Toole,1.98
8,Music,Sweetest Thing,U2,0.99
8,Music,Sweetest Thing,U2 & Daragh O'Toole,1.98
1,Music,Sweethearts Together,Jagger/Richards,0.99
8,Music,Sweethearts Together,Jagger/Richards,0.99
8,Music,Swing Low Sweet Chariot,Clapton/Trad. Arr. Clapton,0.99
1,Music,Swing Low Sweet Chariot,Clapton/Trad. Arr. Clapton,0.99
1,Music,"Symphonie Fantastique, Op. 14: V. Songe d'une nuit du sabbat",Hector Berlioz,1.98
8,Music,"Symphonie Fantastique, Op. 14: V. Songe d'une nuit du sabbat",Hector Berlioz,1.98
1,Music,Symphony No. 2: III. Allegro vivace,Kurt Weill,0.99
8,Music,Symphony No. 2: III. Allegro vivace,Kurt Weill,0.99
1,Music,Symphony No.5 in C Minor: I. Allegro con brio,Ludwig van Beethoven,0.0
8,Music,Symphony No.5 in C Minor: I. Allegro con brio,Ludwig van Beethoven,0.0
1,Music,Sympton of the Universe,,0.99
8,Music,Sympton of the Universe,,0.99
8,Music,Sábado A Noite,Lulu Santos,0.99
1,Music,Sábado A Noite,Lulu Santos,0.99
1,Music,Sábado À Noite,,0.0
8,Music,Sábado À Noite,,0.0
1,Music,Século XXI,,0.99
8,Music,Século XXI,,0.99
1,Music,Sítio Do Pica-Pau Amarelo,Gilberto Gil,0.99
8,Music,Sítio Do Pica-Pau Amarelo,Gilberto Gil,0.99
8,Music,Só Se For Pelo Cabelo,Mônica Marianno,0.0
1,Music,Só Se For Pelo Cabelo,Mônica Marianno,0.0
8,Music,Só Tinha De Ser Com Você,Vários,1.98
1,Music,Só Tinha De Ser Com Você,Vários,1.98
8,Music,Tailgunner,Bruce Dickinson/Steve Harris,0.99
8,Music,Tailgunner,Bruce Dickinson/Steve Harris,0.0
1,Music,Tailgunner,Bruce Dickinson/Steve Harris,0.99
1,Music,Tailgunner,,0.0
1,Music,Tailgunner,Bruce Dickinson/Steve Harris,0.0
8,Music,Tailgunner,,0.0
1,Music,Taj Mahal,,0.0
8,Music,Taj Mahal,,0.0
1,Music,Take It As It Comes,"Robby Krieger, Ray Manzarek, John Densmore, Jim Morrison",0.0
8,Music,Take It As It Comes,"Robby Krieger, Ray Manzarek, John Densmore, Jim Morrison",0.0
1,Music,Take It Or Leave It,C. Muncey/N. Cester,1.98
8,Music,Take It Or Leave It,C. Muncey/N. Cester,1.98
8,Music,Take The Power,Billy Duffy/Ian Astbury,0.99
1,Music,Take The Power,Billy Duffy/Ian Astbury,0.99
1,Music,Take This Bottle,"Mike Bordin, Billy Gould, Mike Patton, Trey Spruance",0.99
8,Music,Take This Bottle,"Mike Bordin, Billy Gould, Mike Patton, Trey Spruance",0.99
8,Music,Take the Box,Luke Smith,0.99
1,Music,Take the Box,Luke Smith,0.99
8,Music,Talk About Love,roger glover,0.0
1,Music,Talk About Love,roger glover,0.0
8,Music,Talk About The Passion,R.E.M.,0.99
1,Music,Talk About The Passion,R.E.M.,0.99
8,Music,Talkin Loud and Saying Nothin,James Brown & Bobby Byrd,0.0
1,Music,Talkin Loud and Saying Nothin,James Brown & Bobby Byrd,0.0
8,Music,Talkin' 'Bout Women Obviously,Amos Blakemore/Buddy Guy,0.0
1,Music,Talkin' 'Bout Women Obviously,Amos Blakemore/Buddy Guy,0.0
1,Music,Tangerine,Jimmy Page,0.0
8,Music,Tangerine,Jimmy Page,0.0
1,Music,Tanto Tempo,Vários,1.98
8,Music,Tanto Tempo,Vários,1.98
1,Music,"Tapa Aqui, Descobre Ali",Paulo Levi/W. Rangel,0.99
8,Music,"Tapa Aqui, Descobre Ali",Paulo Levi/W. Rangel,0.99
1,Music,Tarde Em Itapoã,Vários,1.98
8,Music,Tarde Em Itapoã,Vários,1.98
1,Music,Tatuagem,,0.99
8,Music,Tatuagem,,0.99
8,Music,Tea For One,Jimmy Page/Robert Plant,0.99
1,Music,Tea For One,Jimmy Page/Robert Plant,0.99
8,Music,Tear,"Anthony Kiedis, Flea, John Frusciante, and Chad Smith",1.98
1,Music,Tear,"Anthony Kiedis, Flea, John Frusciante, and Chad Smith",1.98
8,Music,Tears Dry On Their Own,Nickolas Ashford & Valerie Simpson,0.99
1,Music,Tears Dry On Their Own,Nickolas Ashford & Valerie Simpson,0.99
1,Music,Tears In Heaven,"Eric Clapton, Will Jennings",0.99
8,Music,Tears In Heaven,"Eric Clapton, Will Jennings",0.99
8,Music,Tease Me Please Me,,0.99
1,Music,Tease Me Please Me,,0.99
8,Music,Televisão,Titãs,0.0
1,Music,Televisão,Titãs,0.0
8,Music,Tempo Perdido,Renato Russo,1.98
1,Music,Tempo Perdido,Renato Russo,1.98
1,Music,Tempo Rei,Gilberto Gil,0.99
8,Music,Tempo Rei,Gilberto Gil,0.99
8,Music,Tempos Modernos,Lulu Santos,0.99
1,Music,Tempos Modernos,Lulu Santos,0.99
1,Music,Temptation,The Tea Party,0.0
1,Music,Temptation,The Tea Party,0.0
8,Music,Temptation,The Tea Party,0.0
8,Music,Temptation,The Tea Party,0.0
1,Music,Tempus Fugit,Miles Davis,0.0
8,Music,Tempus Fugit,Miles Davis,0.0
1,Music,Ten Years Gone,Robert Plant,0.99
8,Music,Ten Years Gone,Robert Plant,0.99
1,Music,Tendo A Lua,Herbert Vianna/Tet Tillett,0.0
1,Music,Tendo A Lua,Herbert Vianna/Tetê Tillet,0.99
8,Music,Tendo A Lua,Herbert Vianna/Tet Tillett,0.0
8,Music,Tendo A Lua,Herbert Vianna/Tetê Tillet,0.99
8,Music,Tenho Sede,Gilberto Gil,0.0
1,Music,Tenho Sede,Gilberto Gil,0.0
1,Music,Tequila - Lourinha Bombril (Parate Y Mira),Bahiano/Chuck Rio/Diego Blanco/Herbert Vianna,0.0
8,Music,Tequila - Lourinha Bombril (Parate Y Mira),Bahiano/Chuck Rio/Diego Blanco/Herbert Vianna,0.0
8,Music,Terra,Caetano Veloso,0.99
8,Music,Terra,,0.0
1,Music,Terra,,0.0
1,Music,Terra,Caetano Veloso,0.99
8,Music,Territorial Pissings,Kurt Cobain,0.99
1,Music,Territorial Pissings,Kurt Cobain,0.99
1,Music,Texarkana,Bill Berry/Michael Stipe/Mike Mills/Peter Buck,0.99
8,Music,Texarkana,Bill Berry/Michael Stipe/Mike Mills/Peter Buck,0.99
8,Music,Thank You,Robert Plant,0.99
1,Music,Thank You,"Jimmy Page, Robert Plant",0.99
8,Music,Thank You,"Jimmy Page, Robert Plant",0.99
1,Music,Thank You,Robert Plant,0.99
1,Music,That's Life,dean kay thompson/kelly gordon,0.0
8,Music,That's Life,dean kay thompson/kelly gordon,0.0
1,Music,That's The Way,"Jimmy Page, Robert Plant",0.99
1,Music,That's The Way,Robert Plant,0.99
8,Music,That's The Way,Robert Plant,0.99
8,Music,That's The Way,"Jimmy Page, Robert Plant",0.99
8,Music,The Aftermath,Blaze Bayley/Janick Gers/Steve Harris,1.98
1,Music,The Aftermath,Blaze Bayley/Janick Gers/Steve Harris,1.98
8,Music,The Alchemist,Roy Z,0.99
1,Music,The Alchemist,Roy Z,0.99
1,Music,The Angel And The Gambler,Steve Harris,0.99
8,Music,The Angel And The Gambler,Steve Harris,0.99
8,Music,The Apparition,Janick Gers/Steve Harris,0.0
1,Music,The Apparition,Janick Gers/Steve Harris,0.0
8,Music,The Assassin,Steve Harris,0.99
1,Music,The Assassin,Steve Harris,0.99
8,Music,The Aviator,"Ian Gillan, Roger Glover, Jon Lord, Steve Morse, Ian Paice",0.0
1,Music,The Aviator,"Ian Gillan, Roger Glover, Jon Lord, Steve Morse, Ian Paice",0.0
8,Music,The Awakening,Sully Erna,0.0
1,Music,The Awakening,Sully Erna,0.0
1,Music,The Battle Of Evermore,"Jimmy Page, Robert Plant",0.0
8,Music,The Battle Of Evermore,"Jimmy Page, Robert Plant",0.0
1,Music,The Battle Rages On,ian paice/jon lord,0.99
8,Music,The Battle Rages On,ian paice/jon lord,0.99
1,Music,The Bazaar,The Tea Party,0.0
8,Music,The Bazaar,The Tea Party,0.0
1,Music,The Begining... At Last,,0.99
8,Music,The Begining... At Last,,0.99
1,Music,The Beginning...At Last,,0.99
8,Music,The Beginning...At Last,,0.99
1,Music,The Best Is Yet To Come,carolyn leigh/cy coleman,0.0
8,Music,The Best Is Yet To Come,carolyn leigh/cy coleman,0.0
1,Music,The Call Of Ktulu,Metallica,0.99
8,Music,The Call Of Ktulu,Metallica,0.99
8,Music,The Call Up,The Clash,0.0
1,Music,The Call Up,The Clash,0.0
1,Music,The Calling,Carlos Santana & C. Thompson,0.0
8,Music,The Calling,Carlos Santana & C. Thompson,0.0
1,Music,The Chase Is Better Than The Catch,Clarke/Kilmister/Taylor,0.0
8,Music,The Chase Is Better Than The Catch,Clarke/Kilmister/Taylor,0.0
8,Music,The Clairvoyant,,0.0
1,Music,The Clairvoyant,,0.0
1,Music,The Clairvoyant,Steve Harris,0.0
1,Music,The Clairvoyant,Adrian Smith; Bruce Dickinson; Steve Harris,1.98
8,Music,The Clairvoyant,Adrian Smith; Bruce Dickinson; Steve Harris,1.98
8,Music,The Clairvoyant,Steve Harris,0.0
8,Music,The Clansman,Steve Harris,0.0
1,Music,The Clansman,Steve Harris,0.0
1,Music,The Clansman,Steve Harris,0.0
8,Music,The Clansman,Steve Harris,0.0
8,Music,The Crunge,John Bonham/John Paul Jones,0.99
1,Music,The Crunge,John Bonham/John Paul Jones,0.99
8,Music,The Crystal Ship,"Robby Krieger, Ray Manzarek, John Densmore, Jim Morrison",0.99
1,Music,The Crystal Ship,"Robby Krieger, Ray Manzarek, John Densmore, Jim Morrison",0.99
1,Music,The Curse,"Cornell, Commerford, Morello, Wilk",0.0
8,Music,The Curse,"Cornell, Commerford, Morello, Wilk",0.0
8,Music,The Cut Runs Deep,"Blackmore, Glover, Turner, Lord, Paice",0.99
1,Music,The Cut Runs Deep,"Blackmore, Glover, Turner, Lord, Paice",0.99
8,Music,The Day I Tried To Live,Chris Cornell,0.99
1,Music,The Day I Tried To Live,Chris Cornell,0.99
8,Music,The Deeper The Love,Vandenberg,0.99
1,Music,The Deeper The Love,Vandenberg,0.99
1,Music,The Deepest Blues Are Black,"Dave Grohl, Taylor Hawkins, Nate Mendel, Chris Shiflett",0.0
8,Music,The Deepest Blues Are Black,"Dave Grohl, Taylor Hawkins, Nate Mendel, Chris Shiflett",0.0
1,Music,The Duke,Dave Brubeck,1.98
8,Music,The Duke,Dave Brubeck,1.98
1,Music,The Edge Of Darkness,Blaze Bayley/Janick Gers/Steve Harris,0.0
8,Music,The Edge Of Darkness,Blaze Bayley/Janick Gers/Steve Harris,0.0
1,Music,The Educated Fool,Steve Harris,0.99
8,Music,The Educated Fool,Steve Harris,0.99
1,Music,The End,"Robby Krieger, Ray Manzarek, John Densmore, Jim Morrison",0.0
8,Music,The End,"Robby Krieger, Ray Manzarek, John Densmore, Jim Morrison",0.0
8,Music,The Everlasting Gaze,Billy Corgan,0.0
1,Music,The Everlasting Gaze,Billy Corgan,0.0
8,Music,The Evil That Men Do,Adrian Smith/Bruce Dickinson/Steve Harris,0.0
1,Music,The Evil That Men Do,,0.99
1,Music,The Evil That Men Do,Adrian Smith; Bruce Dickinson; Steve Harris,0.99
8,Music,The Evil That Men Do,Adrian Smith; Bruce Dickinson; Steve Harris,0.99
1,Music,The Evil That Men Do,Adrian Smith/Bruce Dickinson/Steve Harris,0.0
8,Music,The Evil That Men Do,,0.99
8,Music,The Evil That Men Do,Adrian Smith/Bruce Dickinson/Steve Harris,0.0
1,Music,The Evil That Men Do,Adrian Smith/Bruce Dickinson/Steve Harris,0.0
8,Music,The Fallen Angel,Adrian Smith/Steve Harris,0.0
1,Music,The Fallen Angel,Adrian Smith/Steve Harris,0.0
1,Music,The Finest Worksong,R.E.M.,0.99
8,Music,The Finest Worksong,R.E.M.,0.99
8,Music,The First Time,U2; Bono,0.99
1,Music,The First Time,U2; Bono,0.99
8,Music,The Fly,U2,0.99
1,Music,The Fly,U2,0.99
1,Music,The Four Horsemen,"James Hetfield, Lars Ulrich, Dave Mustaine",0.99
8,Music,The Four Horsemen,"James Hetfield, Lars Ulrich, Dave Mustaine",0.99
1,Music,The Frayed Ends Of Sanity,"James Hetfield, Lars Ulrich and Kirk Hammett",0.99
8,Music,The Frayed Ends Of Sanity,"James Hetfield, Lars Ulrich and Kirk Hammett",0.99
8,Music,The Fugitive,Steve Harris,0.99
1,Music,The Fugitive,Steve Harris,0.99
8,Music,The Full Bug,Alex Van Halen/David Lee Roth/Edward Van Halen/Michael Anthony,0.0
1,Music,The Full Bug,Alex Van Halen/David Lee Roth/Edward Van Halen/Michael Anthony,0.0
8,Music,The Garden,,1.98
1,Music,The Garden,,1.98
1,Music,The Gentle Art Of Making Enemies,"Mike Bordin, Billy Gould, Mike Patton",0.99
8,Music,The Gentle Art Of Making Enemies,"Mike Bordin, Billy Gould, Mike Patton",0.99
1,Music,The Girl From Ipanema,antonio carlos jobim/norman gimbel/vinicius de moraes,0.0
8,Music,The Girl From Ipanema,antonio carlos jobim/norman gimbel/vinicius de moraes,0.0
8,Music,The Girl I Love She Got Long Black Wavy Hair,Jimmy Page/John Bonham/John Estes/John Paul Jones/Robert Plant,0.0
1,Music,The Girl I Love She Got Long Black Wavy Hair,Jimmy Page/John Bonham/John Estes/John Paul Jones/Robert Plant,0.0
1,Music,The God That Failed,Ulrich,0.99
8,Music,The God That Failed,Ulrich,0.99
1,Music,The Great Gig In The Sky,"Wright, Waters",0.99
8,Music,The Great Gig In The Sky,"Wright, Waters",0.99
8,Music,The Green Manalishi,,0.0
1,Music,The Green Manalishi,,0.0
8,Music,The Greeting Song,Anthony Kiedis/Chad Smith/Flea/John Frusciante,0.0
1,Music,The Greeting Song,Anthony Kiedis/Chad Smith/Flea/John Frusciante,0.0
8,Music,The Gypsy,D.Coverdale/G.Hughes/Glenn Hughes/I.Paice/Ian Paice/J.Lord/John Lord/R.Blackmore/Ritchie Blackmore,0.0
1,Music,The Gypsy,D.Coverdale/G.Hughes/Glenn Hughes/I.Paice/Ian Paice/J.Lord/John Lord/R.Blackmore/Ritchie Blackmore,0.0
1,Music,The Hammer,Clarke/Kilmister/Taylor,0.0
8,Music,The Hammer,Clarke/Kilmister/Taylor,0.0
8,Music,The Hellion,,0.0
1,Music,The Hellion,,0.0
1,Music,The House Is Rockin',Doyle Bramhall/Stevie Ray Vaughan,0.0
8,Music,The House Is Rockin',Doyle Bramhall/Stevie Ray Vaughan,0.0
8,Music,The House Jack Built,"James Hetfield, Lars Ulrich, Kirk Hammett",1.98
1,Music,The House Jack Built,"James Hetfield, Lars Ulrich, Kirk Hammett",1.98
1,Music,The Ides Of March,Steve Harris,0.99
8,Music,The Ides Of March,Steve Harris,0.99
1,Music,The Invisible Man,Queen,0.99
8,Music,The Invisible Man,Queen,0.99
8,Music,The Kids,Toby Smith,0.0
1,Music,The Kids,Toby Smith,0.0
8,Music,The Lady Is A Tramp,lorenz hart/richard rodgers,0.0
1,Music,The Lady Is A Tramp,lorenz hart/richard rodgers,0.0
8,Music,The Last Remaining Light,Audioslave/Chris Cornell,0.99
1,Music,The Last Remaining Light,Audioslave/Chris Cornell,0.99
8,Music,The Last Song,"Dave Grohl, Taylor Hawkins, Nate Mendel, Chris Shiflett",1.98
1,Music,The Last Song,"Dave Grohl, Taylor Hawkins, Nate Mendel, Chris Shiflett",1.98
8,Music,The Last Time,Jagger/Richards,0.0
1,Music,The Last Time,Jagger/Richards,0.0
1,Music,The Last To Know,"Mike Bordin, Billy Gould, Mike Patton",0.0
8,Music,The Last To Know,"Mike Bordin, Billy Gould, Mike Patton",0.0
8,Music,The Legacy,,0.0
1,Music,The Legacy,,0.0
1,Music,The Lemon Song,"Jimmy Page, Robert Plant, John Paul Jones, John Bonham",0.99
8,Music,The Lemon Song,"Jimmy Page, Robert Plant, John Paul Jones, John Bonham",0.99
1,Music,The Loneliness of the Long Dis,Steve Harris,0.0
8,Music,The Loneliness of the Long Dis,Steve Harris,0.0
1,Music,The Longest Day,,0.0
8,Music,The Longest Day,,0.0
8,Music,The Magnificent Seven,The Clash,0.0
1,Music,The Magnificent Seven,The Clash,0.0
8,Music,The Maids Of Cadiz,L. Delibes,0.0
1,Music,The Maids Of Cadiz,L. Delibes,0.0
1,Music,The Meaning Of The Blues,"R. Troup, L. Worth",0.99
8,Music,The Meaning Of The Blues,"R. Troup, L. Worth",0.99
1,Music,The Meaning Of The Blues/Lament (Alternate Take),"J.J. Johnson/R. Troup, L. Worth",0.0
8,Music,The Meaning Of The Blues/Lament (Alternate Take),"J.J. Johnson/R. Troup, L. Worth",0.0
1,Music,The Memory Remains,"Hetfield, Ulrich",0.99
8,Music,The Memory Remains,"Hetfield, Ulrich",0.99
8,Music,The Mercenary,Janick Gers/Steve Harris,0.0
1,Music,The Mercenary,Janick Gers/Steve Harris,0.0
1,Music,The Mercenary,Janick Gers/Steve Harris,0.0
8,Music,The Mercenary,Janick Gers/Steve Harris,0.0
8,Music,The Messenger,Daniel Lanois,0.0
1,Music,The Messenger,Daniel Lanois,0.0
1,Music,"The Messiah: Behold, I Tell You a Mystery... The Trumpet Shall Sound",George Frideric Handel,0.99
8,Music,"The Messiah: Behold, I Tell You a Mystery... The Trumpet Shall Sound",George Frideric Handel,0.99
8,Music,The Midnight Special,J.C. Fogerty,1.98
1,Music,The Midnight Special,J.C. Fogerty,1.98
1,Music,The Miracle,Queen,0.0
8,Music,The Miracle,Queen,0.0
1,Music,The More I See,Molaney/Morris/Roberts/Wainwright,0.99
8,Music,The More I See,Molaney/Morris/Roberts/Wainwright,0.99
1,Music,The Morning After,Faith No More,0.99
8,Music,The Morning After,Faith No More,0.99
8,Music,The Mule,"Ritchie Blackmore, Ian Gillan, Roger Glover, Jon Lord, Ian Paice",0.0
1,Music,The Mule,"Ritchie Blackmore, Ian Gillan, Roger Glover, Jon Lord, Ian Paice",0.0
8,Music,The Nomad,David Murray/Steve Harris,0.0
1,Music,The Nomad,David Murray/Steve Harris,0.0
1,Music,The Number Of The Beast,Steve Harris,1.98
8,Music,The Number Of The Beast,Harris,0.99
1,Music,The Number Of The Beast,Steve Harris,0.0
1,Music,The Number Of The Beast,,0.0
8,Music,The Number Of The Beast,Steve Harris,1.98
1,Music,The Number Of The Beast,Steve Harris,0.99
1,Music,The Number Of The Beast,Harris,0.99
8,Music,The Number Of The Beast,,0.0
8,Music,The Number Of The Beast,Steve Harris,0.99
8,Music,The Number Of The Beast,Steve Harris,0.0
1,Music,"The Nutcracker, Op. 71a, Act II: Scene 14: Pas de deux: Dance of the Prince & the Sugar-Plum Fairy",Peter Ilyich Tchaikovsky,0.0
8,Music,"The Nutcracker, Op. 71a, Act II: Scene 14: Pas de deux: Dance of the Prince & the Sugar-Plum Fairy",Peter Ilyich Tchaikovsky,0.0
1,Music,The Ocean,John Bonham/John Paul Jones,0.99
8,Music,The Ocean,John Bonham/John Paul Jones,0.99
1,Music,The One I Love,R.E.M.,0.0
8,Music,The One I Love,R.E.M.,0.0
1,Music,The Other Side,"Steven Tyler, Jim Vallance",0.0
8,Music,The Other Side,"Steven Tyler, Jim Vallance",0.0
8,Music,The Outlaw Torn,"James Hetfield, Lars Ulrich",0.99
1,Music,The Outlaw Torn,"James Hetfield, Lars Ulrich",0.99
8,Music,The Pan Piper,Miles Davis,0.99
1,Music,The Pan Piper,Miles Davis,0.99
1,Music,The Pilgrim,,0.99
8,Music,The Pilgrim,,0.99
8,Music,The Playboy Mansion,"Bono, The Edge, Adam Clayton, and Larry Mullen",0.99
1,Music,The Playboy Mansion,"Bono, The Edge, Adam Clayton, and Larry Mullen",0.99
1,Music,The Power Of Equality,Anthony Kiedis/Chad Smith/Flea/John Frusciante,0.99
8,Music,The Power Of Equality,Anthony Kiedis/Chad Smith/Flea/John Frusciante,0.99
8,Music,The Prince,Harris/Tatler,0.0
1,Music,The Prince,Harris/Tatler,0.0
1,Music,The Prisoner,Adrian Smith/Steve Harris,1.98
8,Music,The Prisoner,Adrian Smith/Steve Harris,1.98
1,Music,The Prophecy,Dave Murray; Steve Harris,0.99
8,Music,The Prophecy,Dave Murray; Steve Harris,0.99
8,Music,The Purpendicular Waltz,"Ian Gillan, Roger Glover, Jon Lord, Steve Morse, Ian Paice",0.0
1,Music,The Purpendicular Waltz,"Ian Gillan, Roger Glover, Jon Lord, Steve Morse, Ian Paice",0.0
1,Music,The Rain Song,Jimmy Page/Jimmy Page & Robert Plant/Robert Plant,0.0
8,Music,The Rain Song,Jimmy Page/Jimmy Page & Robert Plant/Robert Plant,0.0
1,Music,The Real Problem,,0.0
8,Music,The Real Problem,,0.0
8,Music,The Real Thing,Faith No More,0.0
1,Music,The Real Thing,Faith No More,0.0
1,Music,The Refugee,U2,0.0
8,Music,The Refugee,U2,0.0
1,Music,The Reincarnation of Benjamin Breeg,,0.0
8,Music,The Reincarnation of Benjamin Breeg,,0.0
1,Music,The Right Thing,Mick Hucknall,0.99
8,Music,The Right Thing,Mick Hucknall,0.99
8,Music,The Righteous & The Wicked,Anthony Kiedis/Chad Smith/Flea/John Frusciante,0.0
1,Music,The Righteous & The Wicked,Anthony Kiedis/Chad Smith/Flea/John Frusciante,0.0
1,Music,The River (Remix),The Tea Party,0.99
8,Music,The River (Remix),The Tea Party,0.99
1,Music,The Rover,Jimmy Page/Robert Plant,0.0
8,Music,The Rover,Jimmy Page/Robert Plant,0.0
1,Music,The Saint,Billy Duffy/Ian Astbury,0.0
8,Music,The Saint,Billy Duffy/Ian Astbury,0.0
8,Music,The Seeker,Pete Townshend,0.99
1,Music,The Seeker,Pete Townshend,0.99
1,Music,The Shortest Straw,James Hetfield and Lars Ulrich,0.0
8,Music,The Shortest Straw,James Hetfield and Lars Ulrich,0.0
1,Music,The Show Must Go On,Queen,0.99
8,Music,The Show Must Go On,Queen,0.99
1,Music,The Small Hours,Holocaust,0.99
8,Music,The Small Hours,Holocaust,0.99
8,Music,The Song Remains The Same,Robert Plant,0.0
8,Music,The Song Remains The Same,Jimmy Page/Jimmy Page & Robert Plant/Robert Plant,0.0
1,Music,The Song Remains The Same,Robert Plant,0.0
1,Music,The Song Remains The Same,Jimmy Page/Jimmy Page & Robert Plant/Robert Plant,0.0
8,Music,The Spirit Of Radio,Geddy Lee And Alex Lifeson/Geddy Lee And Neil Peart/Rush,0.0
1,Music,The Spirit Of Radio,Geddy Lee And Alex Lifeson/Geddy Lee And Neil Peart/Rush,0.0
8,Music,The Star Spangled Banner,"Hendrix, Jimi",1.98
1,Music,The Star Spangled Banner,"Hendrix, Jimi",1.98
8,Music,The Struggle Within,Ulrich,0.99
1,Music,The Struggle Within,Ulrich,0.99
1,Music,The Sun Road,"Terry Bozzio, Steve Stevens, Tony Levin",0.99
8,Music,The Sun Road,"Terry Bozzio, Steve Stevens, Tony Levin",0.99
1,Music,The Temples Of Syrinx,Geddy Lee And Alex Lifeson/Geddy Lee And Neil Peart/Rush,0.0
8,Music,The Temples Of Syrinx,Geddy Lee And Alex Lifeson/Geddy Lee And Neil Peart/Rush,0.0
1,Music,The Thin Line Between Love & Hate,David Murray/Steve Harris,1.98
8,Music,The Thin Line Between Love & Hate,David Murray/Steve Harris,1.98
8,Music,The Thing That Should Not Be,K.Hammett,0.99
1,Music,The Thing That Should Not Be,K.Hammett,0.99
1,Music,The Three Sunrises,U2,0.99
8,Music,The Three Sunrises,U2,0.99
8,Music,The Tower,Roy Z,0.99
1,Music,The Tower,Roy Z,0.99
8,Music,The Trees,Geddy Lee And Alex Lifeson/Geddy Lee And Neil Peart/Rush,0.0
1,Music,The Trees,Geddy Lee And Alex Lifeson/Geddy Lee And Neil Peart/Rush,0.0
1,Music,The Trooper,Steve Harris,0.99
8,Music,The Trooper,,1.98
8,Music,The Trooper,Steve Harris,0.99
1,Music,The Trooper,Harris,0.99
1,Music,The Trooper,,1.98
8,Music,The Trooper,Harris,0.99
8,Music,The Trooper,Steve Harris,0.99
8,Music,The Trooper,Steve Harris,0.0
1,Music,The Trooper,Steve Harris,0.0
1,Music,The Trooper,Steve Harris,0.99
8,Music,The Unbeliever,Janick Gers/Steve Harris,0.99
1,Music,The Unbeliever,Janick Gers/Steve Harris,0.99
1,Music,The Unforgettable Fire,U2,0.99
8,Music,The Unforgettable Fire,U2,0.99
8,Music,The Unforgiven,Apocalyptica,0.99
8,Music,The Unforgiven,"James Hetfield, Lars Ulrich and Kirk Hammett",0.99
1,Music,The Unforgiven,Apocalyptica,0.99
1,Music,The Unforgiven,"James Hetfield, Lars Ulrich and Kirk Hammett",0.99
8,Music,The Unforgiven II,"Hetfield, Ulrich, Hammett",1.98
1,Music,The Unforgiven II,"Hetfield, Ulrich, Hammett",1.98
8,Music,The Unnamed Feeling,Bob Rock/James Hetfield/Kirk Hammett/Lars Ulrich,0.0
1,Music,The Unnamed Feeling,Bob Rock/James Hetfield/Kirk Hammett/Lars Ulrich,0.0
1,Music,The Unwritten Law,"Richie Blackmore, Ian Gillian, Roger Glover, Ian Paice",0.99
8,Music,The Unwritten Law,"Richie Blackmore, Ian Gillian, Roger Glover, Ian Paice",0.99
1,Music,The Wait,Killing Joke,0.99
8,Music,The Wait,Killing Joke,0.99
1,Music,The Wake-Up Bomb,Bill Berry-Peter Buck-Mike Mills-Michael Stipe,0.99
8,Music,The Wake-Up Bomb,Bill Berry-Peter Buck-Mike Mills-Michael Stipe,0.99
8,Music,The Wanderer,U2; Bono,0.99
1,Music,The Wanderer,U2; Bono,0.99
1,Music,The Wanton Song,Robert Plant,0.0
8,Music,The Wanton Song,Robert Plant,0.0
1,Music,The Way You Do To Mer,,0.0
8,Music,The Way You Do To Mer,,0.0
1,Music,The Wicker Man,Adrian Smith/Bruce Dickinson/Steve Harris,0.99
1,Music,The Wicker Man,Adrian Smith/Bruce Dickinson/Steve Harris,0.99
8,Music,The Wicker Man,Adrian Smith/Bruce Dickinson/Steve Harris,0.99
8,Music,The Wicker Man,Adrian Smith/Bruce Dickinson/Steve Harris,0.99
8,Music,The Wind Cries Mary,Jimi Hendrix,0.99
1,Music,The Wind Cries Mary,Jimi Hendrix,0.99
8,Music,The Winner Loses,,0.0
1,Music,The Winner Loses,,0.0
1,Music,The Witch,,0.0
8,Music,The Witch,,0.0
8,Music,The Wizard,,0.0
1,Music,The Wizard,,0.0
1,Music,The Wizard,,0.0
8,Music,The Wizard,,0.0
1,Music,The Worm,"Cornell, Commerford, Morello, Wilk",0.0
8,Music,The Worm,"Cornell, Commerford, Morello, Wilk",0.0
8,Music,The Worst,Jagger/Richards,0.0
1,Music,The Worst,Jagger/Richards,0.0
8,Music,The Wrong Child,Bill Berry-Peter Buck-Mike Mills-Michael Stipe,0.99
1,Music,The Wrong Child,Bill Berry-Peter Buck-Mike Mills-Michael Stipe,0.99
8,Music,The Zephyr Song,"Anthony Kiedis, Flea, John Frusciante, and Chad Smith",0.99
1,Music,The Zephyr Song,"Anthony Kiedis, Flea, John Frusciante, and Chad Smith",0.99
8,Music,The Zoo,,0.99
1,Music,The Zoo,,0.99
1,Music,The pleasant pheasant,Billy Cobham,0.0
8,Music,The pleasant pheasant,Billy Cobham,0.0
8,Music,Theme From Let's Go Native,"Brian Eno, Bono, Adam Clayton, The Edge & Larry Mullen Jnr.",0.0
1,Music,Theme From Let's Go Native,"Brian Eno, Bono, Adam Clayton, The Edge & Larry Mullen Jnr.",0.0
1,Music,Theme From The Swan,"Brian Eno, Bono, Adam Clayton, The Edge & Larry Mullen Jnr.",0.99
8,Music,Theme From The Swan,"Brian Eno, Bono, Adam Clayton, The Edge & Larry Mullen Jnr.",0.99
1,Music,There Goes The Neighborhood,,0.0
8,Music,There Goes The Neighborhood,,0.0
1,Music,These Colours Don't Run,,0.99
8,Music,These Colours Don't Run,,0.99
1,Music,They Can't Take That Away From Me,george gershwin/ira gershwin,0.0
8,Music,They Can't Take That Away From Me,george gershwin/ira gershwin,0.0
1,Music,They're Red Hot,Robert Johnson,0.99
8,Music,They're Red Hot,Robert Johnson,0.99
1,Music,Thick & Thin,Chris Robinson/Rich Robinson,0.0
8,Music,Thick & Thin,Chris Robinson/Rich Robinson,0.0
8,Music,Thief In The Night,De Beauport/Jagger/Richards,0.99
1,Music,Thief In The Night,De Beauport/Jagger/Richards,0.99
8,Music,Think,Lowman Pauling,0.0
1,Music,Think,Lowman Pauling,0.0
8,Music,Think About You,,0.99
1,Music,Think About You,,0.99
8,Music,Thinking 'Bout Tomorrow,Fayyaz Virgi/Richard Bull,0.99
1,Music,Thinking 'Bout Tomorrow,Fayyaz Virgi/Richard Bull,0.99
8,Music,Third Stone From The Sun,Jimi Hendrix,0.0
1,Music,Third Stone From The Sun,Jimi Hendrix,0.0
8,Music,This Cocaine Makes Me Feel Like I'm On This Song,"Tankian, Serj",0.0
1,Music,This Cocaine Makes Me Feel Like I'm On This Song,"Tankian, Serj",0.0
1,Music,This Is Radio Clash,The Clash,0.99
8,Music,This Is Radio Clash,The Clash,0.99
8,Music,This Is The Place,"Anthony Kiedis, Flea, John Frusciante, and Chad Smith",0.99
1,Music,This Is The Place,"Anthony Kiedis, Flea, John Frusciante, and Chad Smith",0.99
1,Music,This Time Around / Owed to 'G' [Instrumental],Bolin/Hughes/Lord,0.0
8,Music,This Time Around / Owed to 'G' [Instrumental],Bolin/Hughes/Lord,0.0
1,Music,This Velvet Glove,Red Hot Chili Peppers,0.0
8,Music,This Velvet Glove,Red Hot Chili Peppers,0.0
1,Music,Thorn Within,"James Hetfield, Lars Ulrich, Kirk Hammett",0.0
8,Music,Thorn Within,"James Hetfield, Lars Ulrich, Kirk Hammett",0.0
8,Music,Thrill Me,Mick Hucknall and Fritz McIntyre,0.0
1,Music,Thrill Me,Mick Hucknall and Fritz McIntyre,0.0
1,Music,Through The Never,"James Hetfield, Lars Ulrich and Kirk Hammett",0.99
8,Music,Through The Never,"James Hetfield, Lars Ulrich and Kirk Hammett",0.99
1,Music,Throw Away Your Television,"Anthony Kiedis, Flea, John Frusciante, and Chad Smith",0.0
8,Music,Throw Away Your Television,"Anthony Kiedis, Flea, John Frusciante, and Chad Smith",0.0
8,Music,Thru And Thru,Jagger/Richards,0.0
1,Music,Thru And Thru,Jagger/Richards,0.0
8,Music,Thumbing My Way,Eddie Vedder,0.0
1,Music,Thumbing My Way,Eddie Vedder,0.0
8,Music,Tightrope,Doyle Bramhall/Stevie Ray Vaughan,0.99
1,Music,Tightrope,Doyle Bramhall/Stevie Ray Vaughan,0.99
8,Music,Tim Tim Por Tim Tim,Vários,0.0
1,Music,Tim Tim Por Tim Tim,Vários,0.0
1,Music,Time,"Mason, Waters, Wright, Gilmour",0.99
8,Music,Time,"Mason, Waters, Wright, Gilmour",0.99
1,Music,Time,,0.0
8,Music,Time,,0.0
8,Music,Time After Time,Miles Davis,0.0
1,Music,Time After Time,Miles Davis,0.0
1,Music,Time Is On My Side,Jerry Ragavoy,0.99
8,Music,Time Is On My Side,Jerry Ragavoy,0.99
8,Music,Time To Kill,roger glover,0.0
1,Music,Time To Kill,roger glover,0.0
1,Music,Times Like These,Foo Fighters,1.98
8,Music,Times Like These,Foo Fighters,1.98
8,Music,Times of Trouble,,0.0
1,Music,Times of Trouble,,0.0
8,Music,Timothy,C. Cester,0.0
1,Music,Timothy,C. Cester,0.0
1,Music,Tired Of You,Foo Fighters,0.0
8,Music,Tired Of You,Foo Fighters,0.0
8,Music,Title Song,Chris Robinson/Rich Robinson,1.98
1,Music,Title Song,Chris Robinson/Rich Robinson,1.98
1,Music,To Live Is To Die,"James Hetfield, Lars Ulrich and Cliff Burton",0.99
8,Music,To Live Is To Die,"James Hetfield, Lars Ulrich and Cliff Burton",0.99
8,Music,To Tame A Land,Steve Harris,0.99
1,Music,To Tame A Land,Steve Harris,0.99
1,Music,"Toccata and Fugue in D Minor, BWV 565: I. Toccata",Johann Sebastian Bach,0.0
8,Music,"Toccata and Fugue in D Minor, BWV 565: I. Toccata",Johann Sebastian Bach,0.0
1,Music,Toda Cor,Ciro Pressoa/Marcelo Fromer,1.98
8,Music,Toda Cor,Ciro Pressoa/Marcelo Fromer,1.98
8,Music,Toda Forma De Amor,,0.0
1,Music,Toda Forma De Amor,,0.0
8,Music,Toda Menina Baiana,Gilberto Gil,0.99
1,Music,Toda Menina Baiana,Gilberto Gil,0.99
1,Music,Today,Billy Corgan,0.0
8,Music,Today,Billy Corgan,0.0
1,Music,Todo Amor (Asas Da Liberdade),,0.99
8,Music,Todo Amor (Asas Da Liberdade),,0.99
1,Music,Todo Amor Que Houver Nesta Vida,,0.99
8,Music,Todo Amor Que Houver Nesta Vida,,0.99
1,Music,Todo Mundo Explica,,0.99
8,Music,Todo Mundo Explica,,0.99
8,Music,Todo o Carnaval tem seu Fim,,0.99
1,Music,Todo o Carnaval tem seu Fim,,0.99
8,Music,Tombstone Shadow,J.C. Fogerty,0.99
1,Music,Tombstone Shadow,J.C. Fogerty,0.99
1,Music,Tommy Gun,Joe Strummer/Mick Jones,0.99
8,Music,Tommy Gun,Joe Strummer/Mick Jones,0.99
1,Music,Tomorrow's Dream,"Tony Iommi, Bill Ward, Geezer Butler, Ozzy Osbourne",0.99
8,Music,Tomorrow's Dream,"Tony Iommi, Bill Ward, Geezer Butler, Ozzy Osbourne",0.99
8,Music,"Tonight, Tonight",Billy Corgan,0.0
1,Music,"Tonight, Tonight",Billy Corgan,0.0
8,Music,Too Fast For Love,Nikki Sixx,0.0
1,Music,Too Fast For Love,Nikki Sixx,0.0
8,Music,Too Late Too Late,Clarke/Kilmister/Tayler,0.0
1,Music,Too Late Too Late,Clarke/Kilmister/Tayler,0.0
8,Music,Too Many Tears,Adrian Vanderberg/David Coverdale,0.0
1,Music,Too Many Tears,Adrian Vanderberg/David Coverdale,0.0
1,Music,Too Many Ways (Alternate),Willie Dixon,0.0
8,Music,Too Many Ways (Alternate),Willie Dixon,0.0
8,Music,Too Much Is Not Enough,"Turner, Held, Greenwood",0.0
1,Music,Too Much Is Not Enough,"Turner, Held, Greenwood",0.0
1,Music,Too Young To Die,"Smith, Toby",0.99
8,Music,Too Young To Die,"Smith, Toby",0.99
1,Music,Top O' The Morning To Ya,E. Schrody/L. Dimant,0.99
8,Music,Top O' The Morning To Ya,E. Schrody/L. Dimant,0.99
1,Music,Top Top,Os Mutantes - Arnolpho Lima Filho,0.99
8,Music,Top Top,Os Mutantes - Arnolpho Lima Filho,0.99
1,Music,Tourette's,Kurt Cobain,0.0
8,Music,Tourette's,Kurt Cobain,0.0
8,Music,Trac Trac,Fito Paez/Herbert Vianna,0.99
1,Music,Trac Trac,Fito Paez/Herbert Vianna,0.99
1,Music,Tradição,Adalto Magalha/Lourenco,0.99
8,Music,Tradição,Adalto Magalha/Lourenco,0.99
8,Music,Train In Vain,Joe Strummer/Mick Jones,1.98
1,Music,Train In Vain,Joe Strummer/Mick Jones,1.98
8,Music,Trampled Under Foot,John Paul Jones,0.99
1,Music,Trampled Under Foot,John Paul Jones,0.99
8,Music,Transmission,The Tea Party,0.0
1,Music,Transmission,The Tea Party,0.0
8,Music,Transylvania,Steve Harris,0.99
1,Music,Transylvania,Steve Harris,0.99
8,Music,Trapped Under Ice,Metallica,0.0
1,Music,Trapped Under Ice,Metallica,0.0
8,Music,"Trash, Trampoline And The Party Girl",U2,0.99
1,Music,"Trash, Trampoline And The Party Girl",U2,0.99
1,Music,Trastevere,"Milton Nascimento, Ronaldo Bastos",0.0
8,Music,Trastevere,"Milton Nascimento, Ronaldo Bastos",0.0
8,Music,Travelin' Band,J. C. Fogerty,0.0
1,Music,Travelin' Band,J. C. Fogerty,0.0
8,Music,Travelling Riverside Blues,Jimmy Page/Robert Johnson/Robert Plant,0.99
1,Music,Travelling Riverside Blues,Jimmy Page/Robert Johnson/Robert Plant,0.99
1,Music,Travis Walk,Stevie Ray Vaughan,1.98
8,Music,Travis Walk,Stevie Ray Vaughan,1.98
1,Music,Tres Reis,,0.0
8,Music,Tres Reis,,0.0
1,Music,TriboTchan,Cal Adan/Paulo Levi,0.99
8,Music,TriboTchan,Cal Adan/Paulo Levi,0.99
8,Music,Trocando Em Miúdos,,0.99
1,Music,Trocando Em Miúdos,,0.99
1,Music,True Believers,Billy Duffy/Ian Astbury,0.99
8,Music,True Believers,Billy Duffy/Ian Astbury,0.99
8,Music,Trupets Of Jericho,Roy Z,0.99
1,Music,Trupets Of Jericho,Roy Z,0.99
1,Music,Truth Hurts,"Blackmore, Glover, Turner",0.0
8,Music,Truth Hurts,"Blackmore, Glover, Turner",0.0
1,Music,Tryin' To Throw Your Arms Around The World,U2,0.0
8,Music,Tryin' To Throw Your Arms Around The World,U2,0.0
8,Music,Três Lados,Chico Amaral/Samuel Rosa,0.99
1,Music,Três Lados,Chico Amaral/Samuel Rosa,0.99
8,Music,Tucuruvi 2001,,0.0
1,Music,Tucuruvi 2001,,0.0
1,Music,Tudo Bem,,0.99
8,Music,Tudo Bem,,0.99
8,Music,Tudo Igual,,0.0
1,Music,Tudo Igual,,0.0
8,Music,Tudo Na Mais Santa Paz,,0.99
1,Music,Tudo Na Mais Santa Paz,,0.99
8,Music,Tuesday's Gone,Collins/Van Zandt,0.99
1,Music,Tuesday's Gone,Collins/Van Zandt,0.99
1,Music,Tuiuti,"Claudio Martins/David Lima/Kleber Rodrigues/Livre, Cesare Som",0.0
8,Music,Tuiuti,"Claudio Martins/David Lima/Kleber Rodrigues/Livre, Cesare Som",0.0
8,Music,"Turandot, Act III, Nessun dorma!",Giacomo Puccini,0.0
1,Music,"Turandot, Act III, Nessun dorma!",Giacomo Puccini,0.0
1,Music,Turbo Lover,,1.98
8,Music,Turbo Lover,,1.98
8,Music,Turn The Page,Seger,0.99
1,Music,Turn The Page,Seger,0.99
8,Music,Turn You Inside-Out,Bill Berry-Peter Buck-Mike Mills-Michael Stipe,0.0
1,Music,Turn You Inside-Out,Bill Berry-Peter Buck-Mike Mills-Michael Stipe,0.0
8,Music,Twentienth Century Fox,"Robby Krieger, Ray Manzarek, John Densmore, Jim Morrison",0.99
1,Music,Twentienth Century Fox,"Robby Krieger, Ray Manzarek, John Densmore, Jim Morrison",0.99
8,Music,Twice As Hard,Chris Robinson/Rich Robinson,0.0
1,Music,Twice As Hard,Chris Robinson/Rich Robinson,0.0
8,Music,Twist And Shout,Bert Russell/Phil Medley,0.0
1,Music,Twist And Shout,Bert Russell/Phil Medley,0.0
1,Music,Two Fanfares for Orchestra: II. Short Ride in a Fast Machine,John Adams,0.99
8,Music,Two Fanfares for Orchestra: II. Short Ride in a Fast Machine,John Adams,0.99
8,Music,Two Hearts Beat As One,U2,1.98
1,Music,Two Hearts Beat As One,U2,1.98
8,Music,Two Steps Behind [Acoustic Version],,0.99
1,Music,Two Steps Behind [Acoustic Version],,0.99
1,Music,Ty Cobb,Ben Shepherd/Chris Cornell,0.0
8,Music,Ty Cobb,Ben Shepherd/Chris Cornell,0.0
8,Music,Tyrant (Live),,0.99
1,Music,Tyrant (Live),,0.99
1,Music,Tão Seu,Samuel Rosa,0.0
8,Music,Tão Seu,Samuel Rosa,0.0
8,Music,Ugly In The Morning,"Mike Bordin, Billy Gould, Mike Patton",0.99
1,Music,Ugly In The Morning,"Mike Bordin, Billy Gould, Mike Patton",0.99
8,Music,Ultraviolet (Light My Way),U2,0.0
1,Music,Ultraviolet (Light My Way),U2,0.0
8,Music,Um Amor Puro,Djavan,0.99
1,Music,Um Amor Puro,Djavan,0.99
8,Music,Um Amor Puro,,0.99
1,Music,Um Amor Puro,,0.99
1,Music,"Um Amor, Um Lugar",Herbert Vianna,0.99
8,Music,"Um Amor, Um Lugar",Herbert Vianna,0.99
1,Music,Um Certo Alguém,,0.0
8,Music,Um Certo Alguém,,0.0
1,Music,Um Contrato Com Deus,,0.0
8,Music,Um Contrato Com Deus,,0.0
8,Music,Um Dia Qualquer,Samuel Rosa,0.99
1,Music,Um Dia Qualquer,Samuel Rosa,0.99
8,Music,Um Gosto De Sol,"Milton Nascimento, Ronaldo Bastos",0.0
1,Music,Um Gosto De Sol,"Milton Nascimento, Ronaldo Bastos",0.0
8,Music,Um Homem Chamado Alfredo,,0.99
1,Music,Um Homem Chamado Alfredo,,0.99
1,Music,Um Homem Também Chora (Guerreiro Menino),,0.0
8,Music,Um Homem Também Chora (Guerreiro Menino),,0.0
8,Music,Um Indio,,0.99
1,Music,Um Indio,,0.99
8,Music,Um Jantar Pra Dois,Vários,0.99
1,Music,Um Jantar Pra Dois,,0.0
1,Music,Um Jantar Pra Dois,Vários,0.99
8,Music,Um Jantar Pra Dois,,0.0
8,Music,Um Love,,0.99
1,Music,Um Love,,0.99
1,Music,Um Lugar ao Sol,,0.99
8,Music,Um Lugar ao Sol,,0.99
1,Music,Um Passeio No Mundo Livre,Chico Science,0.99
8,Music,Um Passeio No Mundo Livre,Chico Science,0.99
8,Music,Um Pro Outro,,0.0
1,Music,Um Pro Outro,,0.0
8,Music,Um Satélite Na Cabeça,Chico Science,0.99
1,Music,Um Satélite Na Cabeça,Chico Science,0.99
8,Music,Uma Brasileira,Carlinhos Brown/Herbert Vianna,0.99
1,Music,Uma Brasileira,Carlinhos Brown/Herbert Vianna,0.99
8,Music,Unchained,"Edward Van Halen, Alex Van Halen, David Lee Roth, Michael Anthony",0.99
1,Music,Unchained,"Edward Van Halen, Alex Van Halen, David Lee Roth, Michael Anthony",0.99
1,Music,Unchained Melody,Alex North/Hy Zaret,0.0
8,Music,Unchained Melody,Alex North/Hy Zaret,0.0
1,Music,Under My Thumb,Jagger/Richards,0.99
8,Music,Under My Thumb,Jagger/Richards,0.99
8,Music,Under Pressure,Queen & David Bowie,0.99
1,Music,Under Pressure,Queen & David Bowie,0.99
8,Music,Under The Bridge,Anthony Kiedis/Chad Smith/Flea/John Frusciante,1.98
1,Music,Under The Bridge,Anthony Kiedis/Chad Smith/Flea/John Frusciante,1.98
1,Music,Under The Sun/Every Day Comes and Goes,"Tony Iommi, Bill Ward, Geezer Butler, Ozzy Osbourne",0.99
8,Music,Under The Sun/Every Day Comes and Goes,"Tony Iommi, Bill Ward, Geezer Butler, Ozzy Osbourne",0.99
1,Music,Undertow,Bill Berry-Peter Buck-Mike Mills-Michael Stipe,1.98
8,Music,Undertow,Bill Berry-Peter Buck-Mike Mills-Michael Stipe,1.98
8,Music,Underwater Love,Faith No More,0.99
1,Music,Underwater Love,Faith No More,0.99
8,Music,Unemployable,Matt Cameron & Mike McCready,0.0
1,Music,Unemployable,Matt Cameron & Mike McCready,0.0
8,Music,Unidos Da Tijuca,"Douglas/Neves, Vicente Das/Silva, Gilmar L./Toninho Gentil/Wantuir",0.0
1,Music,Unidos Da Tijuca,"Douglas/Neves, Vicente Das/Silva, Gilmar L./Toninho Gentil/Wantuir",0.0
1,Music,United Colours,"Brian Eno, Bono, Adam Clayton, The Edge & Larry Mullen Jnr.",0.99
8,Music,United Colours,"Brian Eno, Bono, Adam Clayton, The Edge & Larry Mullen Jnr.",0.99
8,Music,Universally Speaking,"Anthony Kiedis, Flea, John Frusciante, and Chad Smith",0.0
1,Music,Universally Speaking,"Anthony Kiedis, Flea, John Frusciante, and Chad Smith",0.0
8,Music,União Da Ilha,"Dito/Djalma Falcao/Ilha, Almir Da/Márcio André",0.99
1,Music,União Da Ilha,"Dito/Djalma Falcao/Ilha, Almir Da/Márcio André",0.99
1,Music,Uns Dias,Herbert Vianna,0.99
8,Music,Uns Dias,Herbert Vianna,0.99
1,Music,Until It Sleeps,"James Hetfield, Lars Ulrich",0.99
8,Music,Until It Sleeps,"James Hetfield, Lars Ulrich",0.99
1,Music,Until My Dying Day,,0.0
8,Music,Until My Dying Day,,0.0
8,Music,Until The End Of The World,U2,0.0
1,Music,Until The End Of The World,U2,0.0
8,Music,Until We Fall,,0.99
1,Music,Until We Fall,,0.99
1,Music,Untitled,Pearl Jam,1.98
1,Music,Untitled,Bill Berry-Peter Buck-Mike Mills-Michael Stipe,1.98
8,Music,Untitled,Pearl Jam,1.98
8,Music,Untitled,Bill Berry-Peter Buck-Mike Mills-Michael Stipe,1.98
1,Music,Up An' Atom,,0.99
8,Music,Up An' Atom,,0.99
8,Music,Up Around The Bend,J. C. Fogerty,0.99
1,Music,Up Around The Bend,J. C. Fogerty,0.99
8,Music,Up In Arms,"Dave, Taylor, Nate, Chris",0.0
1,Music,Up In Arms,"Dave, Taylor, Nate, Chris",0.0
1,Music,Upon A Golden Horse,"Jimmy Page, Robert Plant, Charlie Jones, Michael Lee",0.0
8,Music,Upon A Golden Horse,"Jimmy Page, Robert Plant, Charlie Jones, Michael Lee",0.0
1,Music,Us And Them,"Waters, Wright",0.0
8,Music,Us And Them,"Waters, Wright",0.0
1,Music,Vai Adiar,Alcino Corrêa/Monarco,0.0
8,Music,Vai Adiar,Alcino Corrêa/Monarco,0.0
1,Music,Vai Passar,,0.99
8,Music,Vai Passar,,0.99
1,Music,Vai Trabalhar Vagabundo,,0.0
8,Music,Vai Trabalhar Vagabundo,,0.0
8,Music,Vai Valer,Herbert Vianna,0.99
1,Music,Vai Valer,Herbert Vianna,0.99
8,Music,Vai-Vai 2001,,0.0
1,Music,Vai-Vai 2001,,0.0
8,Music,Valentino's,,0.99
1,Music,Valentino's,,0.99
1,Music,Vamo Batê Lata,Herbert Vianna,0.99
8,Music,Vamo Batê Lata,Herbert Vianna,0.99
8,Music,Vamos Dançar,,0.0
1,Music,Vamos Dançar,,0.0
1,Music,Van Diemen's Land,"Bono/Clayton, Adam/Mullen Jr., Larry/The Edge",0.0
8,Music,Van Diemen's Land,"Bono/Clayton, Adam/Mullen Jr., Larry/The Edge",0.0
1,Music,Vavoom : Ted The Mechanic,"Ian Gillan, Roger Glover, Jon Lord, Steve Morse, Ian Paice",0.99
8,Music,Vavoom : Ted The Mechanic,"Ian Gillan, Roger Glover, Jon Lord, Steve Morse, Ian Paice",0.99
8,Music,Vendedor De Caranguejo (Live),,0.0
1,Music,Vendedor De Caranguejo (Live),,0.0
1,Music,Venice Queen,"Anthony Kiedis, Flea, John Frusciante, and Chad Smith",0.0
8,Music,Venice Queen,"Anthony Kiedis, Flea, John Frusciante, and Chad Smith",0.0
1,Music,Vento No Litoral,Dado Villa-Lobos/Marcelo Bonfá,0.0
8,Music,Vento No Litoral,Dado Villa-Lobos/Marcelo Bonfá,0.0
1,Music,Verdade,Carlinhos Santana/Nelson Rufino,0.99
8,Music,Verdade,Carlinhos Santana/Nelson Rufino,0.99
8,Music,Vertigo,"Adam Clayton, Bono, Larry Mullen & The Edge",0.99
1,Music,Vertigo,"Adam Clayton, Bono, Larry Mullen & The Edge",0.99
8,Music,Victim Of Change (Live),,0.0
1,Music,Victim Of Change (Live),,0.0
1,Music,Vida Bandida (Ao Vivo),,0.0
8,Music,Vida Bandida (Ao Vivo),,0.0
1,Music,Vida Boa,Fausto Nilo - Armandinho,0.99
8,Music,Vida Boa,Fausto Nilo - Armandinho,0.99
1,Music,Vida De Cachorro,Rita Lee - Arnaldo Baptista - Sérgio Baptista,0.99
8,Music,Vida De Cachorro,Rita Lee - Arnaldo Baptista - Sérgio Baptista,0.99
8,Music,"Vinicius, Poeta Do Encontro",,0.0
1,Music,"Vinicius, Poeta Do Encontro",,0.0
8,Music,Violent Pornography,"Dolmayan, John/Malakian, Daron/Odadjian, Shavo",1.98
1,Music,Violent Pornography,"Dolmayan, John/Malakian, Daron/Odadjian, Shavo",1.98
1,Music,Viradouro,Dadinho/Gilbreto Gomes/Gustavo/P.C. Portugal/R. Mocoto,0.99
8,Music,Viradouro,Dadinho/Gilbreto Gomes/Gustavo/P.C. Portugal/R. Mocoto,0.99
8,Music,Virginia Moon,"Dave Grohl, Taylor Hawkins, Nate Mendel, Chris Shiflett/FOO FIGHTERS",0.99
1,Music,Virginia Moon,"Dave Grohl, Taylor Hawkins, Nate Mendel, Chris Shiflett/FOO FIGHTERS",0.99
8,Music,Vital E Sua Moto,,0.0
1,Music,Vital E Sua Moto,,0.0
8,Music,Vivo Isolado Do Mundo,Alcides Dias Lopes,0.0
1,Music,Vivo Isolado Do Mundo,Alcides Dias Lopes,0.0
1,Music,Voce Inteira,João Suplicy,0.99
8,Music,Voce Inteira,João Suplicy,0.99
1,Music,Voce Nao Entende Nada - Cotidiano,,0.99
8,Music,Voce Nao Entende Nada - Cotidiano,,0.99
1,Music,Voce e Linda,,0.0
8,Music,Voce e Linda,,0.0
8,Music,Você,,0.99
1,Music,Você,,0.99
8,Music,Você Fugiu,Genival Cassiano,0.99
1,Music,Você Fugiu,Genival Cassiano,0.99
8,Music,"Você Passa, Eu Acho Graça (Ao Vivo)",,0.99
1,Music,"Você Passa, Eu Acho Graça (Ao Vivo)",,0.99
8,Music,Voodoo,,1.98
1,Music,Voodoo,,1.98
1,Music,Vou Pra Ai,,0.99
8,Music,Vou Pra Ai,,0.99
8,Music,Vulcão Dub - Fui Eu,Bi Ribeira/Herbert Vianna/João Barone,0.99
1,Music,Vulcão Dub - Fui Eu,Bi Ribeira/Herbert Vianna/João Barone,0.99
8,Music,Vício,,0.0
1,Music,Vício,,0.0
1,Music,Vôo Sobre o Horizonte,J.r.Bertami/Parana,0.99
8,Music,Vôo Sobre o Horizonte,J.r.Bertami/Parana,0.99
1,Music,W.M.A.,Dave Abbruzzese/Eddie Vedder/Jeff Ament/Mike McCready/Stone Gossard,0.99
8,Music,W.M.A.,Dave Abbruzzese/Eddie Vedder/Jeff Ament/Mike McCready/Stone Gossard,0.99
8,Music,W/Brasil (Chama O Síndico),,0.0
1,Music,W/Brasil (Chama O Síndico),,0.0
8,Music,Wainting On A Friend,Jagger/Richards,0.0
1,Music,Wainting On A Friend,Jagger/Richards,0.0
1,Music,Waiting,Billy Corgan,1.98
8,Music,Waiting,Billy Corgan,1.98
8,Music,Waiting,Billie Joe Armstrong -Words Green Day -Music,0.0
1,Music,Waiting,Billie Joe Armstrong -Words Green Day -Music,0.0
1,Music,Waiting On A Sign,The Tea Party,0.99
8,Music,Waiting On A Sign,The Tea Party,0.99
1,Music,Wake Me Up When September Ends,"Mike Dint, Billie Joe, Tré Cool",0.99
8,Music,Wake Me Up When September Ends,"Mike Dint, Billie Joe, Tré Cool",0.99
1,Music,Wake Up,Alanis Morissette & Glenn Ballard,0.99
8,Music,Wake Up,Alanis Morissette & Glenn Ballard,0.99
8,Music,Wake Up Alone,Paul O'duffy,0.99
1,Music,Wake Up Alone,Paul O'duffy,0.99
8,Music,Wake Up Dead Man,"Bono, The Edge, Adam Clayton, and Larry Mullen",0.99
1,Music,Wake Up Dead Man,"Bono, The Edge, Adam Clayton, and Larry Mullen",0.99
8,Music,Walk On,"Adam Clayton, Bono, Larry Mullen, The Edge",0.99
1,Music,Walk On,"Adam Clayton, Bono, Larry Mullen, The Edge",0.99
8,Music,Walk On Water,"Steven Tyler, Joe Perry, Jack Blades, Tommy Shaw",0.0
1,Music,Walk On Water,"Steven Tyler, Joe Perry, Jack Blades, Tommy Shaw",0.0
1,Music,Walk To The Water,U2,0.99
8,Music,Walk To The Water,U2,0.99
8,Music,Walkin',Miles Davis,0.0
1,Music,Walkin',Miles Davis,0.0
1,Music,Walkin' Blues,Robert Johnson,0.99
8,Music,Walkin' Blues,Robert Johnson,0.99
1,Music,Walking After You,Dave Grohl,0.99
8,Music,Walking After You,Dave Grohl,0.99
8,Music,Walking Contradiction,Billie Joe Armstrong -Words Green Day -Music,0.99
1,Music,Walking Contradiction,Billie Joe Armstrong -Words Green Day -Music,0.99
8,Music,Walking Into Clarksdale,"Jimmy Page, Robert Plant, Charlie Jones, Michael Lee",1.98
1,Music,Walking Into Clarksdale,"Jimmy Page, Robert Plant, Charlie Jones, Michael Lee",1.98
1,Music,Walking On The Water,J.C. Fogerty,0.99
8,Music,Walking On The Water,J.C. Fogerty,0.99
1,Music,Walking Wounded,The Tea Party,0.99
8,Music,Walking Wounded,The Tea Party,0.99
8,Music,Walking on the Moon,G M Sumner,0.0
1,Music,Walking on the Moon,G M Sumner,0.0
8,Music,Wall Of Denial,Doyle Bramhall/Stevie Ray Vaughan,0.99
1,Music,Wall Of Denial,Doyle Bramhall/Stevie Ray Vaughan,0.99
1,Music,Walter's Walk,"Jimmy Page, Robert Plant",1.98
8,Music,Walter's Walk,"Jimmy Page, Robert Plant",1.98
8,Music,Wanted Dread And Alive,,0.99
1,Music,Wanted Dread And Alive,,0.99
1,Music,War (The Process),Billy Duffy/Ian Astbury,0.99
8,Music,War (The Process),Billy Duffy/Ian Astbury,0.99
8,Music,War Pigs,,1.98
8,Music,War Pigs,,0.0
8,Music,War Pigs,"Tony Iommi, Bill Ward, Geezer Butler, Ozzy Osbourne",0.0
1,Music,War Pigs,,0.0
1,Music,War Pigs,,1.98
1,Music,War Pigs,"Tony Iommi, Bill Ward, Geezer Butler, Ozzy Osbourne",0.0
1,Music,Warm Tape,"Anthony Kiedis, Flea, John Frusciante, and Chad Smith",0.0
8,Music,Warm Tape,"Anthony Kiedis, Flea, John Frusciante, and Chad Smith",0.0
1,Music,Warning,,0.0
8,Music,Warning,,0.0
8,Music,Warning,Billie Joe Armstrong -Words Green Day -Music,0.0
1,Music,Warning,Billie Joe Armstrong -Words Green Day -Music,0.0
1,Music,Wasted My Hate,"James Hetfield, Lars Ulrich, Kirk Hammett",0.0
8,Music,Wasted My Hate,"James Hetfield, Lars Ulrich, Kirk Hammett",0.0
8,Music,Wasted Reprise,Stone Gossard,0.0
1,Music,Wasted Reprise,Stone Gossard,0.0
1,Music,Wasted Years,Adrian Smith,0.0
8,Music,Wasted Years,Adrian Smith,0.0
8,Music,Wasting Love,,0.0
1,Music,Wasting Love,Bruce Dickinson/Janick Gers,0.99
1,Music,Wasting Love,Bruce Dickinson/Janick Gers,0.0
1,Music,Wasting Love,,0.0
8,Music,Wasting Love,Bruce Dickinson/Janick Gers,0.0
8,Music,Wasting Love,Bruce Dickinson/Janick Gers,0.99
8,Music,Watching the Wheels,,0.0
1,Music,Watching the Wheels,,0.0
1,Music,Waterhole (Expresso Bongo),"Kelly, Mosley, Rothery, Trewaves",0.99
8,Music,Waterhole (Expresso Bongo),"Kelly, Mosley, Rothery, Trewaves",0.99
1,Music,Wave (Os Cariocas),,0.99
8,Music,Wave (Os Cariocas),,0.99
1,Music,Wave (Vou te Contar),Antonio Carlos Jobim,0.0
8,Music,Wave (Vou te Contar),Antonio Carlos Jobim,0.0
1,Music,We Are The Champions,Mercury,1.98
8,Music,We Are The Champions,"Mercury, Freddie",0.0
8,Music,We Are The Champions,Mercury,1.98
1,Music,We Are The Champions,"Mercury, Freddie",0.0
8,Music,We Die Young,Jerry Cantrell,0.0
1,Music,We Die Young,Jerry Cantrell,0.0
8,Music,We Will Rock You,"Deacon, John/May, Brian",0.0
1,Music,We Will Rock You,May,0.99
1,Music,We Will Rock You,"Deacon, John/May, Brian",0.0
8,Music,We Will Rock You,May,0.99
8,Music,We're Gonna Groove,Ben E.King/James Bethea,0.99
1,Music,We're Gonna Groove,Ben E.King/James Bethea,0.99
1,Music,We've Got To Get Together/Jingo,,0.0
8,Music,We've Got To Get Together/Jingo,,0.0
8,Music,Wear You To The Ball,,0.99
1,Music,Wear You To The Ball,,0.99
8,Music,Wearing And Tearing,"Jimmy Page, Robert Plant",0.99
1,Music,Wearing And Tearing,"Jimmy Page, Robert Plant",0.99
8,Music,Weekend Warrior,Janick Gers/Steve Harris,0.0
1,Music,Weekend Warrior,Janick Gers/Steve Harris,0.0
1,Music,Welcome Home (Sanitarium),K.Hammett,0.99
8,Music,Welcome Home (Sanitarium),K.Hammett,0.99
8,Music,Welcome Home (Sanitarium),Apocalyptica,1.98
1,Music,Welcome Home (Sanitarium),Apocalyptica,1.98
8,Music,Welcome To Paradise,Billie Joe Armstrong -Words Green Day -Music,0.0
1,Music,Welcome To Paradise,Billie Joe Armstrong -Words Green Day -Music,0.0
1,Music,Welcome to the Jungle,,0.99
8,Music,Welcome to the Jungle,,0.99
1,Music,"Wellington's Victory or the Battle Symphony, Op.91: 2. Symphony of Triumph",Ludwig van Beethoven,0.99
8,Music,"Wellington's Victory or the Battle Symphony, Op.91: 2. Symphony of Triumph",Ludwig van Beethoven,0.99
1,Music,Were Do We Go From Here,Jay Kay,0.99
8,Music,Were Do We Go From Here,Jay Kay,0.99
1,Music,Westwood Moon,,0.0
8,Music,Westwood Moon,,0.0
1,Music,Wet My Bed,R. DeLeo/Weiland,0.99
8,Music,Wet My Bed,R. DeLeo/Weiland,0.99
8,Music,What A Day,"Mike Bordin, Billy Gould, Mike Patton",1.98
1,Music,What A Day,"Mike Bordin, Billy Gould, Mike Patton",1.98
1,Music,What If I Do?,"Dave Grohl, Taylor Hawkins, Nate Mendel, Chris Shiflett/FOO FIGHTERS",0.99
8,Music,What If I Do?,"Dave Grohl, Taylor Hawkins, Nate Mendel, Chris Shiflett/FOO FIGHTERS",0.99
1,Music,What Is And What Should Never Be,"Jimmy Page, Robert Plant",0.99
8,Music,What Is And What Should Never Be,"Jimmy Page, Robert Plant",0.99
8,Music,What Is It About Men,"""Delroy """"Chris"""" Cooper",0.0
1,Music,What Is It About Men,"""Delroy """"Chris"""" Cooper",0.0
8,Music,What It Takes,"Steven Tyler, Joe Perry, Desmond Child",0.99
1,Music,What It Takes,"Steven Tyler, Joe Perry, Desmond Child",0.99
8,Music,What Now My Love,carl sigman/gilbert becaud/pierre leroyer,0.99
1,Music,What Now My Love,carl sigman/gilbert becaud/pierre leroyer,0.99
8,Music,What You Are,Audioslave/Chris Cornell,0.0
1,Music,What You Are,Audioslave/Chris Cornell,0.0
8,Music,What is and Should Never Be,Jimmy Page/Robert Plant,0.0
1,Music,What is and Should Never Be,Jimmy Page/Robert Plant,0.0
1,Music,Whatever Gets You Thru the Night,,0.99
8,Music,Whatever Gets You Thru the Night,,0.99
8,Music,"Whatever It Is, I Just Can't Stop","Jay Kay/Kay, Jay",1.98
1,Music,"Whatever It Is, I Just Can't Stop","Jay Kay/Kay, Jay",1.98
1,Music,Whatsername,Green Day,1.98
8,Music,Whatsername,Green Day,1.98
1,Music,Wheels Of Confusion / The Straightener,"Tony Iommi, Bill Ward, Geezer Butler, Ozzy Osbourne",0.0
8,Music,Wheels Of Confusion / The Straightener,"Tony Iommi, Bill Ward, Geezer Butler, Ozzy Osbourne",0.0
8,Music,When Evening Falls,,0.99
1,Music,When Evening Falls,,0.99
1,Music,When I Come Around,Billie Joe Armstrong -Words Green Day -Music,1.98
8,Music,When I Come Around,Billie Joe Armstrong -Words Green Day -Music,1.98
8,Music,When I Had Your Love,"""Robert Rogers/Warren """"Pete"""" Moore/William """"Mickey"""" Stevenson""",0.99
1,Music,When I Had Your Love,"""Robert Rogers/Warren """"Pete"""" Moore/William """"Mickey"""" Stevenson""",0.99
1,Music,When I Look At The World,"Adam Clayton, Bono, Larry Mullen, The Edge",1.98
8,Music,When I Look At The World,"Adam Clayton, Bono, Larry Mullen, The Edge",1.98
8,Music,When I Was A Child,"Jimmy Page, Robert Plant, Charlie Jones, Michael Lee",0.0
1,Music,When I Was A Child,"Jimmy Page, Robert Plant, Charlie Jones, Michael Lee",0.0
8,Music,When It's Love,"Edward Van Halen, Alex Van Halen, Michael Anthony,/Edward Van Halen, Alex Van Halen, Michael Anthony, Sammy Hagar",0.0
1,Music,When It's Love,"Edward Van Halen, Alex Van Halen, Michael Anthony,/Edward Van Halen, Alex Van Halen, Michael Anthony, Sammy Hagar",0.0
1,Music,When Love & Hate Collide,,0.99
8,Music,When Love & Hate Collide,,0.99
8,Music,When Love Comes To Town,U2,0.99
8,Music,When Love Comes To Town,"Bono/Clayton, Adam/Mullen Jr., Larry/The Edge",0.99
1,Music,When Love Comes To Town,U2,0.99
1,Music,When Love Comes To Town,"Bono/Clayton, Adam/Mullen Jr., Larry/The Edge",0.99
1,Music,When My Left Eye Jumps,Al Perkins/Willie Dixon,1.98
8,Music,When My Left Eye Jumps,Al Perkins/Willie Dixon,1.98
1,Music,When The Levee Breaks,"Jimmy Page, Robert Plant, John Paul Jones, John Bonham, Memphis Minnie",0.99
8,Music,When The Levee Breaks,"Jimmy Page, Robert Plant, John Paul Jones, John Bonham, Memphis Minnie",0.99
1,Music,When The World Was Young,"Jimmy Page, Robert Plant, Charlie Jones, Michael Lee",0.99
8,Music,When The World Was Young,"Jimmy Page, Robert Plant, Charlie Jones, Michael Lee",0.99
1,Music,When Two Worlds Collide,Blaze Bayley/David Murray/Steve Harris,0.0
8,Music,When Two Worlds Collide,Blaze Bayley/David Murray/Steve Harris,0.0
1,Music,When You Gonna Learn (Digeridoo),"Jay Kay/Kay, Jay",0.99
8,Music,When You Gonna Learn (Digeridoo),"Jay Kay/Kay, Jay",0.99
8,Music,Where Did I Go Wrong,,0.0
1,Music,Where Did I Go Wrong,,0.0
1,Music,Where Eagles Dare,Steve Harris,1.98
8,Music,Where Eagles Dare,Steve Harris,1.98
8,Music,Where Eagles Dare,Steve Harris,0.99
1,Music,Where Eagles Dare,Steve Harris,0.99
8,Music,Where Have All The Good Times Gone?,Ray Davies,0.99
1,Music,Where Have All The Good Times Gone?,Ray Davies,0.99
8,Music,Where The River Goes,D. DeLeo/Kretz/Weiland,0.99
1,Music,Where The River Goes,D. DeLeo/Kretz/Weiland,0.99
1,Music,Where The Streets Have No Name,U2,0.0
8,Music,Where The Streets Have No Name,U2,0.0
1,Music,Where The Wild Things Are,"Hetfield, Ulrich, Newsted",0.99
8,Music,Where The Wild Things Are,"Hetfield, Ulrich, Newsted",0.99
1,Music,Wherever I Lay My Hat,,0.0
8,Music,Wherever I Lay My Hat,,0.0
1,Music,Wherever I May Roam,Ulrich,0.0
8,Music,Wherever I May Roam,Ulrich,0.0
8,Music,Wherever I May Roam,Apocalyptica,0.0
1,Music,Wherever I May Roam,Apocalyptica,0.0
1,Music,Wherever You May Go,David Coverdale,0.99
8,Music,Wherever You May Go,David Coverdale,0.99
1,Music,Whiplash,"James Hetfield, Lars Ulrich",0.99
8,Music,Whiplash,"James Hetfield, Lars Ulrich",0.99
1,Music,Whiskey In The Jar,Traditional,1.98
8,Music,Whiskey In The Jar,Traditional,1.98
1,Music,Whistle Stop,,0.0
8,Music,Whistle Stop,,0.0
1,Music,White Feather,"Kelly, Mosley, Rothery, Trewaves",0.99
8,Music,White Feather,"Kelly, Mosley, Rothery, Trewaves",0.99
1,Music,White Riot,Joe Strummer/Mick Jones,0.99
8,Music,White Riot,Joe Strummer/Mick Jones,0.99
8,Music,White Room,Bruce/Clapton,0.0
1,Music,White Room,Bruce/Clapton,0.0
8,Music,Who Are You (Single Edit Version),John Entwistle/Pete Townshend,0.0
1,Music,Who Are You (Single Edit Version),John Entwistle/Pete Townshend,0.0
1,Music,Who Can It Be Now?,,0.0
8,Music,Who Can It Be Now?,,0.0
8,Music,Who Needs You,Deacon,0.99
1,Music,Who Needs You,Deacon,0.99
8,Music,Who Wants To Live Forever,Brian May,0.99
1,Music,Who Wants To Live Forever,Brian May,0.99
8,Music,Who'll Stop The Rain,J. C. Fogerty,0.99
1,Music,Who'll Stop The Rain,J. C. Fogerty,0.99
8,Music,Who's Gonna Ride Your Wild Horses,U2,0.0
1,Music,Who's Gonna Ride Your Wild Horses,U2,0.0
8,Music,Whole Lotta Love,"Jimmy Page, Robert Plant, John Paul Jones, John Bonham",0.99
1,Music,Whole Lotta Love,"Jimmy Page, Robert Plant, John Paul Jones, John Bonham",0.99
8,Music,Whole Lotta Love,John Bonham/John Paul Jones/Robert Plant/Willie Dixon,0.0
1,Music,Whole Lotta Love,Jimmy Page/John Bonham/John Paul Jones/Robert Plant/Willie Dixon,0.0
8,Music,Whole Lotta Love,Jimmy Page/John Bonham/John Paul Jones/Robert Plant/Willie Dixon,0.0
1,Music,Whole Lotta Love,John Bonham/John Paul Jones/Robert Plant/Willie Dixon,0.0
8,Music,Whole Lotta Love (Medley),Arthur Crudup/Bernard Besman/Bukka White/Doc Pomus/John Bonham/John Lee Hooker/John Paul Jones/Mort Shuman/Robert Plant/Willie Dixon,0.99
1,Music,Whole Lotta Love (Medley),Arthur Crudup/Bernard Besman/Bukka White/Doc Pomus/John Bonham/John Lee Hooker/John Paul Jones/Mort Shuman/Robert Plant/Willie Dixon,0.99
1,Music,Whole Lotta Rosie,AC/DC,0.0
8,Music,Whole Lotta Rosie,AC/DC,0.0
8,Music,Why Can't This Be Love,Van Halen,0.0
1,Music,Why Can't This Be Love,Van Halen,0.0
8,Music,Why Go,Jeff Ament,0.99
1,Music,Why Go,Jeff Ament,0.99
8,Music,Wicked Garden,D. DeLeo/R. DeLeo/Weiland,0.0
1,Music,Wicked Garden,D. DeLeo/R. DeLeo/Weiland,0.0
8,Music,Wicked Ways,"Blackmore, Glover, Turner, Lord, Paice",0.0
1,Music,Wicked Ways,"Blackmore, Glover, Turner, Lord, Paice",0.0
8,Music,Wide Awake,,0.0
1,Music,Wide Awake,,0.0
1,Music,Wild Flower,,0.0
8,Music,Wild Flower,,0.0
1,Music,Wild Hearted Son,,0.99
8,Music,Wild Hearted Son,,0.99
8,Music,Wild Honey,"Adam Clayton, Bono, Larry Mullen, The Edge",0.0
1,Music,Wild Honey,"Adam Clayton, Bono, Larry Mullen, The Edge",0.0
1,Music,Wild Side,Nikki Sixx/Tommy Lee/Vince Neil,0.99
8,Music,Wild Side,Nikki Sixx/Tommy Lee/Vince Neil,0.99
1,Music,Wildest Dreams,Adrian Smith/Steve Harris,0.99
8,Music,Wildest Dreams,Adrian Smith/Steve Harris,0.99
1,Music,Wind Up,"Dave, Taylor, Nate, Chris",0.0
8,Music,Wind Up,"Dave, Taylor, Nate, Chris",0.0
8,Music,Wind of Change,,0.0
1,Music,Wind of Change,,0.0
1,Music,Winterlong,Billy Corgan,0.99
8,Music,Winterlong,Billy Corgan,0.99
8,Music,Wiser Time,Chris Robinson/Rich Robinson,0.0
1,Music,Wiser Time,Chris Robinson/Rich Robinson,0.0
1,Music,Wishing It Was,"Eale-Eye Cherry, M. Simpson, J. King & M. Nishita",0.0
8,Music,Wishing It Was,"Eale-Eye Cherry, M. Simpson, J. King & M. Nishita",0.0
1,Music,With Or Without You,U2,0.99
8,Music,With Or Without You,U2,0.99
8,Music,Without You,Van Halen,0.0
1,Music,Without You,Van Halen,0.0
1,Music,Without You,Mick Mars/Nikki Sixx,0.0
8,Music,Without You,Mick Mars/Nikki Sixx,0.0
8,Music,Woman Of The World (Ao Vivo),,1.98
1,Music,Woman Of The World (Ao Vivo),,1.98
1,Music,Women In Uniform,Greg Macainsh,0.99
8,Music,Women In Uniform,Greg Macainsh,0.99
8,Music,Won't Get Fooled Again (Full Length Version),John Entwistle/Pete Townshend,0.99
1,Music,Won't Get Fooled Again (Full Length Version),John Entwistle/Pete Townshend,0.99
8,Music,Wonderful Tonight,Clapton,0.99
1,Music,Wonderful Tonight,Clapton,0.99
8,Music,Wooden Jesus,,0.0
1,Music,Wooden Jesus,,0.0
8,Music,Woodpecker From Mars,Faith No More,0.99
1,Music,Woodpecker From Mars,Faith No More,0.99
8,Music,Working Class Hero,,0.0
1,Music,Working Class Hero,,0.0
1,Music,World Leader Pretend,Bill Berry-Peter Buck-Mike Mills-Michael Stipe,0.0
8,Music,World Leader Pretend,Bill Berry-Peter Buck-Mike Mills-Michael Stipe,0.0
1,Music,World Of Trouble,,0.0
8,Music,World Of Trouble,,0.0
8,Music,World Wide Suicide,Eddie Vedder,0.99
1,Music,World Wide Suicide,Eddie Vedder,0.99
8,Music,Wrapped Around Your Finger,G M Sumner,0.0
1,Music,Wrapped Around Your Finger,G M Sumner,0.0
8,Music,Wrathchild,Steve Harris,0.0
8,Music,Wrathchild,Steve Harris,0.99
8,Music,Wrathchild,Steve Harris,0.0
8,Music,Wrathchild,Steve Harris,0.0
1,Music,Wrathchild,Steve Harris,0.0
1,Music,Wrathchild,Steve Harris,0.0
1,Music,Wrathchild,,0.99
8,Music,Wrathchild,,0.99
1,Music,Wrathchild,Steve Harris,0.99
1,Music,Wrathchild,Steve Harris,0.0
1,Music,Wrote A Song For Everyone,J.C. Fogerty,0.99
8,Music,Wrote A Song For Everyone,J.C. Fogerty,0.99
8,Music,X-9 2001,,0.99
1,Music,X-9 2001,,0.99
1,Music,Xanadu,Geddy Lee And Alex Lifeson/Geddy Lee And Neil Peart/Rush,0.99
8,Music,Xanadu,Geddy Lee And Alex Lifeson/Geddy Lee And Neil Peart/Rush,0.99
1,Music,Xote Dos Milagres,,0.99
8,Music,Xote Dos Milagres,,0.99
8,Music,Yahweh,"Adam Clayton, Bono, Larry Mullen & The Edge",0.99
1,Music,Yahweh,"Adam Clayton, Bono, Larry Mullen & The Edge",0.99
1,Music,Year to the Day,Van Halen,1.98
8,Music,Year to the Day,Van Halen,1.98
1,Music,Yesterday To Tomorrow,"Cornell, Commerford, Morello, Wilk",0.99
8,Music,Yesterday To Tomorrow,"Cornell, Commerford, Morello, Wilk",0.99
1,Music,Yesterdays,Billy/Del James/W. Axl Rose/West Arkeen,0.99
8,Music,Yesterdays,Billy/Del James/W. Axl Rose/West Arkeen,0.99
8,Music,You Ain't the First,,0.99
1,Music,You Ain't the First,,0.99
1,Music,You Are,Matt Cameron,0.0
8,Music,You Are,Matt Cameron,0.0
8,Music,You Are The Everything,Bill Berry-Peter Buck-Mike Mills-Michael Stipe,0.99
1,Music,You Are The Everything,Bill Berry-Peter Buck-Mike Mills-Michael Stipe,0.99
8,Music,You Better You Bet,Pete Townshend,1.98
1,Music,You Better You Bet,Pete Townshend,1.98
1,Music,You Can't Do it Right (With the One You Love),D.Coverdale/G.Hughes/Glenn Hughes/R.Blackmore/Ritchie Blackmore,0.99
8,Music,You Can't Do it Right (With the One You Love),D.Coverdale/G.Hughes/Glenn Hughes/R.Blackmore/Ritchie Blackmore,0.99
1,Music,You Could Be Mine,Izzy Stradlin'/W. Axl Rose,0.99
8,Music,You Could Be Mine,Izzy Stradlin'/W. Axl Rose,0.99
8,Music,You Fool No One,Coverdale/Lord/Paice,0.99
1,Music,You Fool No One,Coverdale/Lord/Paice,0.99
1,Music,You Fool No One (Alternate Version),Blackmore/Coverdale/Lord/Paice,0.0
8,Music,You Fool No One (Alternate Version),Blackmore/Coverdale/Lord/Paice,0.0
1,Music,You Got Me Rocking,Jagger/Richards,0.99
1,Music,You Got Me Rocking,Jagger/Richards,0.99
8,Music,You Got Me Rocking,Jagger/Richards,0.99
8,Music,You Got Me Rocking,Jagger/Richards,0.99
8,Music,You Got No Right,"Dave Kushner, Duff, Matt Sorum, Scott Weiland & Slash",0.0
1,Music,You Got No Right,"Dave Kushner, Duff, Matt Sorum, Scott Weiland & Slash",0.0
8,Music,You Keep On Moving,Coverdale/Hughes,0.99
1,Music,You Keep On Moving,Coverdale/Hughes,0.99
1,Music,You Know I'm No Good,,0.99
8,Music,You Know I'm No Good,,0.99
8,Music,You Know I'm No Good (feat. Ghostface Killah),,0.99
1,Music,You Know I'm No Good (feat. Ghostface Killah),,0.99
8,Music,You Know My Name,Chris Cornell,0.0
1,Music,You Know My Name,Chris Cornell,0.0
8,Music,You Learn,Alanis Morissette & Glenn Ballard,0.99
1,Music,You Learn,Alanis Morissette & Glenn Ballard,0.99
1,Music,You Oughta Know,Alanis Morissette & Glenn Ballard,0.99
8,Music,You Oughta Know,Alanis Morissette & Glenn Ballard,0.99
8,Music,You Oughta Know (Alternate),Alanis Morissette & Glenn Ballard,0.0
1,Music,You Oughta Know (Alternate),Alanis Morissette & Glenn Ballard,0.0
8,Music,You Really Got Me,Ray Davies,0.99
1,Music,You Really Got Me,Ray Davies,0.99
8,Music,You Sent Me Flying / Cherry,,0.0
1,Music,You Sent Me Flying / Cherry,,0.0
8,Music,You Shook Me,J B Lenoir/Willie Dixon,0.0
8,Music,You Shook Me,J. B. Lenoir/Willie Dixon,0.99
1,Music,You Shook Me,J. B. Lenoir/Willie Dixon,0.99
1,Music,You Shook Me,J B Lenoir/Willie Dixon,0.0
1,Music,You Shook Me(2),J B Lenoir/Willie Dixon,0.99
8,Music,You Shook Me(2),J B Lenoir/Willie Dixon,0.99
8,Music,You Sure Love To Ball,Marvin Gaye,0.99
1,Music,You Sure Love To Ball,Marvin Gaye,0.99
8,Music,You're Crazy,,0.0
1,Music,You're Crazy,,0.0
1,Music,You're Gonna Break My Hart Again,Sykes,0.99
8,Music,You're Gonna Break My Hart Again,Sykes,0.99
1,Music,You're My Best Friend,"Deacon, John",1.98
8,Music,You're My Best Friend,"Deacon, John",1.98
8,Music,You're What's Happening (In The World Today),Allen Story/George Gordy/Robert Gordy,0.0
1,Music,You're What's Happening (In The World Today),Allen Story/George Gordy/Robert Gordy,0.0
1,Music,You've Been A Long Time Coming,Brian Holland/Eddie Holland/Lamont Dozier,0.99
8,Music,You've Been A Long Time Coming,Brian Holland/Eddie Holland/Lamont Dozier,0.99
1,Music,You've Got Another Thing Comin',,1.98
8,Music,You've Got Another Thing Comin',,1.98
1,Music,You've Got It,Mick Hucknall and Lamont Dozier,0.0
8,Music,You've Got It,Mick Hucknall and Lamont Dozier,0.0
1,Music,Your Blue Room,"Brian Eno, Bono, Adam Clayton, The Edge & Larry Mullen Jnr.",0.99
8,Music,Your Blue Room,"Brian Eno, Bono, Adam Clayton, The Edge & Larry Mullen Jnr.",0.99
8,Music,Your Mirror,Mick Hucknall,0.0
1,Music,Your Mirror,Mick Hucknall,0.0
1,Music,Your Savior,,0.0
8,Music,Your Savior,,0.0
8,Music,Your Soul Today,Chris Cornell,0.0
1,Music,Your Soul Today,Chris Cornell,0.0
8,Music,Your Time Has Come,"Cornell, Commerford, Morello, Wilk",0.99
1,Music,Your Time Has Come,"Cornell, Commerford, Morello, Wilk",0.99
1,Music,Your Time Is Gonna Come,Jimmy Page/John Paul Jones,0.99
8,Music,Your Time Is Gonna Come,"Page, Jones",0.99
8,Music,Your Time Is Gonna Come,Jimmy Page/John Paul Jones,0.99
1,Music,Your Time Is Gonna Come,"Page, Jones",0.99
1,Music,Zambação,,0.99
8,Music,Zambação,,0.99
8,Music,Zeca Violeiro,,0.99
1,Music,Zeca Violeiro,,0.99
8,Music,Zero,Billy Corgan,0.0
1,Music,Zero,Billy Corgan,0.0
8,Music,ZeroVinteUm,,0.0
1,Music,ZeroVinteUm,,0.0
1,Music,Zither,Bill Berry-Peter Buck-Mike Mills-Michael Stipe,0.99
8,Music,Zither,Bill Berry-Peter Buck-Mike Mills-Michael Stipe,0.99
1,Music,Zombie Eaters,Faith No More,0.0
8,Music,Zombie Eaters,Faith No More,0.0
1,Music,Zoo Station,U2,0.0
8,Music,Zoo Station,U2,0.0
8,Music,Zooropa,U2; Bono,0.99
1,Music,Zooropa,U2; Bono,0.99
1,Music,Zé Trindade,Samuel Rosa,0.99
8,Music,Zé Trindade,Samuel Rosa,0.99
1,Music,[Just Like] Starting Over,,0.99
8,Music,[Just Like] Starting Over,,0.99
1,Music,[Untitled],Billy Corgan,0.99
8,Music,[Untitled],Billy Corgan,0.99
8,Music,À Francesa,,0.0
1,Music,À Francesa,,0.0
8,Music,À Vontade (Live Mix),Bombom/Ed Motta,0.0
1,Music,À Vontade (Live Mix),Bombom/Ed Motta,0.0
1,Music,Às Vezes,,0.99
8,Music,Às Vezes,,0.99
8,Music,Água E Fogo,Chico Amaral/Edgard Scandurra/Samuel Rosa,0.99
1,Music,Água E Fogo,Chico Amaral/Edgard Scandurra/Samuel Rosa,0.99
8,Music,Água de Beber,Antonio Carlos Jobim/Vinicius de Moraes,0.99
1,Music,Água de Beber,Antonio Carlos Jobim/Vinicius de Moraes,0.99
1,Music,Álibi,,1.98
8,Music,Álibi,,1.98
1,Music,É Fogo,Mônica Marianno,0.99
8,Music,É Fogo,Mônica Marianno,0.99
1,Music,É Preciso Saber Viver,Erasmo Carlos/Roberto Carlos,0.0
8,Music,É Preciso Saber Viver,Erasmo Carlos/Roberto Carlos,0.0
8,Music,É Uma Partida De Futebol,Samuel Rosa,0.0
1,Music,É Uma Partida De Futebol,Samuel Rosa,0.0
1,Music,É que Nessa Encarnação Eu Nasci Manga,Lucina/Luli,0.0
8,Music,É que Nessa Encarnação Eu Nasci Manga,Lucina/Luli,0.0
1,Music,"Étude 1, In C Major - Preludio (Presto) - Liszt",,0.99
8,Music,"Étude 1, In C Major - Preludio (Presto) - Liszt",,0.99
8,Music,Óculos,,0.99
1,Music,Óculos,,0.99
8,Music,Óia Eu Aqui De Novo,,0.0
1,Music,Óia Eu Aqui De Novo,,0.0
8,Music,Último Pau-De-Arara,Corumbá/José Gumarães/Venancio,0.0
1,Music,Último Pau-De-Arara,Corumbá/José Gumarães/Venancio,0.0
9,Music Videos,"""Band Members Discuss Tracks from """"Revelations""""""",,0.0
18,On-The-Go 1,Now's The Time,Miles Davis,0.0
10,TV Shows,"""""""?""""""",,1.99
3,TV Shows,"""""""?""""""",,1.99
3,TV Shows,...And Found,,1.99
10,TV Shows,...And Found,,1.99
10,TV Shows,...In Translation,,0.0
3,TV Shows,...In Translation,,0.0
10,TV Shows,.07%,,0.0
3,TV Shows,.07%,,0.0
3,TV Shows,"A Benihana Christmas, Pts. 1 & 2",,1.99
10,TV Shows,"A Benihana Christmas, Pts. 1 & 2",,1.99
10,TV Shows,A Day In the Life,,1.99
3,TV Shows,A Day In the Life,,1.99
10,TV Shows,A Measure of Salvation,,0.0
3,TV Shows,A Measure of Salvation,,0.0
10,TV Shows,A Tale of Two Cities,,0.0
3,TV Shows,A Tale of Two Cities,,0.0
10,TV Shows,Abandoned,,0.0
3,TV Shows,Abandoned,,0.0
10,TV Shows,Adrift,,1.99
3,TV Shows,Adrift,,1.99
10,TV Shows,All the Best Cowboys Have Daddy Issues,,0.0
3,TV Shows,All the Best Cowboys Have Daddy Issues,,0.0
3,TV Shows,Back from Vacation,,1.99
10,TV Shows,Back from Vacation,,1.99
3,TV Shows,Baltar's Escape,,1.99
10,TV Shows,Baltar's Escape,,1.99
10,TV Shows,Basketball,,0.0
3,TV Shows,Basketball,,0.0
3,TV Shows,"Battlestar Galactica, Pt. 1",,1.99
10,TV Shows,"Battlestar Galactica, Pt. 1",,1.99
3,TV Shows,"Battlestar Galactica, Pt. 2",,1.99
10,TV Shows,"Battlestar Galactica, Pt. 2",,1.99
3,TV Shows,"Battlestar Galactica, Pt. 3",,0.0
10,TV Shows,"Battlestar Galactica, Pt. 3",,0.0
3,TV Shows,Battlestar Galactica: The Story So Far,,0.0
10,TV Shows,Battlestar Galactica: The Story So Far,,0.0
10,TV Shows,Beach Games,,0.0
3,TV Shows,Beach Games,,0.0
10,TV Shows,Ben Franklin,,0.0
3,TV Shows,Ben Franklin,,0.0
10,TV Shows,Better Halves,,1.99
3,TV Shows,Better Halves,,1.99
10,TV Shows,Booze Cruise,,0.0
3,TV Shows,Booze Cruise,,0.0
10,TV Shows,Born to Run,,1.99
3,TV Shows,Born to Run,,1.99
3,TV Shows,Boys and Girls,,0.0
10,TV Shows,Boys and Girls,,0.0
3,TV Shows,Branch Closing,,1.99
10,TV Shows,Branch Closing,,1.99
3,TV Shows,Branch Closing,,1.99
10,TV Shows,Branch Closing,,1.99
3,TV Shows,Business School,,0.0
10,TV Shows,Business School,,0.0
3,TV Shows,Cabin Fever,,0.0
10,TV Shows,Cabin Fever,,0.0
10,TV Shows,Casino Night - Season Finale,,0.0
3,TV Shows,Casino Night - Season Finale,,0.0
3,TV Shows,Catch-22,,1.99
10,TV Shows,Catch-22,,1.99
3,TV Shows,Christmas Party,,1.99
10,TV Shows,Christmas Party,,1.99
3,TV Shows,Cocktails,,0.0
10,TV Shows,Cocktails,,0.0
10,TV Shows,Collaborators,,1.99
3,TV Shows,Collaborators,,1.99
10,TV Shows,Collision,,0.0
3,TV Shows,Collision,,0.0
3,TV Shows,Collision,,0.0
10,TV Shows,Collision,,0.0
10,TV Shows,Company Man,,0.0
10,TV Shows,Company Man,,1.99
3,TV Shows,Company Man,,0.0
3,TV Shows,Company Man,,1.99
3,TV Shows,Confidence Man,,0.0
10,TV Shows,Confidence Man,,0.0
10,TV Shows,Confirmed Dead,,0.0
3,TV Shows,Confirmed Dead,,0.0
10,TV Shows,Conflict Resolution,,0.0
3,TV Shows,Conflict Resolution,,0.0
10,TV Shows,"Crossroads, Pt. 1",,1.99
3,TV Shows,"Crossroads, Pt. 1",,1.99
10,TV Shows,"Crossroads, Pt. 2",,1.99
3,TV Shows,"Crossroads, Pt. 2",,1.99
10,TV Shows,D.O.C.,,0.0
3,TV Shows,D.O.C.,,0.0
3,TV Shows,Dave,,1.99
10,TV Shows,Dave,,1.99
10,TV Shows,Deus Ex Machina,,1.99
3,TV Shows,Deus Ex Machina,,1.99
10,TV Shows,Dirty Hands,,0.0
3,TV Shows,Dirty Hands,,0.0
3,TV Shows,Distractions,,1.99
10,TV Shows,Distractions,,1.99
10,TV Shows,Diversity Day,,1.99
3,TV Shows,Diversity Day,,1.99
10,TV Shows,Diwali,,1.99
3,TV Shows,Diwali,,1.99
3,TV Shows,Do No Harm,,0.0
10,TV Shows,Do No Harm,,0.0
3,TV Shows,Don't Look Back,,0.0
10,TV Shows,Don't Look Back,,0.0
10,TV Shows,Drug Testing,,0.0
3,TV Shows,Drug Testing,,0.0
3,TV Shows,Dwight's Speech,,0.0
10,TV Shows,Dwight's Speech,,0.0
10,TV Shows,Eggtown,,0.0
3,TV Shows,Eggtown,,0.0
3,TV Shows,Email Surveillance,,1.99
10,TV Shows,Email Surveillance,,1.99
10,TV Shows,Enter 77,,1.99
3,TV Shows,Enter 77,,1.99
3,TV Shows,Every Man for Himself,,0.0
10,TV Shows,Every Man for Himself,,0.0
10,TV Shows,Everybody Hates Hugo,,0.0
3,TV Shows,Everybody Hates Hugo,,0.0
10,TV Shows,Exodus (Part 1),,0.0
3,TV Shows,Exodus (Part 1),,0.0
3,TV Shows,Exodus (Part 2) [Season Finale],,1.99
10,TV Shows,Exodus (Part 2) [Season Finale],,1.99
10,TV Shows,Exodus (Part 3) [Season Finale],,0.0
3,TV Shows,Exodus (Part 3) [Season Finale],,0.0
10,TV Shows,"Exodus, Pt. 1",,1.99
3,TV Shows,"Exodus, Pt. 1",,1.99
3,TV Shows,"Exodus, Pt. 2",,1.99
10,TV Shows,"Exodus, Pt. 2",,1.99
10,TV Shows,Experiment In Terra,,1.99
3,TV Shows,Experiment In Terra,,1.99
3,TV Shows,Exposé,,1.99
10,TV Shows,Exposé,,1.99
10,TV Shows,Fallout,,0.0
3,TV Shows,Fallout,,0.0
3,TV Shows,Fire + Water,,1.99
10,TV Shows,Fire + Water,,1.99
3,TV Shows,Fire In Space,,0.0
10,TV Shows,Fire In Space,,0.0
10,TV Shows,Five Years Gone,,0.0
3,TV Shows,Five Years Gone,,0.0
10,TV Shows,Flashes Before Your Eyes,,0.0
3,TV Shows,Flashes Before Your Eyes,,0.0
3,TV Shows,Further Instructions,,0.0
10,TV Shows,Further Instructions,,0.0
10,TV Shows,Gay Witch Hunt,,3.98
3,TV Shows,Gay Witch Hunt,,3.98
3,TV Shows,Genesis,,1.99
10,TV Shows,Genesis,,1.99
3,TV Shows,Greatest Hits,,0.0
10,TV Shows,Greatest Hits,,0.0
10,TV Shows,"Greetings from Earth, Pt. 1",,1.99
3,TV Shows,"Greetings from Earth, Pt. 1",,1.99
3,TV Shows,"Greetings from Earth, Pt. 2",,1.99
10,TV Shows,"Greetings from Earth, Pt. 2",,1.99
10,TV Shows,Grief Counseling,,0.0
3,TV Shows,Grief Counseling,,0.0
10,TV Shows,Halloween,,1.99
3,TV Shows,Halloween,,1.99
3,TV Shows,Health Care,,0.0
10,TV Shows,Health Care,,0.0
10,TV Shows,Hearts and Minds,,0.0
3,TV Shows,Hearts and Minds,,0.0
10,TV Shows,Hero,,1.99
3,TV Shows,Hero,,1.99
3,TV Shows,Hiros,,0.0
10,TV Shows,Hiros,,0.0
3,TV Shows,Homecoming,,0.0
10,TV Shows,Homecoming,,0.0
3,TV Shows,Homecoming,,1.99
10,TV Shows,Homecoming,,1.99
10,TV Shows,Hot Girl,,3.98
3,TV Shows,Hot Girl,,3.98
3,TV Shows,House of the Rising Sun,,1.99
10,TV Shows,House of the Rising Sun,,1.99
3,TV Shows,How to Stop an Exploding Man,,3.98
10,TV Shows,How to Stop an Exploding Man,,3.98
10,TV Shows,I Do,,1.99
3,TV Shows,I Do,,1.99
10,TV Shows,Ji Yeon,,1.99
3,TV Shows,Ji Yeon,,1.99
10,TV Shows,LOST In 8:15,,0.0
3,TV Shows,LOST In 8:15,,0.0
10,TV Shows,LOST Season 4 Trailer,,0.0
3,TV Shows,LOST Season 4 Trailer,,0.0
3,TV Shows,Landslide,,0.0
10,TV Shows,Landslide,,0.0
10,TV Shows,Left Behind,,0.0
3,TV Shows,Left Behind,,0.0
3,TV Shows,"Live Together, Die Alone, Pt. 1",,1.99
10,TV Shows,"Live Together, Die Alone, Pt. 1",,1.99
3,TV Shows,"Live Together, Die Alone, Pt. 2",,0.0
10,TV Shows,"Live Together, Die Alone, Pt. 2",,0.0
10,TV Shows,Lockdown,,0.0
3,TV Shows,Lockdown,,0.0
3,TV Shows,"Lost (Pilot, Part 1) [Premiere]",,0.0
10,TV Shows,"Lost (Pilot, Part 1) [Premiere]",,0.0
10,TV Shows,"Lost (Pilot, Part 2)",,0.0
3,TV Shows,"Lost (Pilot, Part 2)",,0.0
10,TV Shows,"Lost Planet of the Gods, Pt. 1",,1.99
3,TV Shows,"Lost Planet of the Gods, Pt. 1",,1.99
10,TV Shows,"Lost Planet of the Gods, Pt. 2",,1.99
3,TV Shows,"Lost Planet of the Gods, Pt. 2",,1.99
3,TV Shows,Lost Survival Guide,,1.99
10,TV Shows,Lost Survival Guide,,1.99
3,TV Shows,Maelstrom,,0.0
10,TV Shows,Maelstrom,,0.0
3,TV Shows,"Man of Science, Man of Faith (Premiere)",,1.99
10,TV Shows,"Man of Science, Man of Faith (Premiere)",,1.99
3,TV Shows,Maternity Leave,,0.0
10,TV Shows,Maternity Leave,,0.0
10,TV Shows,Meet Kevin Johnson,,1.99
3,TV Shows,Meet Kevin Johnson,,1.99
10,TV Shows,Michael's Birthday,,1.99
3,TV Shows,Michael's Birthday,,1.99
3,TV Shows,Murder On the Rising Star,,0.0
10,TV Shows,Murder On the Rising Star,,0.0
3,TV Shows,Not In Portland,,0.0
10,TV Shows,Not In Portland,,0.0
10,TV Shows,Not In Portland,,0.0
3,TV Shows,Not In Portland,,0.0
3,TV Shows,Nothing to Hide,,1.99
10,TV Shows,Nothing to Hide,,1.99
10,TV Shows,Numbers,,0.0
3,TV Shows,Numbers,,0.0
10,TV Shows,Occupation / Precipice,,1.99
3,TV Shows,Occupation / Precipice,,1.99
3,TV Shows,Office Olympics,,0.0
10,TV Shows,Office Olympics,,0.0
3,TV Shows,One Giant Leap,,1.99
10,TV Shows,One Giant Leap,,1.99
3,TV Shows,One of Them,,0.0
10,TV Shows,One of Them,,0.0
10,TV Shows,One of Us,,0.0
3,TV Shows,One of Us,,0.0
3,TV Shows,Orientation,,1.99
10,TV Shows,Orientation,,1.99
10,TV Shows,Outlaws,,1.99
3,TV Shows,Outlaws,,1.99
3,TV Shows,Par Avion,,1.99
10,TV Shows,Par Avion,,1.99
3,TV Shows,Parasite,,1.99
10,TV Shows,Parasite,,1.99
10,TV Shows,"Past, Present, and Future",,1.99
3,TV Shows,"Past, Present, and Future",,1.99
10,TV Shows,Performance Review,,0.0
3,TV Shows,Performance Review,,0.0
3,TV Shows,Phyllis's Wedding,,3.98
10,TV Shows,Phyllis's Wedding,,3.98
3,TV Shows,Pilot,,3.98
10,TV Shows,Pilot,,3.98
10,TV Shows,Producer's Cut: The Return,,1.99
3,TV Shows,Producer's Cut: The Return,,1.99
3,TV Shows,Product Recall,,0.0
10,TV Shows,Product Recall,,0.0
3,TV Shows,Raised By Another,,0.0
10,TV Shows,Raised By Another,,0.0
3,TV Shows,Rapture,,0.0
10,TV Shows,Rapture,,0.0
10,TV Shows,Run!,,0.0
3,TV Shows,Run!,,0.0
10,TV Shows,S.O.S.,,1.99
3,TV Shows,S.O.S.,,1.99
10,TV Shows,Safety Training,,1.99
3,TV Shows,Safety Training,,1.99
3,TV Shows,Seven Minutes to Midnight,,1.99
10,TV Shows,Seven Minutes to Midnight,,1.99
3,TV Shows,Sexual Harassment,,0.0
10,TV Shows,Sexual Harassment,,0.0
10,TV Shows,Six Months Ago,,0.0
3,TV Shows,Six Months Ago,,0.0
10,TV Shows,Solitary,,1.99
3,TV Shows,Solitary,,1.99
10,TV Shows,Something Nice Back Home,,1.99
3,TV Shows,Something Nice Back Home,,1.99
3,TV Shows,Special,,0.0
10,TV Shows,Special,,0.0
3,TV Shows,Stranger In a Strange Land,,1.99
10,TV Shows,Stranger In a Strange Land,,1.99
3,TV Shows,Tabula Rasa,,0.0
10,TV Shows,Tabula Rasa,,0.0
10,TV Shows,Take Your Daughter to Work Day,,0.0
3,TV Shows,Take Your Daughter to Work Day,,0.0
10,TV Shows,Take the Celestra,,1.99
3,TV Shows,Take the Celestra,,1.99
3,TV Shows,Taking a Break from All Your Worries,,0.0
10,TV Shows,Taking a Break from All Your Worries,,0.0
3,TV Shows,The 23rd Psalm,,1.99
10,TV Shows,The 23rd Psalm,,1.99
3,TV Shows,The Alliance,,0.0
10,TV Shows,The Alliance,,0.0
10,TV Shows,The Beginning of the End,,1.99
3,TV Shows,The Beginning of the End,,1.99
10,TV Shows,The Brig,,0.0
3,TV Shows,The Brig,,0.0
3,TV Shows,The Carpet,,1.99
10,TV Shows,The Carpet,,1.99
3,TV Shows,The Client,,0.0
10,TV Shows,The Client,,0.0
10,TV Shows,The Constant,,0.0
3,TV Shows,The Constant,,0.0
3,TV Shows,The Convention,,1.99
10,TV Shows,The Convention,,1.99
10,TV Shows,The Convict,,1.99
3,TV Shows,The Convict,,1.99
3,TV Shows,The Cost of Living,,0.0
10,TV Shows,The Cost of Living,,0.0
3,TV Shows,The Coup,,1.99
10,TV Shows,The Coup,,1.99
3,TV Shows,The Dundies,,1.99
10,TV Shows,The Dundies,,1.99
3,TV Shows,The Economist,,1.99
10,TV Shows,The Economist,,1.99
3,TV Shows,The Eye of Jupiter,,0.0
10,TV Shows,The Eye of Jupiter,,0.0
3,TV Shows,The Fight,,0.0
10,TV Shows,The Fight,,0.0
3,TV Shows,The Fire,,0.0
10,TV Shows,The Fire,,0.0
3,TV Shows,The Fix,,3.98
10,TV Shows,The Fix,,3.98
10,TV Shows,The Glass Ballerina,,1.99
3,TV Shows,The Glass Ballerina,,1.99
10,TV Shows,The Greater Good,,0.0
3,TV Shows,The Greater Good,,0.0
3,TV Shows,"The Gun On Ice Planet Zero, Pt. 1",,1.99
10,TV Shows,"The Gun On Ice Planet Zero, Pt. 1",,1.99
10,TV Shows,"The Gun On Ice Planet Zero, Pt. 2",,1.99
3,TV Shows,"The Gun On Ice Planet Zero, Pt. 2",,1.99
10,TV Shows,The Hand of God,,1.99
3,TV Shows,The Hand of God,,1.99
10,TV Shows,The Hard Part,,1.99
3,TV Shows,The Hard Part,,1.99
3,TV Shows,The Hunting Party,,0.0
10,TV Shows,The Hunting Party,,0.0
10,TV Shows,The Initiation,,1.99
3,TV Shows,The Initiation,,1.99
3,TV Shows,The Injury,,0.0
10,TV Shows,The Injury,,0.0
10,TV Shows,The Job,,1.99
3,TV Shows,The Job,,1.99
3,TV Shows,"The Living Legend, Pt. 1",,1.99
10,TV Shows,"The Living Legend, Pt. 1",,1.99
10,TV Shows,"The Living Legend, Pt. 2",,1.99
3,TV Shows,"The Living Legend, Pt. 2",,1.99
3,TV Shows,The Long Con,,1.99
10,TV Shows,The Long Con,,1.99
10,TV Shows,The Long Patrol,,1.99
3,TV Shows,The Long Patrol,,1.99
10,TV Shows,The Lost Warrior,,1.99
3,TV Shows,The Lost Warrior,,1.99
10,TV Shows,The Magnificent Warriors,,1.99
3,TV Shows,The Magnificent Warriors,,1.99
10,TV Shows,The Man Behind the Curtain,,1.99
3,TV Shows,The Man Behind the Curtain,,1.99
10,TV Shows,The Man With Nine Lives,,0.0
3,TV Shows,The Man With Nine Lives,,0.0
3,TV Shows,The Man from Tallahassee,,0.0
10,TV Shows,The Man from Tallahassee,,0.0
3,TV Shows,The Merger,,0.0
10,TV Shows,The Merger,,0.0
3,TV Shows,The Moth,,1.99
10,TV Shows,The Moth,,1.99
10,TV Shows,The Negotiation,,0.0
3,TV Shows,The Negotiation,,0.0
10,TV Shows,The Office: An American Workplace (Pilot),,0.0
3,TV Shows,The Office: An American Workplace (Pilot),,0.0
3,TV Shows,The Other 48 Days,,1.99
10,TV Shows,The Other 48 Days,,1.99
3,TV Shows,The Other Woman,,0.0
10,TV Shows,The Other Woman,,0.0
10,TV Shows,The Passage,,1.99
3,TV Shows,The Passage,,1.99
10,TV Shows,The Return,,0.0
3,TV Shows,The Return,,0.0
10,TV Shows,The Secret,,0.0
3,TV Shows,The Secret,,0.0
10,TV Shows,The Shape of Things to Come,,0.0
3,TV Shows,The Shape of Things to Come,,0.0
10,TV Shows,The Son Also Rises,,0.0
3,TV Shows,The Son Also Rises,,0.0
10,TV Shows,The Whole Truth,,1.99
3,TV Shows,The Whole Truth,,1.99
3,TV Shows,The Woman King,,3.98
10,TV Shows,The Woman King,,3.98
10,TV Shows,The Young Lords,,0.0
3,TV Shows,The Young Lords,,0.0
10,TV Shows,"There's No Place Like Home, Pt. 1",,0.0
3,TV Shows,"There's No Place Like Home, Pt. 1",,0.0
10,TV Shows,"There's No Place Like Home, Pt. 2",,0.0
3,TV Shows,"There's No Place Like Home, Pt. 2",,0.0
10,TV Shows,"There's No Place Like Home, Pt. 3",,1.99
3,TV Shows,"There's No Place Like Home, Pt. 3",,1.99
10,TV Shows,Three Minutes,,0.0
3,TV Shows,Three Minutes,,0.0
10,TV Shows,Through a Looking Glass,,1.99
3,TV Shows,Through a Looking Glass,,1.99
3,TV Shows,"Through the Looking Glass, Pt. 1",,1.99
10,TV Shows,"Through the Looking Glass, Pt. 1",,1.99
10,TV Shows,"Through the Looking Glass, Pt. 2",,0.0
3,TV Shows,"Through the Looking Glass, Pt. 2",,0.0
10,TV Shows,Torn,,0.0
3,TV Shows,Torn,,0.0
3,TV Shows,Traveling Salesmen,,0.0
10,TV Shows,Traveling Salesmen,,0.0
10,TV Shows,Tricia Tanaka Is Dead,,0.0
3,TV Shows,Tricia Tanaka Is Dead,,0.0
10,TV Shows,Two for the Road,,0.0
3,TV Shows,Two for the Road,,0.0
3,TV Shows,Unexpected,,0.0
10,TV Shows,Unexpected,,0.0
3,TV Shows,Unfinished Business,,1.99
10,TV Shows,Unfinished Business,,1.99
10,TV Shows,Valentine's Day,,0.0
3,TV Shows,Valentine's Day,,0.0
10,TV Shows,Walkabout,,3.98
3,TV Shows,Walkabout,,3.98
10,TV Shows,"War of the Gods, Pt. 1",,0.0
3,TV Shows,"War of the Gods, Pt. 1",,0.0
10,TV Shows,"War of the Gods, Pt. 2",,1.99
3,TV Shows,"War of the Gods, Pt. 2",,1.99
10,TV Shows,What Kate Did,,0.0
3,TV Shows,What Kate Did,,0.0
3,TV Shows,Whatever the Case May Be,,0.0
10,TV Shows,Whatever the Case May Be,,0.0
10,TV Shows,White Rabbit,,0.0
3,TV Shows,White Rabbit,,0.0
3,TV Shows,Women's Appreciation,,0.0
10,TV Shows,Women's Appreciation,,0.0
